Genesis 1:1	[]
Genesis 1:2	[]
Genesis 1:3	[]
Genesis 1:4	[]
Genesis 1:5	[]
Genesis 1:6	[]
Genesis 1:7	[]
Genesis 1:8	[]
Genesis 1:9	[]
Genesis 1:10	[]
Genesis 1:11	[]
Genesis 1:12	[]
Genesis 1:13	[]
Genesis 1:14	[]
Genesis 1:15	[]
Genesis 1:16	[]
Genesis 1:17	[]
Genesis 1:18	[]
Genesis 1:19	[]
Genesis 1:20	[]
Genesis 1:21	[]
Genesis 1:22	[]
Genesis 1:23	[]
Genesis 1:24	[]
Genesis 1:25	[]
Genesis 1:26	[]
Genesis 1:27	[]
Genesis 1:28	[]
Genesis 1:29	[true,true]
Genesis 1:30	[]
Genesis 1:31	[]
Genesis 2:1	[]
Genesis 2:2	[]
Genesis 2:3	[]
Genesis 2:4	[]
Genesis 2:5	[]
Genesis 2:6	[]
Genesis 2:7	[]
Genesis 2:8	[]
Genesis 2:9	[]
Genesis 2:10	[]
Genesis 2:11	[]
Genesis 2:12	[]
Genesis 2:13	[]
Genesis 2:14	[]
Genesis 2:15	[]
Genesis 2:16	[false]
Genesis 2:17	[false,false,false]
Genesis 2:18	[]
Genesis 2:19	[]
Genesis 2:20	[]
Genesis 2:21	[]
Genesis 2:22	[]
Genesis 2:23	[]
Genesis 2:24	[]
Genesis 2:25	[]
Genesis 3:1	[false]
Genesis 3:2	[]
Genesis 3:3	[true,true]
Genesis 3:4	[false]
Genesis 3:5	[true,true,true]
Genesis 3:6	[]
Genesis 3:7	[]
Genesis 3:8	[]
Genesis 3:9	[false]
Genesis 3:10	[false]
Genesis 3:11	[false,false,false,false]
Genesis 3:12	[false]
Genesis 3:13	[false]
Genesis 3:14	[false,false,false,false,false,false]
Genesis 3:15	[false,false,false,false]
Genesis 3:16	[false,false,false,false,false]
Genesis 3:17	[false,false,false,false,false,false]
Genesis 3:18	[false,false]
Genesis 3:19	[false,false,false,false,false,false,false]
Genesis 3:20	[]
Genesis 3:21	[]
Genesis 3:22	[]
Genesis 3:23	[]
Genesis 3:24	[]
Genesis 4:1	[]
Genesis 4:2	[]
Genesis 4:3	[]
Genesis 4:4	[]
Genesis 4:5	[]
Genesis 4:6	[false,false]
Genesis 4:7	[false,false,false,false,false,false]
Genesis 4:8	[]
Genesis 4:9	[false]
Genesis 4:10	[false,false]
Genesis 4:11	[false,false,false]
Genesis 4:12	[false,false,false]
Genesis 4:13	[]
Genesis 4:14	[false,false]
Genesis 4:15	[]
Genesis 4:16	[]
Genesis 4:17	[]
Genesis 4:18	[]
Genesis 4:19	[]
Genesis 4:20	[]
Genesis 4:21	[]
Genesis 4:22	[]
Genesis 4:23	[]
Genesis 4:24	[]
Genesis 4:25	[]
Genesis 4:26	[]
Genesis 5:1	[]
Genesis 5:2	[]
Genesis 5:3	[]
Genesis 5:4	[]
Genesis 5:5	[]
Genesis 5:6	[]
Genesis 5:7	[]
Genesis 5:8	[]
Genesis 5:9	[]
Genesis 5:10	[]
Genesis 5:11	[]
Genesis 5:12	[]
Genesis 5:13	[]
Genesis 5:14	[]
Genesis 5:15	[]
Genesis 5:16	[]
Genesis 5:17	[]
Genesis 5:18	[]
Genesis 5:19	[]
Genesis 5:20	[]
Genesis 5:21	[]
Genesis 5:22	[]
Genesis 5:23	[]
Genesis 5:24	[]
Genesis 5:25	[]
Genesis 5:26	[]
Genesis 5:27	[]
Genesis 5:28	[]
Genesis 5:29	[]
Genesis 5:30	[]
Genesis 5:31	[]
Genesis 5:32	[]
Genesis 6:1	[]
Genesis 6:2	[]
Genesis 6:3	[]
Genesis 6:4	[]
Genesis 6:5	[]
Genesis 6:6	[]
Genesis 6:7	[]
Genesis 6:8	[]
Genesis 6:9	[]
Genesis 6:10	[]
Genesis 6:11	[]
Genesis 6:12	[]
Genesis 6:13	[]
Genesis 6:14	[false]
Genesis 6:15	[false]
Genesis 6:16	[false]
Genesis 6:17	[]
Genesis 6:18	[false,false,false,false,false,false,false]
Genesis 6:19	[false,false]
Genesis 6:20	[false]
Genesis 6:21	[false,false,false]
Genesis 6:22	[]
Genesis 7:1	[false,false,false]
Genesis 7:2	[false,false]
Genesis 7:3	[]
Genesis 7:4	[]
Genesis 7:5	[]
Genesis 7:6	[]
Genesis 7:7	[]
Genesis 7:8	[]
Genesis 7:9	[]
Genesis 7:10	[]
Genesis 7:11	[]
Genesis 7:12	[]
Genesis 7:13	[]
Genesis 7:14	[]
Genesis 7:15	[]
Genesis 7:16	[]
Genesis 7:17	[]
Genesis 7:18	[]
Genesis 7:19	[]
Genesis 7:20	[]
Genesis 7:21	[]
Genesis 7:22	[]
Genesis 7:23	[]
Genesis 7:24	[]
Genesis 8:1	[]
Genesis 8:2	[]
Genesis 8:3	[]
Genesis 8:4	[]
Genesis 8:5	[]
Genesis 8:6	[]
Genesis 8:7	[]
Genesis 8:8	[]
Genesis 8:9	[]
Genesis 8:10	[]
Genesis 8:11	[]
Genesis 8:12	[]
Genesis 8:13	[]
Genesis 8:14	[]
Genesis 8:15	[]
Genesis 8:16	[false,false,false]
Genesis 8:17	[false]
Genesis 8:18	[]
Genesis 8:19	[]
Genesis 8:20	[]
Genesis 8:21	[]
Genesis 8:22	[]
Genesis 9:1	[]
Genesis 9:2	[true,true]
Genesis 9:3	[true,true,true]
Genesis 9:4	[false]
Genesis 9:5	[true]
Genesis 9:6	[]
Genesis 9:7	[true]
Genesis 9:8	[]
Genesis 9:9	[true,true,true]
Genesis 9:10	[true]
Genesis 9:11	[true]
Genesis 9:12	[true,true]
Genesis 9:13	[]
Genesis 9:14	[]
Genesis 9:15	[true]
Genesis 9:16	[]
Genesis 9:17	[]
Genesis 9:18	[]
Genesis 9:19	[]
Genesis 9:20	[]
Genesis 9:21	[]
Genesis 9:22	[]
Genesis 9:23	[]
Genesis 9:24	[]
Genesis 9:25	[]
Genesis 9:26	[]
Genesis 9:27	[]
Genesis 9:28	[]
Genesis 9:29	[]
Genesis 10:1	[]
Genesis 10:2	[]
Genesis 10:3	[]
Genesis 10:4	[]
Genesis 10:5	[]
Genesis 10:6	[]
Genesis 10:7	[]
Genesis 10:8	[]
Genesis 10:9	[]
Genesis 10:10	[]
Genesis 10:11	[]
Genesis 10:12	[]
Genesis 10:13	[]
Genesis 10:14	[]
Genesis 10:15	[]
Genesis 10:16	[]
Genesis 10:17	[]
Genesis 10:18	[]
Genesis 10:19	[]
Genesis 10:20	[]
Genesis 10:21	[]
Genesis 10:22	[]
Genesis 10:23	[]
Genesis 10:24	[]
Genesis 10:25	[]
Genesis 10:26	[]
Genesis 10:27	[]
Genesis 10:28	[]
Genesis 10:29	[]
Genesis 10:30	[]
Genesis 10:31	[]
Genesis 10:32	[]
Genesis 11:1	[]
Genesis 11:2	[]
Genesis 11:3	[]
Genesis 11:4	[]
Genesis 11:5	[]
Genesis 11:6	[]
Genesis 11:7	[]
Genesis 11:8	[]
Genesis 11:9	[]
Genesis 11:10	[]
Genesis 11:11	[]
Genesis 11:12	[]
Genesis 11:13	[]
Genesis 11:14	[]
Genesis 11:15	[]
Genesis 11:16	[]
Genesis 11:17	[]
Genesis 11:18	[]
Genesis 11:19	[]
Genesis 11:20	[]
Genesis 11:21	[]
Genesis 11:22	[]
Genesis 11:23	[]
Genesis 11:24	[]
Genesis 11:25	[]
Genesis 11:26	[]
Genesis 11:27	[]
Genesis 11:28	[]
Genesis 11:29	[]
Genesis 11:30	[]
Genesis 11:31	[]
Genesis 11:32	[]
Genesis 12:1	[false,false,false,false]
Genesis 12:2	[false,false,false,false]
Genesis 12:3	[false,false,false]
Genesis 12:4	[]
Genesis 12:5	[]
Genesis 12:6	[]
Genesis 12:7	[false]
Genesis 12:8	[]
Genesis 12:9	[]
Genesis 12:10	[]
Genesis 12:11	[false]
Genesis 12:12	[false,false]
Genesis 12:13	[false,false,false]
Genesis 12:14	[]
Genesis 12:15	[]
Genesis 12:16	[]
Genesis 12:17	[]
Genesis 12:18	[false,false,false]
Genesis 12:19	[false,false]
Genesis 12:20	[]
Genesis 13:1	[]
Genesis 13:2	[]
Genesis 13:3	[]
Genesis 13:4	[]
Genesis 13:5	[]
Genesis 13:6	[]
Genesis 13:7	[]
Genesis 13:8	[false,false]
Genesis 13:9	[false,false,false,false]
Genesis 13:10	[]
Genesis 13:11	[]
Genesis 13:12	[]
Genesis 13:13	[]
Genesis 13:14	[false,false]
Genesis 13:15	[false,false,false]
Genesis 13:16	[false,false]
Genesis 13:17	[false]
Genesis 13:18	[]
Genesis 14:1	[]
Genesis 14:2	[]
Genesis 14:3	[]
Genesis 14:4	[]
Genesis 14:5	[]
Genesis 14:6	[]
Genesis 14:7	[]
Genesis 14:8	[]
Genesis 14:9	[]
Genesis 14:10	[]
Genesis 14:11	[]
Genesis 14:12	[]
Genesis 14:13	[]
Genesis 14:14	[]
Genesis 14:15	[]
Genesis 14:16	[]
Genesis 14:17	[]
Genesis 14:18	[]
Genesis 14:19	[]
Genesis 14:20	[false,false]
Genesis 14:21	[false]
Genesis 14:22	[]
Genesis 14:23	[false,false]
Genesis 14:24	[]
Genesis 15:1	[false,false]
Genesis 15:2	[false]
Genesis 15:3	[false]
Genesis 15:4	[false,false,false]
Genesis 15:5	[false,false]
Genesis 15:6	[]
Genesis 15:7	[false,false]
Genesis 15:8	[]
Genesis 15:9	[]
Genesis 15:10	[]
Genesis 15:11	[]
Genesis 15:12	[]
Genesis 15:13	[false]
Genesis 15:14	[]
Genesis 15:15	[false,false]
Genesis 15:16	[false]
Genesis 15:17	[]
Genesis 15:18	[false]
Genesis 15:19	[]
Genesis 15:20	[]
Genesis 15:21	[]
Genesis 16:1	[]
Genesis 16:2	[]
Genesis 16:3	[]
Genesis 16:4	[]
Genesis 16:5	[false,false,false]
Genesis 16:6	[false,false,false]
Genesis 16:7	[]
Genesis 16:8	[false,false]
Genesis 16:9	[false]
Genesis 16:10	[false]
Genesis 16:11	[false,false,false]
Genesis 16:12	[]
Genesis 16:13	[false]
Genesis 16:14	[]
Genesis 16:15	[]
Genesis 16:16	[]
Genesis 17:1	[]
Genesis 17:2	[false,false]
Genesis 17:3	[]
Genesis 17:4	[false,false]
Genesis 17:5	[false,false,false]
Genesis 17:6	[false,false,false]
Genesis 17:7	[false,false,false,false,false,false]
Genesis 17:8	[false,false,false]
Genesis 17:9	[false,false,false,false]
Genesis 17:10	[false,false,false,true,true]
Genesis 17:11	[true,true,true]
Genesis 17:12	[false,false]
Genesis 17:13	[false,true]
Genesis 17:14	[]
Genesis 17:15	[false]
Genesis 17:16	[false]
Genesis 17:17	[]
Genesis 17:18	[false]
Genesis 17:19	[false,false,false]
Genesis 17:20	[false]
Genesis 17:21	[false]
Genesis 17:22	[]
Genesis 17:23	[]
Genesis 17:24	[]
Genesis 17:25	[]
Genesis 17:26	[]
Genesis 17:27	[]
Genesis 18:1	[]
Genesis 18:2	[]
Genesis 18:3	[false,false]
Genesis 18:4	[true,true,true]
Genesis 18:5	[true,true,true,true,true,true,false,false]
Genesis 18:6	[]
Genesis 18:7	[]
Genesis 18:8	[]
Genesis 18:9	[false]
Genesis 18:10	[false,false]
Genesis 18:11	[]
Genesis 18:12	[]
Genesis 18:13	[]
Genesis 18:14	[false]
Genesis 18:15	[false]
Genesis 18:16	[]
Genesis 18:17	[]
Genesis 18:18	[]
Genesis 18:19	[]
Genesis 18:20	[]
Genesis 18:21	[]
Genesis 18:22	[]
Genesis 18:23	[false]
Genesis 18:24	[false]
Genesis 18:25	[false,false]
Genesis 18:26	[]
Genesis 18:27	[]
Genesis 18:28	[false]
Genesis 18:29	[]
Genesis 18:30	[]
Genesis 18:31	[]
Genesis 18:32	[]
Genesis 18:33	[]
Genesis 19:1	[]
Genesis 19:2	[true,true,true,true]
Genesis 19:3	[]
Genesis 19:4	[]
Genesis 19:5	[false]
Genesis 19:6	[]
Genesis 19:7	[]
Genesis 19:8	[true,true,true]
Genesis 19:9	[false]
Genesis 19:10	[]
Genesis 19:11	[]
Genesis 19:12	[false,false,false]
Genesis 19:13	[]
Genesis 19:14	[]
Genesis 19:15	[false,false,false]
Genesis 19:16	[]
Genesis 19:17	[false,false]
Genesis 19:18	[]
Genesis 19:19	[false,false,false]
Genesis 19:20	[]
Genesis 19:21	[false]
Genesis 19:22	[false]
Genesis 19:23	[]
Genesis 19:24	[]
Genesis 19:25	[]
Genesis 19:26	[]
Genesis 19:27	[]
Genesis 19:28	[]
Genesis 19:29	[]
Genesis 19:30	[]
Genesis 19:31	[]
Genesis 19:32	[]
Genesis 19:33	[]
Genesis 19:34	[false]
Genesis 19:35	[]
Genesis 19:36	[]
Genesis 19:37	[]
Genesis 19:38	[]
Genesis 20:1	[]
Genesis 20:2	[]
Genesis 20:3	[false,false]
Genesis 20:4	[false]
Genesis 20:5	[]
Genesis 20:6	[false,false,false]
Genesis 20:7	[false,false,false,false,false,false]
Genesis 20:8	[]
Genesis 20:9	[false,false,false,false]
Genesis 20:10	[false]
Genesis 20:11	[]
Genesis 20:12	[]
Genesis 20:13	[false,false]
Genesis 20:14	[]
Genesis 20:15	[false,false]
Genesis 20:16	[false,false,false,false]
Genesis 20:17	[]
Genesis 20:18	[]
Genesis 21:1	[]
Genesis 21:2	[]
Genesis 21:3	[]
Genesis 21:4	[]
Genesis 21:5	[]
Genesis 21:6	[]
Genesis 21:7	[]
Genesis 21:8	[]
Genesis 21:9	[]
Genesis 21:10	[]
Genesis 21:11	[]
Genesis 21:12	[false,false,false]
Genesis 21:13	[false]
Genesis 21:14	[]
Genesis 21:15	[]
Genesis 21:16	[]
Genesis 21:17	[]
Genesis 21:18	[]
Genesis 21:19	[]
Genesis 21:20	[]
Genesis 21:21	[]
Genesis 21:22	[false,false]
Genesis 21:23	[false,false,false]
Genesis 21:24	[]
Genesis 21:25	[]
Genesis 21:26	[false]
Genesis 21:27	[]
Genesis 21:28	[]
Genesis 21:29	[false]
Genesis 21:30	[false]
Genesis 21:31	[]
Genesis 21:32	[]
Genesis 21:33	[]
Genesis 21:34	[]
Genesis 22:1	[]
Genesis 22:2	[false,false,false,false]
Genesis 22:3	[]
Genesis 22:4	[]
Genesis 22:5	[true]
Genesis 22:6	[]
Genesis 22:7	[]
Genesis 22:8	[]
Genesis 22:9	[]
Genesis 22:10	[]
Genesis 22:11	[]
Genesis 22:12	[false,false,false]
Genesis 22:13	[]
Genesis 22:14	[]
Genesis 22:15	[]
Genesis 22:16	[false,false]
Genesis 22:17	[false,false,false]
Genesis 22:18	[false,false]
Genesis 22:19	[]
Genesis 22:20	[false]
Genesis 22:21	[]
Genesis 22:22	[]
Genesis 22:23	[]
Genesis 22:24	[]
Genesis 23:1	[]
Genesis 23:2	[]
Genesis 23:3	[]
Genesis 23:4	[true,true]
Genesis 23:5	[]
Genesis 23:6	[false,false,false]
Genesis 23:7	[]
Genesis 23:8	[true]
Genesis 23:9	[true]
Genesis 23:10	[]
Genesis 23:11	[false,false,false,false]
Genesis 23:12	[]
Genesis 23:13	[false,false]
Genesis 23:14	[]
Genesis 23:15	[false,false]
Genesis 23:16	[]
Genesis 23:17	[]
Genesis 23:18	[]
Genesis 23:19	[]
Genesis 23:20	[]
Genesis 24:1	[]
Genesis 24:2	[false]
Genesis 24:3	[false,false]
Genesis 24:4	[]
Genesis 24:5	[false,false]
Genesis 24:6	[false]
Genesis 24:7	[false,false,false]
Genesis 24:8	[false,false]
Genesis 24:9	[]
Genesis 24:10	[]
Genesis 24:11	[]
Genesis 24:12	[]
Genesis 24:13	[]
Genesis 24:14	[false,false,false,false,false]
Genesis 24:15	[]
Genesis 24:16	[]
Genesis 24:17	[false]
Genesis 24:18	[]
Genesis 24:19	[false]
Genesis 24:20	[]
Genesis 24:21	[]
Genesis 24:22	[]
Genesis 24:23	[false,false]
Genesis 24:24	[]
Genesis 24:25	[false]
Genesis 24:26	[]
Genesis 24:27	[]
Genesis 24:28	[]
Genesis 24:29	[]
Genesis 24:30	[]
Genesis 24:31	[false,false]
Genesis 24:32	[]
Genesis 24:33	[false]
Genesis 24:34	[]
Genesis 24:35	[]
Genesis 24:36	[]
Genesis 24:37	[false]
Genesis 24:38	[false]
Genesis 24:39	[]
Genesis 24:40	[false,false,false]
Genesis 24:41	[false,false,false]
Genesis 24:42	[false]
Genesis 24:43	[false]
Genesis 24:44	[false]
Genesis 24:45	[]
Genesis 24:46	[false]
Genesis 24:47	[false]
Genesis 24:48	[]
Genesis 24:49	[true]
Genesis 24:50	[]
Genesis 24:51	[false,false]
Genesis 24:52	[]
Genesis 24:53	[]
Genesis 24:54	[]
Genesis 24:55	[]
Genesis 24:56	[]
Genesis 24:57	[]
Genesis 24:58	[false]
Genesis 24:59	[]
Genesis 24:60	[false,false]
Genesis 24:61	[]
Genesis 24:62	[]
Genesis 24:63	[]
Genesis 24:64	[]
Genesis 24:65	[]
Genesis 24:66	[]
Genesis 24:67	[]
Genesis 25:1	[]
Genesis 25:2	[]
Genesis 25:3	[]
Genesis 25:4	[]
Genesis 25:5	[]
Genesis 25:6	[]
Genesis 25:7	[]
Genesis 25:8	[]
Genesis 25:9	[]
Genesis 25:10	[]
Genesis 25:11	[]
Genesis 25:12	[]
Genesis 25:13	[]
Genesis 25:14	[]
Genesis 25:15	[]
Genesis 25:16	[]
Genesis 25:17	[]
Genesis 25:18	[false]
Genesis 25:19	[]
Genesis 25:20	[]
Genesis 25:21	[]
Genesis 25:22	[]
Genesis 25:23	[false,false]
Genesis 25:24	[]
Genesis 25:25	[]
Genesis 25:26	[]
Genesis 25:27	[]
Genesis 25:28	[]
Genesis 25:29	[]
Genesis 25:30	[]
Genesis 25:31	[false]
Genesis 25:32	[]
Genesis 25:33	[]
Genesis 25:34	[]
Genesis 26:1	[]
Genesis 26:2	[false]
Genesis 26:3	[false,false,false,false,false]
Genesis 26:4	[false,false]
Genesis 26:5	[]
Genesis 26:6	[]
Genesis 26:7	[]
Genesis 26:8	[]
Genesis 26:9	[false,false]
Genesis 26:10	[false,false,false]
Genesis 26:11	[]
Genesis 26:12	[]
Genesis 26:13	[]
Genesis 26:14	[]
Genesis 26:15	[]
Genesis 26:16	[false]
Genesis 26:17	[]
Genesis 26:18	[]
Genesis 26:19	[]
Genesis 26:20	[]
Genesis 26:21	[]
Genesis 26:22	[]
Genesis 26:23	[]
Genesis 26:24	[false,false,false,false]
Genesis 26:25	[]
Genesis 26:26	[]
Genesis 26:27	[true,true]
Genesis 26:28	[false,false,false]
Genesis 26:29	[false,false,false,false,false,false]
Genesis 26:30	[]
Genesis 26:31	[]
Genesis 26:32	[]
Genesis 26:33	[]
Genesis 26:34	[]
Genesis 26:35	[]
Genesis 27:1	[]
Genesis 27:2	[]
Genesis 27:3	[false,false]
Genesis 27:4	[false]
Genesis 27:5	[]
Genesis 27:6	[false,false]
Genesis 27:7	[false]
Genesis 27:8	[false]
Genesis 27:9	[false]
Genesis 27:10	[false,false]
Genesis 27:11	[]
Genesis 27:12	[]
Genesis 27:13	[false]
Genesis 27:14	[]
Genesis 27:15	[]
Genesis 27:16	[]
Genesis 27:17	[]
Genesis 27:18	[false]
Genesis 27:19	[false,false,false]
Genesis 27:20	[false,false]
Genesis 27:21	[false,false]
Genesis 27:22	[]
Genesis 27:23	[]
Genesis 27:24	[false]
Genesis 27:25	[false]
Genesis 27:26	[]
Genesis 27:27	[]
Genesis 27:28	[false]
Genesis 27:29	[false,false,false,false,false,false,false,false]
Genesis 27:30	[]
Genesis 27:31	[false,false]
Genesis 27:32	[false,false]
Genesis 27:33	[false]
Genesis 27:34	[]
Genesis 27:35	[false,false]
Genesis 27:36	[false]
Genesis 27:37	[false,false]
Genesis 27:38	[false]
Genesis 27:39	[false]
Genesis 27:40	[false,false,false,false,false]
Genesis 27:41	[]
Genesis 27:42	[false,false]
Genesis 27:43	[]
Genesis 27:44	[false]
Genesis 27:45	[false,false,false,false,false,true]
Genesis 27:46	[]
Genesis 28:1	[]
Genesis 28:2	[false,false]
Genesis 28:3	[false,false,false,false]
Genesis 28:4	[false,false,false,false]
Genesis 28:5	[]
Genesis 28:6	[]
Genesis 28:7	[]
Genesis 28:8	[]
Genesis 28:9	[]
Genesis 28:10	[]
Genesis 28:11	[]
Genesis 28:12	[]
Genesis 28:13	[false,false,false,false]
Genesis 28:14	[false,false,false,false]
Genesis 28:15	[false,false,false,false,false,false]
Genesis 28:16	[]
Genesis 28:17	[]
Genesis 28:18	[]
Genesis 28:19	[]
Genesis 28:20	[]
Genesis 28:21	[]
Genesis 28:22	[false,false]
Genesis 29:1	[]
Genesis 29:2	[]
Genesis 29:3	[]
Genesis 29:4	[true]
Genesis 29:5	[true]
Genesis 29:6	[]
Genesis 29:7	[]
Genesis 29:8	[]
Genesis 29:9	[]
Genesis 29:10	[]
Genesis 29:11	[]
Genesis 29:12	[]
Genesis 29:13	[]
Genesis 29:14	[false]
Genesis 29:15	[false,false,false]
Genesis 29:16	[]
Genesis 29:17	[]
Genesis 29:18	[false,false]
Genesis 29:19	[false]
Genesis 29:20	[]
Genesis 29:21	[]
Genesis 29:22	[]
Genesis 29:23	[]
Genesis 29:24	[]
Genesis 29:25	[false,false,false]
Genesis 29:26	[]
Genesis 29:27	[false]
Genesis 29:28	[]
Genesis 29:29	[]
Genesis 29:30	[]
Genesis 29:31	[]
Genesis 29:32	[]
Genesis 29:33	[]
Genesis 29:34	[]
Genesis 29:35	[]
Genesis 30:1	[]
Genesis 30:2	[false]
Genesis 30:3	[]
Genesis 30:4	[]
Genesis 30:5	[]
Genesis 30:6	[]
Genesis 30:7	[]
Genesis 30:8	[]
Genesis 30:9	[]
Genesis 30:10	[]
Genesis 30:11	[]
Genesis 30:12	[]
Genesis 30:13	[]
Genesis 30:14	[false]
Genesis 30:15	[false,false,false,false]
Genesis 30:16	[false,false]
Genesis 30:17	[]
Genesis 30:18	[]
Genesis 30:19	[]
Genesis 30:20	[]
Genesis 30:21	[]
Genesis 30:22	[]
Genesis 30:23	[]
Genesis 30:24	[]
Genesis 30:25	[]
Genesis 30:26	[false,false,false]
Genesis 30:27	[false,false]
Genesis 30:28	[false]
Genesis 30:29	[false,false,false]
Genesis 30:30	[false,false,false]
Genesis 30:31	[false,false,false,false]
Genesis 30:32	[false]
Genesis 30:33	[false]
Genesis 30:34	[false]
Genesis 30:35	[]
Genesis 30:36	[]
Genesis 30:37	[]
Genesis 30:38	[]
Genesis 30:39	[]
Genesis 30:40	[]
Genesis 30:41	[]
Genesis 30:42	[]
Genesis 30:43	[]
Genesis 31:1	[]
Genesis 31:2	[]
Genesis 31:3	[false,false,false]
Genesis 31:4	[]
Genesis 31:5	[true]
Genesis 31:6	[true,true]
Genesis 31:7	[]
Genesis 31:8	[false,false]
Genesis 31:9	[true]
Genesis 31:10	[]
Genesis 31:11	[]
Genesis 31:12	[false]
Genesis 31:13	[false,false]
Genesis 31:14	[]
Genesis 31:15	[]
Genesis 31:16	[false]
Genesis 31:17	[]
Genesis 31:18	[]
Genesis 31:19	[]
Genesis 31:20	[]
Genesis 31:21	[]
Genesis 31:22	[]
Genesis 31:23	[]
Genesis 31:24	[]
Genesis 31:25	[]
Genesis 31:26	[false,false]
Genesis 31:27	[false,false]
Genesis 31:28	[false,false]
Genesis 31:29	[true,true]
Genesis 31:30	[false,false,false,false]
Genesis 31:31	[false,false]
Genesis 31:32	[false,false,false,false]
Genesis 31:33	[]
Genesis 31:34	[]
Genesis 31:35	[false]
Genesis 31:36	[false]
Genesis 31:37	[false,false,false,false]
Genesis 31:38	[false,false,false]
Genesis 31:39	[false,false]
Genesis 31:40	[]
Genesis 31:41	[false,false,false,false]
Genesis 31:42	[false]
Genesis 31:43	[false]
Genesis 31:44	[false,false]
Genesis 31:45	[]
Genesis 31:46	[]
Genesis 31:47	[]
Genesis 31:48	[false]
Genesis 31:49	[false]
Genesis 31:50	[false,false]
Genesis 31:51	[false]
Genesis 31:52	[false,false]
Genesis 31:53	[]
Genesis 31:54	[]
Genesis 31:55	[]
Genesis 32:1	[]
Genesis 32:2	[]
Genesis 32:3	[]
Genesis 32:4	[false,false]
Genesis 32:5	[false]
Genesis 32:6	[false,false]
Genesis 32:7	[]
Genesis 32:8	[]
Genesis 32:9	[false,false,false]
Genesis 32:10	[false,false]
Genesis 32:11	[]
Genesis 32:12	[false,false,false]
Genesis 32:13	[]
Genesis 32:14	[]
Genesis 32:15	[]
Genesis 32:16	[]
Genesis 32:17	[false,false,false,false]
Genesis 32:18	[false,false]
Genesis 32:19	[true,true]
Genesis 32:20	[false,false]
Genesis 32:21	[]
Genesis 32:22	[]
Genesis 32:23	[]
Genesis 32:24	[]
Genesis 32:25	[]
Genesis 32:26	[false,false]
Genesis 32:27	[false]
Genesis 32:28	[false,false,false]
Genesis 32:29	[false,false]
Genesis 32:30	[]
Genesis 32:31	[]
Genesis 32:32	[]
Genesis 33:1	[]
Genesis 33:2	[]
Genesis 33:3	[]
Genesis 33:4	[]
Genesis 33:5	[false,false]
Genesis 33:6	[]
Genesis 33:7	[]
Genesis 33:8	[false,false]
Genesis 33:9	[false]
Genesis 33:10	[false,false,false]
Genesis 33:11	[false]
Genesis 33:12	[false]
Genesis 33:13	[]
Genesis 33:14	[]
Genesis 33:15	[false]
Genesis 33:16	[]
Genesis 33:17	[]
Genesis 33:18	[]
Genesis 33:19	[]
Genesis 33:20	[]
Genesis 34:1	[]
Genesis 34:2	[]
Genesis 34:3	[]
Genesis 34:4	[]
Genesis 34:5	[]
Genesis 34:6	[]
Genesis 34:7	[]
Genesis 34:8	[true]
Genesis 34:9	[true,true]
Genesis 34:10	[true,true,true]
Genesis 34:11	[true,true]
Genesis 34:12	[true,true]
Genesis 34:13	[]
Genesis 34:14	[]
Genesis 34:15	[true,true]
Genesis 34:16	[true,true,true]
Genesis 34:17	[false]
Genesis 34:18	[]
Genesis 34:19	[]
Genesis 34:20	[]
Genesis 34:21	[]
Genesis 34:22	[]
Genesis 34:23	[]
Genesis 34:24	[]
Genesis 34:25	[]
Genesis 34:26	[]
Genesis 34:27	[]
Genesis 34:28	[]
Genesis 34:29	[]
Genesis 34:30	[true]
Genesis 34:31	[]
Genesis 35:1	[false,false,false]
Genesis 35:2	[true,true,true]
Genesis 35:3	[]
Genesis 35:4	[]
Genesis 35:5	[]
Genesis 35:6	[]
Genesis 35:7	[]
Genesis 35:8	[]
Genesis 35:9	[]
Genesis 35:10	[false,false,false]
Genesis 35:11	[false,false]
Genesis 35:12	[false,false,false]
Genesis 35:13	[]
Genesis 35:14	[]
Genesis 35:15	[]
Genesis 35:16	[]
Genesis 35:17	[false]
Genesis 35:18	[]
Genesis 35:19	[]
Genesis 35:20	[]
Genesis 35:21	[]
Genesis 35:22	[]
Genesis 35:23	[]
Genesis 35:24	[]
Genesis 35:25	[]
Genesis 35:26	[]
Genesis 35:27	[]
Genesis 35:28	[]
Genesis 35:29	[]
Genesis 36:1	[]
Genesis 36:2	[]
Genesis 36:3	[]
Genesis 36:4	[]
Genesis 36:5	[]
Genesis 36:6	[]
Genesis 36:7	[]
Genesis 36:8	[]
Genesis 36:9	[]
Genesis 36:10	[]
Genesis 36:11	[]
Genesis 36:12	[]
Genesis 36:13	[]
Genesis 36:14	[]
Genesis 36:15	[]
Genesis 36:16	[]
Genesis 36:17	[]
Genesis 36:18	[]
Genesis 36:19	[]
Genesis 36:20	[]
Genesis 36:21	[]
Genesis 36:22	[]
Genesis 36:23	[]
Genesis 36:24	[]
Genesis 36:25	[]
Genesis 36:26	[]
Genesis 36:27	[]
Genesis 36:28	[]
Genesis 36:29	[]
Genesis 36:30	[]
Genesis 36:31	[]
Genesis 36:32	[]
Genesis 36:33	[]
Genesis 36:34	[]
Genesis 36:35	[]
Genesis 36:36	[]
Genesis 36:37	[]
Genesis 36:38	[]
Genesis 36:39	[]
Genesis 36:40	[]
Genesis 36:41	[]
Genesis 36:42	[]
Genesis 36:43	[]
Genesis 37:1	[]
Genesis 37:2	[]
Genesis 37:3	[]
Genesis 37:4	[]
Genesis 37:5	[]
Genesis 37:6	[]
Genesis 37:7	[true]
Genesis 37:8	[false,false]
Genesis 37:9	[]
Genesis 37:10	[false,false,false]
Genesis 37:11	[]
Genesis 37:12	[]
Genesis 37:13	[false,false]
Genesis 37:14	[false]
Genesis 37:15	[false]
Genesis 37:16	[false]
Genesis 37:17	[]
Genesis 37:18	[]
Genesis 37:19	[]
Genesis 37:20	[]
Genesis 37:21	[]
Genesis 37:22	[]
Genesis 37:23	[]
Genesis 37:24	[]
Genesis 37:25	[]
Genesis 37:26	[]
Genesis 37:27	[]
Genesis 37:28	[]
Genesis 37:29	[]
Genesis 37:30	[]
Genesis 37:31	[]
Genesis 37:32	[false]
Genesis 37:33	[]
Genesis 37:34	[]
Genesis 37:35	[]
Genesis 37:36	[]
Genesis 38:1	[]
Genesis 38:2	[]
Genesis 38:3	[]
Genesis 38:4	[]
Genesis 38:5	[]
Genesis 38:6	[]
Genesis 38:7	[]
Genesis 38:8	[false,false,false]
Genesis 38:9	[]
Genesis 38:10	[]
Genesis 38:11	[false]
Genesis 38:12	[]
Genesis 38:13	[false]
Genesis 38:14	[]
Genesis 38:15	[]
Genesis 38:16	[false,false,false]
Genesis 38:17	[false,false,false]
Genesis 38:18	[false,false,false,false]
Genesis 38:19	[]
Genesis 38:20	[]
Genesis 38:21	[]
Genesis 38:22	[]
Genesis 38:23	[false]
Genesis 38:24	[false]
Genesis 38:25	[]
Genesis 38:26	[]
Genesis 38:27	[]
Genesis 38:28	[]
Genesis 38:29	[false]
Genesis 38:30	[]
Genesis 39:1	[]
Genesis 39:2	[]
Genesis 39:3	[]
Genesis 39:4	[]
Genesis 39:5	[]
Genesis 39:6	[]
Genesis 39:7	[]
Genesis 39:8	[]
Genesis 39:9	[false,false]
Genesis 39:10	[]
Genesis 39:11	[]
Genesis 39:12	[]
Genesis 39:13	[]
Genesis 39:14	[]
Genesis 39:15	[]
Genesis 39:16	[]
Genesis 39:17	[false]
Genesis 39:18	[]
Genesis 39:19	[false]
Genesis 39:20	[]
Genesis 39:21	[]
Genesis 39:22	[]
Genesis 39:23	[]
Genesis 40:1	[]
Genesis 40:2	[]
Genesis 40:3	[]
Genesis 40:4	[]
Genesis 40:5	[]
Genesis 40:6	[]
Genesis 40:7	[true]
Genesis 40:8	[true]
Genesis 40:9	[]
Genesis 40:10	[]
Genesis 40:11	[]
Genesis 40:12	[]
Genesis 40:13	[false,false,false,false,false]
Genesis 40:14	[false]
Genesis 40:15	[]
Genesis 40:16	[]
Genesis 40:17	[]
Genesis 40:18	[]
Genesis 40:19	[false,false,false]
Genesis 40:20	[]
Genesis 40:21	[]
Genesis 40:22	[]
Genesis 40:23	[]
Genesis 41:1	[]
Genesis 41:2	[]
Genesis 41:3	[]
Genesis 41:4	[]
Genesis 41:5	[]
Genesis 41:6	[]
Genesis 41:7	[]
Genesis 41:8	[]
Genesis 41:9	[]
Genesis 41:10	[]
Genesis 41:11	[]
Genesis 41:12	[]
Genesis 41:13	[]
Genesis 41:14	[]
Genesis 41:15	[false,false,false]
Genesis 41:16	[]
Genesis 41:17	[]
Genesis 41:18	[]
Genesis 41:19	[]
Genesis 41:20	[]
Genesis 41:21	[]
Genesis 41:22	[]
Genesis 41:23	[]
Genesis 41:24	[]
Genesis 41:25	[]
Genesis 41:26	[]
Genesis 41:27	[]
Genesis 41:28	[]
Genesis 41:29	[]
Genesis 41:30	[]
Genesis 41:31	[]
Genesis 41:32	[]
Genesis 41:33	[]
Genesis 41:34	[]
Genesis 41:35	[]
Genesis 41:36	[]
Genesis 41:37	[]
Genesis 41:38	[]
Genesis 41:39	[false,false]
Genesis 41:40	[false,false,false]
Genesis 41:41	[false]
Genesis 41:42	[]
Genesis 41:43	[]
Genesis 41:44	[false]
Genesis 41:45	[]
Genesis 41:46	[]
Genesis 41:47	[]
Genesis 41:48	[]
Genesis 41:49	[]
Genesis 41:50	[]
Genesis 41:51	[]
Genesis 41:52	[]
Genesis 41:53	[]
Genesis 41:54	[]
Genesis 41:55	[true]
Genesis 41:56	[]
Genesis 41:57	[]
Genesis 42:1	[true]
Genesis 42:2	[]
Genesis 42:3	[]
Genesis 42:4	[]
Genesis 42:5	[]
Genesis 42:6	[]
Genesis 42:7	[true]
Genesis 42:8	[]
Genesis 42:9	[true,true]
Genesis 42:10	[false]
Genesis 42:11	[false]
Genesis 42:12	[true]
Genesis 42:13	[false]
Genesis 42:14	[true]
Genesis 42:15	[true,true,true]
Genesis 42:16	[true,true,true,true,true]
Genesis 42:17	[]
Genesis 42:18	[true]
Genesis 42:19	[true,true,true,true]
Genesis 42:20	[true,true,true]
Genesis 42:21	[]
Genesis 42:22	[false,false]
Genesis 42:23	[]
Genesis 42:24	[]
Genesis 42:25	[]
Genesis 42:26	[]
Genesis 42:27	[]
Genesis 42:28	[]
Genesis 42:29	[]
Genesis 42:30	[]
Genesis 42:31	[]
Genesis 42:32	[]
Genesis 42:33	[true,true]
Genesis 42:34	[true,true,true,true,true]
Genesis 42:35	[]
Genesis 42:36	[true,true]
Genesis 42:37	[false,false]
Genesis 42:38	[true,true,true]
Genesis 43:1	[]
Genesis 43:2	[]
Genesis 43:3	[true,true,true]
Genesis 43:4	[false,false]
Genesis 43:5	[false,true,true,true]
Genesis 43:6	[true,true,true]
Genesis 43:7	[true,true,true]
Genesis 43:8	[false]
Genesis 43:9	[false,false,false]
Genesis 43:10	[]
Genesis 43:11	[true]
Genesis 43:12	[true,true,true]
Genesis 43:13	[true]
Genesis 43:14	[true,true]
Genesis 43:15	[]
Genesis 43:16	[]
Genesis 43:17	[]
Genesis 43:18	[]
Genesis 43:19	[]
Genesis 43:20	[]
Genesis 43:21	[]
Genesis 43:22	[]
Genesis 43:23	[true,true,true,true,true]
Genesis 43:24	[]
Genesis 43:25	[]
Genesis 43:26	[]
Genesis 43:27	[true,true]
Genesis 43:28	[false]
Genesis 43:29	[false,true,false]
Genesis 43:30	[]
Genesis 43:31	[]
Genesis 43:32	[]
Genesis 43:33	[]
Genesis 43:34	[]
Genesis 44:1	[]
Genesis 44:2	[]
Genesis 44:3	[]
Genesis 44:4	[false,true]
Genesis 44:5	[true]
Genesis 44:6	[]
Genesis 44:7	[false]
Genesis 44:8	[false,false]
Genesis 44:9	[false]
Genesis 44:10	[true,true]
Genesis 44:11	[]
Genesis 44:12	[]
Genesis 44:13	[]
Genesis 44:14	[]
Genesis 44:15	[true,true]
Genesis 44:16	[false]
Genesis 44:17	[true,true]
Genesis 44:18	[false,false,false]
Genesis 44:19	[false]
Genesis 44:20	[]
Genesis 44:21	[false,false]
Genesis 44:22	[]
Genesis 44:23	[false,false,false,true,true]
Genesis 44:24	[false,false]
Genesis 44:25	[]
Genesis 44:26	[]
Genesis 44:27	[false,true]
Genesis 44:28	[]
Genesis 44:29	[true,true]
Genesis 44:30	[false]
Genesis 44:31	[false,false]
Genesis 44:32	[false,false,false]
Genesis 44:33	[false]
Genesis 44:34	[]
Genesis 45:1	[]
Genesis 45:2	[]
Genesis 45:3	[]
Genesis 45:4	[true,true]
Genesis 45:5	[true,true,true]
Genesis 45:6	[]
Genesis 45:7	[true,true,true]
Genesis 45:8	[true]
Genesis 45:9	[false]
Genesis 45:10	[false,false,false,false,false]
Genesis 45:11	[false,false,false,false]
Genesis 45:12	[true,true]
Genesis 45:13	[true]
Genesis 45:14	[]
Genesis 45:15	[]
Genesis 45:16	[]
Genesis 45:17	[false,true]
Genesis 45:18	[true,true,true,true]
Genesis 45:19	[false,true,true,true]
Genesis 45:20	[true,true]
Genesis 45:21	[]
Genesis 45:22	[]
Genesis 45:23	[]
Genesis 45:24	[]
Genesis 45:25	[]
Genesis 45:26	[]
Genesis 45:27	[]
Genesis 45:28	[]
Genesis 46:1	[]
Genesis 46:2	[]
Genesis 46:3	[false,false]
Genesis 46:4	[false,false,false]
Genesis 46:5	[]
Genesis 46:6	[]
Genesis 46:7	[]
Genesis 46:8	[]
Genesis 46:9	[]
Genesis 46:10	[]
Genesis 46:11	[]
Genesis 46:12	[]
Genesis 46:13	[]
Genesis 46:14	[]
Genesis 46:15	[]
Genesis 46:16	[]
Genesis 46:17	[]
Genesis 46:18	[]
Genesis 46:19	[]
Genesis 46:20	[]
Genesis 46:21	[]
Genesis 46:22	[]
Genesis 46:23	[]
Genesis 46:24	[]
Genesis 46:25	[]
Genesis 46:26	[]
Genesis 46:27	[]
Genesis 46:28	[]
Genesis 46:29	[]
Genesis 46:30	[false,false]
Genesis 46:31	[]
Genesis 46:32	[]
Genesis 46:33	[true,true]
Genesis 46:34	[true,false,true]
Genesis 47:1	[]
Genesis 47:2	[]
Genesis 47:3	[true,false]
Genesis 47:4	[false,false]
Genesis 47:5	[false,false]
Genesis 47:6	[false,false,false]
Genesis 47:7	[]
Genesis 47:8	[false]
Genesis 47:9	[]
Genesis 47:10	[]
Genesis 47:11	[]
Genesis 47:12	[]
Genesis 47:13	[]
Genesis 47:14	[]
Genesis 47:15	[false]
Genesis 47:16	[true,true,true]
Genesis 47:17	[]
Genesis 47:18	[false]
Genesis 47:19	[false]
Genesis 47:20	[]
Genesis 47:21	[]
Genesis 47:22	[]
Genesis 47:23	[true,true,true]
Genesis 47:24	[true,true,true,true]
Genesis 47:25	[false]
Genesis 47:26	[]
Genesis 47:27	[]
Genesis 47:28	[]
Genesis 47:29	[false,false]
Genesis 47:30	[false]
Genesis 47:31	[]
Genesis 48:1	[false]
Genesis 48:2	[false,false]
Genesis 48:3	[]
Genesis 48:4	[false,false,false,false,false]
Genesis 48:5	[false,false,false]
Genesis 48:6	[false,false]
Genesis 48:7	[]
Genesis 48:8	[]
Genesis 48:9	[]
Genesis 48:10	[]
Genesis 48:11	[false,false]
Genesis 48:12	[]
Genesis 48:13	[]
Genesis 48:14	[]
Genesis 48:15	[]
Genesis 48:16	[]
Genesis 48:17	[]
Genesis 48:18	[false]
Genesis 48:19	[]
Genesis 48:20	[false,false]
Genesis 48:21	[true,true,true]
Genesis 48:22	[false,false]
Genesis 49:1	[true,true]
Genesis 49:2	[true]
Genesis 49:3	[false]
Genesis 49:4	[false,false,false]
Genesis 49:5	[]
Genesis 49:6	[]
Genesis 49:7	[]
Genesis 49:8	[false,false,false,false,false,false]
Genesis 49:9	[false]
Genesis 49:10	[]
Genesis 49:11	[]
Genesis 49:12	[]
Genesis 49:13	[]
Genesis 49:14	[]
Genesis 49:15	[]
Genesis 49:16	[]
Genesis 49:17	[]
Genesis 49:18	[false]
Genesis 49:19	[]
Genesis 49:20	[]
Genesis 49:21	[]
Genesis 49:22	[]
Genesis 49:23	[]
Genesis 49:24	[]
Genesis 49:25	[false,false,false]
Genesis 49:26	[false]
Genesis 49:27	[]
Genesis 49:28	[]
Genesis 49:29	[]
Genesis 49:30	[]
Genesis 49:31	[]
Genesis 49:32	[]
Genesis 49:33	[]
Genesis 50:1	[]
Genesis 50:2	[]
Genesis 50:3	[]
Genesis 50:4	[true]
Genesis 50:5	[false]
Genesis 50:6	[false,false]
Genesis 50:7	[]
Genesis 50:8	[]
Genesis 50:9	[]
Genesis 50:10	[]
Genesis 50:11	[]
Genesis 50:12	[]
Genesis 50:13	[]
Genesis 50:14	[]
Genesis 50:15	[]
Genesis 50:16	[false]
Genesis 50:17	[true,false,false,false,false]
Genesis 50:18	[false]
Genesis 50:19	[]
Genesis 50:20	[true,true]
Genesis 50:21	[true,true]
Genesis 50:22	[]
Genesis 50:23	[]
Genesis 50:24	[true,true]
Genesis 50:25	[true,true]
Genesis 50:26	[]
Exodus 1:1	[]
Exodus 1:2	[]
Exodus 1:3	[]
Exodus 1:4	[]
Exodus 1:5	[]
Exodus 1:6	[]
Exodus 1:7	[]
Exodus 1:8	[]
Exodus 1:9	[]
Exodus 1:10	[]
Exodus 1:11	[]
Exodus 1:12	[]
Exodus 1:13	[]
Exodus 1:14	[]
Exodus 1:15	[]
Exodus 1:16	[false]
Exodus 1:17	[]
Exodus 1:18	[true,true]
Exodus 1:19	[]
Exodus 1:20	[]
Exodus 1:21	[]
Exodus 1:22	[true,true]
Exodus 2:1	[]
Exodus 2:2	[]
Exodus 2:3	[]
Exodus 2:4	[]
Exodus 2:5	[]
Exodus 2:6	[]
Exodus 2:7	[false]
Exodus 2:8	[]
Exodus 2:9	[false]
Exodus 2:10	[]
Exodus 2:11	[]
Exodus 2:12	[]
Exodus 2:13	[false,false]
Exodus 2:14	[false,false,false]
Exodus 2:15	[]
Exodus 2:16	[]
Exodus 2:17	[]
Exodus 2:18	[false]
Exodus 2:19	[]
Exodus 2:20	[false]
Exodus 2:21	[]
Exodus 2:22	[]
Exodus 2:23	[]
Exodus 2:24	[]
Exodus 2:25	[]
Exodus 3:1	[]
Exodus 3:2	[]
Exodus 3:3	[]
Exodus 3:4	[]
Exodus 3:5	[false,false]
Exodus 3:6	[false]
Exodus 3:7	[]
Exodus 3:8	[]
Exodus 3:9	[]
Exodus 3:10	[false]
Exodus 3:11	[]
Exodus 3:12	[false,false,false,true,true]
Exodus 3:13	[true,true]
Exodus 3:14	[true,true]
Exodus 3:15	[true,true]
Exodus 3:16	[true,true,true]
Exodus 3:17	[false,false]
Exodus 3:18	[false,false]
Exodus 3:19	[false]
Exodus 3:20	[true]
Exodus 3:21	[true,true]
Exodus 3:22	[true,true,true]
Exodus 4:1	[false]
Exodus 4:2	[false]
Exodus 4:3	[]
Exodus 4:4	[false]
Exodus 4:5	[false]
Exodus 4:6	[false,false]
Exodus 4:7	[false,false]
Exodus 4:8	[false]
Exodus 4:9	[false,false]
Exodus 4:10	[false,false]
Exodus 4:11	[]
Exodus 4:12	[false,false,false]
Exodus 4:13	[]
Exodus 4:14	[false,false,false]
Exodus 4:15	[false,false,true]
Exodus 4:16	[false,false,false]
Exodus 4:17	[false,false]
Exodus 4:18	[]
Exodus 4:19	[false]
Exodus 4:20	[]
Exodus 4:21	[false,false,false]
Exodus 4:22	[]
Exodus 4:23	[false,false,false]
Exodus 4:24	[]
Exodus 4:25	[false]
Exodus 4:26	[]
Exodus 4:27	[]
Exodus 4:28	[]
Exodus 4:29	[]
Exodus 4:30	[]
Exodus 4:31	[]
Exodus 5:1	[]
Exodus 5:2	[]
Exodus 5:3	[]
Exodus 5:4	[true,true]
Exodus 5:5	[true]
Exodus 5:6	[]
Exodus 5:7	[false]
Exodus 5:8	[]
Exodus 5:9	[]
Exodus 5:10	[true]
Exodus 5:11	[true,true,true]
Exodus 5:12	[]
Exodus 5:13	[false,false]
Exodus 5:14	[true,true,true]
Exodus 5:15	[false,false]
Exodus 5:16	[false,false,false]
Exodus 5:17	[true,true]
Exodus 5:18	[true,true]
Exodus 5:19	[false,false]
Exodus 5:20	[]
Exodus 5:21	[true,true,true,true]
Exodus 5:22	[false,false]
Exodus 5:23	[false,false,false]
Exodus 6:1	[false]
Exodus 6:2	[]
Exodus 6:3	[]
Exodus 6:4	[]
Exodus 6:5	[]
Exodus 6:6	[true,true,true]
Exodus 6:7	[true,true,true,true,true]
Exodus 6:8	[true,true]
Exodus 6:9	[]
Exodus 6:10	[]
Exodus 6:11	[]
Exodus 6:12	[]
Exodus 6:13	[]
Exodus 6:14	[]
Exodus 6:15	[]
Exodus 6:16	[]
Exodus 6:17	[]
Exodus 6:18	[]
Exodus 6:19	[]
Exodus 6:20	[]
Exodus 6:21	[]
Exodus 6:22	[]
Exodus 6:23	[]
Exodus 6:24	[]
Exodus 6:25	[]
Exodus 6:26	[]
Exodus 6:27	[]
Exodus 6:28	[]
Exodus 6:29	[false]
Exodus 6:30	[]
Exodus 7:1	[false,false,false]
Exodus 7:2	[false,false,false]
Exodus 7:3	[]
Exodus 7:4	[true]
Exodus 7:5	[]
Exodus 7:6	[]
Exodus 7:7	[]
Exodus 7:8	[]
Exodus 7:9	[false,false,false]
Exodus 7:10	[]
Exodus 7:11	[]
Exodus 7:12	[]
Exodus 7:13	[]
Exodus 7:14	[]
Exodus 7:15	[false,false]
Exodus 7:16	[false,false]
Exodus 7:17	[false]
Exodus 7:18	[]
Exodus 7:19	[false,false]
Exodus 7:20	[]
Exodus 7:21	[]
Exodus 7:22	[]
Exodus 7:23	[]
Exodus 7:24	[]
Exodus 7:25	[]
Exodus 8:1	[]
Exodus 8:2	[false,false]
Exodus 8:3	[false,false,false,false,false,false]
Exodus 8:4	[false,false,false]
Exodus 8:5	[false,false]
Exodus 8:6	[]
Exodus 8:7	[]
Exodus 8:8	[false]
Exodus 8:9	[false,false,false,false,false,false]
Exodus 8:10	[false,false]
Exodus 8:11	[false,false,false,false]
Exodus 8:12	[]
Exodus 8:13	[]
Exodus 8:14	[]
Exodus 8:15	[]
Exodus 8:16	[false]
Exodus 8:17	[]
Exodus 8:18	[]
Exodus 8:19	[]
Exodus 8:20	[]
Exodus 8:21	[false,false,false,false,false]
Exodus 8:22	[false]
Exodus 8:23	[false]
Exodus 8:24	[]
Exodus 8:25	[true]
Exodus 8:26	[]
Exodus 8:27	[]
Exodus 8:28	[true,true,true]
Exodus 8:29	[false]
Exodus 8:30	[]
Exodus 8:31	[]
Exodus 8:32	[]
Exodus 9:1	[]
Exodus 9:2	[false]
Exodus 9:3	[false,false]
Exodus 9:4	[]
Exodus 9:5	[]
Exodus 9:6	[]
Exodus 9:7	[]
Exodus 9:8	[]
Exodus 9:9	[]
Exodus 9:10	[]
Exodus 9:11	[]
Exodus 9:12	[]
Exodus 9:13	[]
Exodus 9:14	[false,false,false,false]
Exodus 9:15	[false,false,false]
Exodus 9:16	[false,false]
Exodus 9:17	[false]
Exodus 9:18	[]
Exodus 9:19	[false,false]
Exodus 9:20	[]
Exodus 9:21	[]
Exodus 9:22	[false]
Exodus 9:23	[]
Exodus 9:24	[]
Exodus 9:25	[]
Exodus 9:26	[]
Exodus 9:27	[]
Exodus 9:28	[false,false]
Exodus 9:29	[false]
Exodus 9:30	[false,false,false]
Exodus 9:31	[]
Exodus 9:32	[]
Exodus 9:33	[]
Exodus 9:34	[]
Exodus 9:35	[]
Exodus 10:1	[]
Exodus 10:2	[false,false,true]
Exodus 10:3	[false,false]
Exodus 10:4	[false,false]
Exodus 10:5	[true]
Exodus 10:6	[false,false,false,false]
Exodus 10:7	[false]
Exodus 10:8	[true]
Exodus 10:9	[]
Exodus 10:10	[true,true,true,true]
Exodus 10:11	[true]
Exodus 10:12	[false]
Exodus 10:13	[]
Exodus 10:14	[]
Exodus 10:15	[]
Exodus 10:16	[true,true]
Exodus 10:17	[true]
Exodus 10:18	[]
Exodus 10:19	[]
Exodus 10:20	[]
Exodus 10:21	[false]
Exodus 10:22	[]
Exodus 10:23	[]
Exodus 10:24	[true,true,true]
Exodus 10:25	[false]
Exodus 10:26	[]
Exodus 10:27	[]
Exodus 10:28	[false,false,false]
Exodus 10:29	[false,false]
Exodus 11:1	[false,false,false]
Exodus 11:2	[]
Exodus 11:3	[]
Exodus 11:4	[]
Exodus 11:5	[]
Exodus 11:6	[]
Exodus 11:7	[true]
Exodus 11:8	[false,false,false]
Exodus 11:9	[true]
Exodus 11:10	[]
Exodus 12:1	[]
Exodus 12:2	[true,true]
Exodus 12:3	[]
Exodus 12:4	[]
Exodus 12:5	[true,true]
Exodus 12:6	[false]
Exodus 12:7	[]
Exodus 12:8	[]
Exodus 12:9	[]
Exodus 12:10	[false]
Exodus 12:11	[true,true,true,true,true,true,true]
Exodus 12:12	[]
Exodus 12:13	[true,true,true,true]
Exodus 12:14	[true,true]
Exodus 12:15	[true,true,true]
Exodus 12:16	[false,false,false]
Exodus 12:17	[true,true,true]
Exodus 12:18	[true]
Exodus 12:19	[true]
Exodus 12:20	[true,true]
Exodus 12:21	[true]
Exodus 12:22	[true]
Exodus 12:23	[true,true]
Exodus 12:24	[true,false,false]
Exodus 12:25	[true,true,true]
Exodus 12:26	[true,true,true]
Exodus 12:27	[true]
Exodus 12:28	[]
Exodus 12:29	[]
Exodus 12:30	[]
Exodus 12:31	[true,true]
Exodus 12:32	[true,true]
Exodus 12:33	[]
Exodus 12:34	[]
Exodus 12:35	[]
Exodus 12:36	[]
Exodus 12:37	[]
Exodus 12:38	[]
Exodus 12:39	[]
Exodus 12:40	[]
Exodus 12:41	[]
Exodus 12:42	[]
Exodus 12:43	[]
Exodus 12:44	[false]
Exodus 12:45	[]
Exodus 12:46	[false,false]
Exodus 12:47	[]
Exodus 12:48	[false]
Exodus 12:49	[true]
Exodus 12:50	[]
Exodus 12:51	[]
Exodus 13:1	[]
Exodus 13:2	[]
Exodus 13:3	[true,true]
Exodus 13:4	[true]
Exodus 13:5	[false,false,false,false]
Exodus 13:6	[false]
Exodus 13:7	[false,false]
Exodus 13:8	[false,false]
Exodus 13:9	[false,false,false,false,false]
Exodus 13:10	[false]
Exodus 13:11	[false,false,false,false]
Exodus 13:12	[false,false]
Exodus 13:13	[false,false,false,false,false]
Exodus 13:14	[false,false,false]
Exodus 13:15	[]
Exodus 13:16	[false,false]
Exodus 13:17	[]
Exodus 13:18	[]
Exodus 13:19	[true,true,true]
Exodus 13:20	[]
Exodus 13:21	[]
Exodus 13:22	[]
Exodus 14:1	[]
Exodus 14:2	[true]
Exodus 14:3	[]
Exodus 14:4	[]
Exodus 14:5	[]
Exodus 14:6	[]
Exodus 14:7	[]
Exodus 14:8	[]
Exodus 14:9	[]
Exodus 14:10	[]
Exodus 14:11	[false,false]
Exodus 14:12	[false]
Exodus 14:13	[true,true,true,true]
Exodus 14:14	[true,true]
Exodus 14:15	[false]
Exodus 14:16	[false,false,false]
Exodus 14:17	[]
Exodus 14:18	[]
Exodus 14:19	[]
Exodus 14:20	[]
Exodus 14:21	[]
Exodus 14:22	[]
Exodus 14:23	[]
Exodus 14:24	[]
Exodus 14:25	[]
Exodus 14:26	[false]
Exodus 14:27	[]
Exodus 14:28	[]
Exodus 14:29	[]
Exodus 14:30	[]
Exodus 14:31	[]
Exodus 15:1	[]
Exodus 15:2	[]
Exodus 15:3	[]
Exodus 15:4	[]
Exodus 15:5	[]
Exodus 15:6	[false,false]
Exodus 15:7	[false,false,false,false,false]
Exodus 15:8	[false]
Exodus 15:9	[]
Exodus 15:10	[false,false]
Exodus 15:11	[false,false]
Exodus 15:12	[false,false]
Exodus 15:13	[false,false,false,false,false]
Exodus 15:14	[]
Exodus 15:15	[]
Exodus 15:16	[false,false,false]
Exodus 15:17	[false,false,false,false,false]
Exodus 15:18	[]
Exodus 15:19	[]
Exodus 15:20	[]
Exodus 15:21	[]
Exodus 15:22	[]
Exodus 15:23	[]
Exodus 15:24	[]
Exodus 15:25	[]
Exodus 15:26	[false,false,false,false]
Exodus 15:27	[]
Exodus 16:1	[]
Exodus 16:2	[]
Exodus 16:3	[true]
Exodus 16:4	[true]
Exodus 16:5	[]
Exodus 16:6	[true,true]
Exodus 16:7	[true,true,true]
Exodus 16:8	[true,true,true,true]
Exodus 16:9	[true]
Exodus 16:10	[]
Exodus 16:11	[]
Exodus 16:12	[true,true,true,true]
Exodus 16:13	[]
Exodus 16:14	[]
Exodus 16:15	[true]
Exodus 16:16	[true,true]
Exodus 16:17	[]
Exodus 16:18	[]
Exodus 16:19	[]
Exodus 16:20	[]
Exodus 16:21	[]
Exodus 16:22	[]
Exodus 16:23	[true,true]
Exodus 16:24	[]
Exodus 16:25	[false]
Exodus 16:26	[true]
Exodus 16:27	[]
Exodus 16:28	[true]
Exodus 16:29	[true,true]
Exodus 16:30	[]
Exodus 16:31	[]
Exodus 16:32	[false,false]
Exodus 16:33	[]
Exodus 16:34	[]
Exodus 16:35	[]
Exodus 16:36	[]
Exodus 17:1	[]
Exodus 17:2	[true,true]
Exodus 17:3	[false]
Exodus 17:4	[]
Exodus 17:5	[false,false,false]
Exodus 17:6	[false,false]
Exodus 17:7	[]
Exodus 17:8	[]
Exodus 17:9	[]
Exodus 17:10	[]
Exodus 17:11	[]
Exodus 17:12	[]
Exodus 17:13	[]
Exodus 17:14	[]
Exodus 17:15	[]
Exodus 17:16	[]
Exodus 18:1	[]
Exodus 18:2	[]
Exodus 18:3	[]
Exodus 18:4	[]
Exodus 18:5	[]
Exodus 18:6	[false,false,false]
Exodus 18:7	[]
Exodus 18:8	[]
Exodus 18:9	[]
Exodus 18:10	[true]
Exodus 18:11	[]
Exodus 18:12	[]
Exodus 18:13	[]
Exodus 18:14	[false,false,false]
Exodus 18:15	[]
Exodus 18:16	[]
Exodus 18:17	[false]
Exodus 18:18	[false,false,false,false,false]
Exodus 18:19	[false,false,false]
Exodus 18:20	[]
Exodus 18:21	[]
Exodus 18:22	[false,false,false]
Exodus 18:23	[false,false,false]
Exodus 18:24	[]
Exodus 18:25	[]
Exodus 18:26	[]
Exodus 18:27	[]
Exodus 19:1	[]
Exodus 19:2	[]
Exodus 19:3	[false]
Exodus 19:4	[true,true,true,true]
Exodus 19:5	[true,true]
Exodus 19:6	[true,false]
Exodus 19:7	[]
Exodus 19:8	[]
Exodus 19:9	[false,false,false]
Exodus 19:10	[]
Exodus 19:11	[]
Exodus 19:12	[false]
Exodus 19:13	[]
Exodus 19:14	[]
Exodus 19:15	[]
Exodus 19:16	[]
Exodus 19:17	[]
Exodus 19:18	[]
Exodus 19:19	[]
Exodus 19:20	[]
Exodus 19:21	[]
Exodus 19:22	[]
Exodus 19:23	[false]
Exodus 19:24	[false]
Exodus 19:25	[]
Exodus 20:1	[]
Exodus 20:2	[false,false]
Exodus 20:3	[false]
Exodus 20:4	[false,false]
Exodus 20:5	[false,false]
Exodus 20:6	[]
Exodus 20:7	[false,false]
Exodus 20:8	[]
Exodus 20:9	[false,false]
Exodus 20:10	[false,false,false,false,false,false]
Exodus 20:11	[]
Exodus 20:12	[false,false,false,false]
Exodus 20:13	[false]
Exodus 20:14	[false]
Exodus 20:15	[false]
Exodus 20:16	[false,false]
Exodus 20:17	[false,false,false,false,false]
Exodus 20:18	[]
Exodus 20:19	[false]
Exodus 20:20	[true,true,true]
Exodus 20:21	[]
Exodus 20:22	[false,true,true,true]
Exodus 20:23	[true,true,true]
Exodus 20:24	[false,false,false,false,false]
Exodus 20:25	[false,false,false,false]
Exodus 20:26	[false,false]
Exodus 21:1	[false]
Exodus 21:2	[false,false]
Exodus 21:3	[]
Exodus 21:4	[]
Exodus 21:5	[]
Exodus 21:6	[]
Exodus 21:7	[]
Exodus 21:8	[]
Exodus 21:9	[]
Exodus 21:10	[]
Exodus 21:11	[]
Exodus 21:12	[]
Exodus 21:13	[false]
Exodus 21:14	[false]
Exodus 21:15	[]
Exodus 21:16	[]
Exodus 21:17	[]
Exodus 21:18	[]
Exodus 21:19	[]
Exodus 21:20	[]
Exodus 21:21	[]
Exodus 21:22	[]
Exodus 21:23	[false]
Exodus 21:24	[]
Exodus 21:25	[]
Exodus 21:26	[]
Exodus 21:27	[]
Exodus 21:28	[]
Exodus 21:29	[]
Exodus 21:30	[]
Exodus 21:31	[]
Exodus 21:32	[]
Exodus 21:33	[]
Exodus 21:34	[]
Exodus 21:35	[]
Exodus 21:36	[]
Exodus 22:1	[]
Exodus 22:2	[]
Exodus 22:3	[]
Exodus 22:4	[]
Exodus 22:5	[]
Exodus 22:6	[]
Exodus 22:7	[]
Exodus 22:8	[]
Exodus 22:9	[]
Exodus 22:10	[]
Exodus 22:11	[]
Exodus 22:12	[]
Exodus 22:13	[]
Exodus 22:14	[]
Exodus 22:15	[]
Exodus 22:16	[]
Exodus 22:17	[]
Exodus 22:18	[false]
Exodus 22:19	[]
Exodus 22:20	[]
Exodus 22:21	[true,true,true]
Exodus 22:22	[false]
Exodus 22:23	[false]
Exodus 22:24	[true,true,true]
Exodus 22:25	[false,false,true,true]
Exodus 22:26	[false,false]
Exodus 22:27	[]
Exodus 22:28	[false,false]
Exodus 22:29	[false,false,false,false]
Exodus 22:30	[false,false,false,false]
Exodus 22:31	[true,true,true]
Exodus 23:1	[false]
Exodus 23:2	[false,false]
Exodus 23:3	[]
Exodus 23:4	[false,false,false]
Exodus 23:5	[false,false,false]
Exodus 23:6	[false]
Exodus 23:7	[]
Exodus 23:8	[]
Exodus 23:9	[true,true,true]
Exodus 23:10	[false,false]
Exodus 23:11	[false,false,false]
Exodus 23:12	[false,false,false,false,false,false]
Exodus 23:13	[true,false,false]
Exodus 23:14	[false]
Exodus 23:15	[false,false,false,false]
Exodus 23:16	[false,false,false,false]
Exodus 23:17	[false]
Exodus 23:18	[false]
Exodus 23:19	[false,false,false]
Exodus 23:20	[false,false,false]
Exodus 23:21	[]
Exodus 23:22	[false,false,false]
Exodus 23:23	[false,false]
Exodus 23:24	[false,false]
Exodus 23:25	[true,true,false,false,false]
Exodus 23:26	[false,false]
Exodus 23:27	[false,false,false]
Exodus 23:28	[false,false]
Exodus 23:29	[false,false]
Exodus 23:30	[false,false]
Exodus 23:31	[false,true,false,false]
Exodus 23:32	[false]
Exodus 23:33	[false,false,false,false]
Exodus 24:1	[false,true]
Exodus 24:2	[]
Exodus 24:3	[]
Exodus 24:4	[]
Exodus 24:5	[]
Exodus 24:6	[]
Exodus 24:7	[]
Exodus 24:8	[true]
Exodus 24:9	[]
Exodus 24:10	[]
Exodus 24:11	[]
Exodus 24:12	[false]
Exodus 24:13	[]
Exodus 24:14	[true,true]
Exodus 24:15	[]
Exodus 24:16	[]
Exodus 24:17	[]
Exodus 24:18	[]
Exodus 25:1	[]
Exodus 25:2	[true]
Exodus 25:3	[true]
Exodus 25:4	[]
Exodus 25:5	[]
Exodus 25:6	[]
Exodus 25:7	[]
Exodus 25:8	[]
Exodus 25:9	[true,false]
Exodus 25:10	[]
Exodus 25:11	[]
Exodus 25:12	[]
Exodus 25:13	[]
Exodus 25:14	[]
Exodus 25:15	[]
Exodus 25:16	[false]
Exodus 25:17	[false]
Exodus 25:18	[]
Exodus 25:19	[]
Exodus 25:20	[]
Exodus 25:21	[false]
Exodus 25:22	[false,false,false]
Exodus 25:23	[false]
Exodus 25:24	[]
Exodus 25:25	[]
Exodus 25:26	[]
Exodus 25:27	[]
Exodus 25:28	[]
Exodus 25:29	[false]
Exodus 25:30	[]
Exodus 25:31	[false]
Exodus 25:32	[]
Exodus 25:33	[]
Exodus 25:34	[]
Exodus 25:35	[]
Exodus 25:36	[]
Exodus 25:37	[]
Exodus 25:38	[]
Exodus 25:39	[]
Exodus 25:40	[false,false]
Exodus 26:1	[false]
Exodus 26:2	[]
Exodus 26:3	[]
Exodus 26:4	[]
Exodus 26:5	[]
Exodus 26:6	[]
Exodus 26:7	[false]
Exodus 26:8	[]
Exodus 26:9	[]
Exodus 26:10	[]
Exodus 26:11	[]
Exodus 26:12	[]
Exodus 26:13	[]
Exodus 26:14	[]
Exodus 26:15	[false]
Exodus 26:16	[]
Exodus 26:17	[]
Exodus 26:18	[]
Exodus 26:19	[]
Exodus 26:20	[]
Exodus 26:21	[]
Exodus 26:22	[]
Exodus 26:23	[]
Exodus 26:24	[]
Exodus 26:25	[]
Exodus 26:26	[false]
Exodus 26:27	[]
Exodus 26:28	[]
Exodus 26:29	[]
Exodus 26:30	[false,false]
Exodus 26:31	[]
Exodus 26:32	[]
Exodus 26:33	[]
Exodus 26:34	[]
Exodus 26:35	[]
Exodus 26:36	[false]
Exodus 26:37	[]
Exodus 27:1	[false]
Exodus 27:2	[]
Exodus 27:3	[]
Exodus 27:4	[]
Exodus 27:5	[]
Exodus 27:6	[]
Exodus 27:7	[]
Exodus 27:8	[false]
Exodus 27:9	[false]
Exodus 27:10	[]
Exodus 27:11	[]
Exodus 27:12	[]
Exodus 27:13	[]
Exodus 27:14	[]
Exodus 27:15	[]
Exodus 27:16	[]
Exodus 27:17	[]
Exodus 27:18	[]
Exodus 27:19	[]
Exodus 27:20	[false,false]
Exodus 27:21	[]
Exodus 28:1	[false,false]
Exodus 28:2	[false]
Exodus 28:3	[false]
Exodus 28:4	[false]
Exodus 28:5	[]
Exodus 28:6	[]
Exodus 28:7	[]
Exodus 28:8	[]
Exodus 28:9	[]
Exodus 28:10	[]
Exodus 28:11	[]
Exodus 28:12	[]
Exodus 28:13	[]
Exodus 28:14	[]
Exodus 28:15	[false]
Exodus 28:16	[]
Exodus 28:17	[]
Exodus 28:18	[]
Exodus 28:19	[]
Exodus 28:20	[]
Exodus 28:21	[]
Exodus 28:22	[]
Exodus 28:23	[false]
Exodus 28:24	[]
Exodus 28:25	[]
Exodus 28:26	[]
Exodus 28:27	[]
Exodus 28:28	[]
Exodus 28:29	[]
Exodus 28:30	[]
Exodus 28:31	[false]
Exodus 28:32	[]
Exodus 28:33	[]
Exodus 28:34	[]
Exodus 28:35	[]
Exodus 28:36	[false]
Exodus 28:37	[]
Exodus 28:38	[]
Exodus 28:39	[false]
Exodus 28:40	[]
Exodus 28:41	[false,false]
Exodus 28:42	[]
Exodus 28:43	[]
Exodus 29:1	[false]
Exodus 29:2	[]
Exodus 29:3	[]
Exodus 29:4	[]
Exodus 29:5	[]
Exodus 29:6	[]
Exodus 29:7	[]
Exodus 29:8	[]
Exodus 29:9	[false]
Exodus 29:10	[false]
Exodus 29:11	[false]
Exodus 29:12	[false]
Exodus 29:13	[]
Exodus 29:14	[]
Exodus 29:15	[]
Exodus 29:16	[false]
Exodus 29:17	[]
Exodus 29:18	[]
Exodus 29:19	[]
Exodus 29:20	[]
Exodus 29:21	[]
Exodus 29:22	[]
Exodus 29:23	[]
Exodus 29:24	[]
Exodus 29:25	[]
Exodus 29:26	[false]
Exodus 29:27	[]
Exodus 29:28	[]
Exodus 29:29	[]
Exodus 29:30	[]
Exodus 29:31	[false]
Exodus 29:32	[]
Exodus 29:33	[]
Exodus 29:34	[false]
Exodus 29:35	[false,false]
Exodus 29:36	[]
Exodus 29:37	[false]
Exodus 29:38	[false]
Exodus 29:39	[]
Exodus 29:40	[]
Exodus 29:41	[]
Exodus 29:42	[true,false]
Exodus 29:43	[]
Exodus 29:44	[]
Exodus 29:45	[]
Exodus 29:46	[]
Exodus 30:1	[false]
Exodus 30:2	[]
Exodus 30:3	[]
Exodus 30:4	[]
Exodus 30:5	[]
Exodus 30:6	[false]
Exodus 30:7	[]
Exodus 30:8	[]
Exodus 30:9	[false,false]
Exodus 30:10	[true]
Exodus 30:11	[]
Exodus 30:12	[false]
Exodus 30:13	[]
Exodus 30:14	[]
Exodus 30:15	[true]
Exodus 30:16	[true]
Exodus 30:17	[]
Exodus 30:18	[false]
Exodus 30:19	[]
Exodus 30:20	[]
Exodus 30:21	[]
Exodus 30:22	[]
Exodus 30:23	[]
Exodus 30:24	[]
Exodus 30:25	[]
Exodus 30:26	[]
Exodus 30:27	[]
Exodus 30:28	[]
Exodus 30:29	[false]
Exodus 30:30	[]
Exodus 30:31	[false]
Exodus 30:32	[true,true]
Exodus 30:33	[]
Exodus 30:34	[]
Exodus 30:35	[]
Exodus 30:36	[false,true]
Exodus 30:37	[false,true,true]
Exodus 30:38	[]
Exodus 31:1	[]
Exodus 31:2	[]
Exodus 31:3	[]
Exodus 31:4	[]
Exodus 31:5	[]
Exodus 31:6	[false]
Exodus 31:7	[]
Exodus 31:8	[]
Exodus 31:9	[]
Exodus 31:10	[]
Exodus 31:11	[false]
Exodus 31:12	[]
Exodus 31:13	[true,true,true,true]
Exodus 31:14	[true]
Exodus 31:15	[]
Exodus 31:16	[]
Exodus 31:17	[]
Exodus 31:18	[]
Exodus 32:1	[]
Exodus 32:2	[true]
Exodus 32:3	[]
Exodus 32:4	[false,false]
Exodus 32:5	[]
Exodus 32:6	[]
Exodus 32:7	[false,false]
Exodus 32:8	[false,false]
Exodus 32:9	[]
Exodus 32:10	[false]
Exodus 32:11	[false,false,false]
Exodus 32:12	[false,false]
Exodus 32:13	[false,false,false,false,true,true]
Exodus 32:14	[]
Exodus 32:15	[]
Exodus 32:16	[]
Exodus 32:17	[]
Exodus 32:18	[]
Exodus 32:19	[]
Exodus 32:20	[]
Exodus 32:21	[false,false]
Exodus 32:22	[false,false]
Exodus 32:23	[]
Exodus 32:24	[]
Exodus 32:25	[]
Exodus 32:26	[]
Exodus 32:27	[false]
Exodus 32:28	[]
Exodus 32:29	[true,true]
Exodus 32:30	[true,true]
Exodus 32:31	[]
Exodus 32:32	[false,false]
Exodus 32:33	[]
Exodus 32:34	[false]
Exodus 32:35	[]
Exodus 33:1	[false,false,false]
Exodus 33:2	[false]
Exodus 33:3	[false,false,false]
Exodus 33:4	[]
Exodus 33:5	[true,false,false,false,false]
Exodus 33:6	[]
Exodus 33:7	[]
Exodus 33:8	[]
Exodus 33:9	[]
Exodus 33:10	[]
Exodus 33:11	[]
Exodus 33:12	[false,false,false,false,false,false]
Exodus 33:13	[false,false,false,false,false]
Exodus 33:14	[false,false]
Exodus 33:15	[false]
Exodus 33:16	[false,false,false]
Exodus 33:17	[false,false,false]
Exodus 33:18	[false]
Exodus 33:19	[false,false]
Exodus 33:20	[false]
Exodus 33:21	[false]
Exodus 33:22	[false,false]
Exodus 33:23	[false]
Exodus 34:1	[false]
Exodus 34:2	[false]
Exodus 34:3	[false]
Exodus 34:4	[]
Exodus 34:5	[]
Exodus 34:6	[]
Exodus 34:7	[]
Exodus 34:8	[]
Exodus 34:9	[false,false]
Exodus 34:10	[false,false,false]
Exodus 34:11	[false,false]
Exodus 34:12	[false,false]
Exodus 34:13	[true]
Exodus 34:14	[false]
Exodus 34:15	[false,false]
Exodus 34:16	[false,false,false]
Exodus 34:17	[false,false]
Exodus 34:18	[false,false,false,false]
Exodus 34:19	[false]
Exodus 34:20	[false,false,false,false,false]
Exodus 34:21	[false,false,false]
Exodus 34:22	[false]
Exodus 34:23	[false]
Exodus 34:24	[false,false,false,false,false]
Exodus 34:25	[]
Exodus 34:26	[false,false,false]
Exodus 34:27	[false]
Exodus 34:28	[]
Exodus 34:29	[]
Exodus 34:30	[]
Exodus 34:31	[]
Exodus 34:32	[]
Exodus 34:33	[]
Exodus 34:34	[]
Exodus 34:35	[]
Exodus 35:1	[false]
Exodus 35:2	[true]
Exodus 35:3	[true]
Exodus 35:4	[]
Exodus 35:5	[true]
Exodus 35:6	[]
Exodus 35:7	[]
Exodus 35:8	[]
Exodus 35:9	[]
Exodus 35:10	[true]
Exodus 35:11	[]
Exodus 35:12	[]
Exodus 35:13	[]
Exodus 35:14	[]
Exodus 35:15	[]
Exodus 35:16	[]
Exodus 35:17	[]
Exodus 35:18	[]
Exodus 35:19	[]
Exodus 35:20	[]
Exodus 35:21	[]
Exodus 35:22	[]
Exodus 35:23	[]
Exodus 35:24	[]
Exodus 35:25	[]
Exodus 35:26	[]
Exodus 35:27	[]
Exodus 35:28	[]
Exodus 35:29	[]
Exodus 35:30	[]
Exodus 35:31	[]
Exodus 35:32	[]
Exodus 35:33	[]
Exodus 35:34	[]
Exodus 35:35	[]
Exodus 36:1	[]
Exodus 36:2	[]
Exodus 36:3	[]
Exodus 36:4	[]
Exodus 36:5	[]
Exodus 36:6	[]
Exodus 36:7	[]
Exodus 36:8	[]
Exodus 36:9	[]
Exodus 36:10	[]
Exodus 36:11	[]
Exodus 36:12	[]
Exodus 36:13	[]
Exodus 36:14	[]
Exodus 36:15	[]
Exodus 36:16	[]
Exodus 36:17	[]
Exodus 36:18	[]
Exodus 36:19	[]
Exodus 36:20	[]
Exodus 36:21	[]
Exodus 36:22	[]
Exodus 36:23	[]
Exodus 36:24	[]
Exodus 36:25	[]
Exodus 36:26	[]
Exodus 36:27	[]
Exodus 36:28	[]
Exodus 36:29	[]
Exodus 36:30	[]
Exodus 36:31	[]
Exodus 36:32	[]
Exodus 36:33	[]
Exodus 36:34	[]
Exodus 36:35	[]
Exodus 36:36	[]
Exodus 36:37	[]
Exodus 36:38	[]
Exodus 37:1	[]
Exodus 37:2	[]
Exodus 37:3	[]
Exodus 37:4	[]
Exodus 37:5	[]
Exodus 37:6	[]
Exodus 37:7	[]
Exodus 37:8	[]
Exodus 37:9	[]
Exodus 37:10	[]
Exodus 37:11	[]
Exodus 37:12	[]
Exodus 37:13	[]
Exodus 37:14	[]
Exodus 37:15	[]
Exodus 37:16	[]
Exodus 37:17	[]
Exodus 37:18	[]
Exodus 37:19	[]
Exodus 37:20	[]
Exodus 37:21	[]
Exodus 37:22	[]
Exodus 37:23	[]
Exodus 37:24	[]
Exodus 37:25	[]
Exodus 37:26	[]
Exodus 37:27	[]
Exodus 37:28	[]
Exodus 37:29	[]
Exodus 38:1	[]
Exodus 38:2	[]
Exodus 38:3	[]
Exodus 38:4	[]
Exodus 38:5	[]
Exodus 38:6	[]
Exodus 38:7	[]
Exodus 38:8	[]
Exodus 38:9	[]
Exodus 38:10	[]
Exodus 38:11	[]
Exodus 38:12	[]
Exodus 38:13	[]
Exodus 38:14	[]
Exodus 38:15	[]
Exodus 38:16	[]
Exodus 38:17	[]
Exodus 38:18	[]
Exodus 38:19	[]
Exodus 38:20	[]
Exodus 38:21	[]
Exodus 38:22	[]
Exodus 38:23	[]
Exodus 38:24	[]
Exodus 38:25	[]
Exodus 38:26	[]
Exodus 38:27	[]
Exodus 38:28	[]
Exodus 38:29	[]
Exodus 38:30	[]
Exodus 38:31	[]
Exodus 39:1	[]
Exodus 39:2	[]
Exodus 39:3	[]
Exodus 39:4	[]
Exodus 39:5	[]
Exodus 39:6	[]
Exodus 39:7	[]
Exodus 39:8	[]
Exodus 39:9	[]
Exodus 39:10	[]
Exodus 39:11	[]
Exodus 39:12	[]
Exodus 39:13	[]
Exodus 39:14	[]
Exodus 39:15	[]
Exodus 39:16	[]
Exodus 39:17	[]
Exodus 39:18	[]
Exodus 39:19	[]
Exodus 39:20	[]
Exodus 39:21	[]
Exodus 39:22	[]
Exodus 39:23	[]
Exodus 39:24	[]
Exodus 39:25	[]
Exodus 39:26	[]
Exodus 39:27	[]
Exodus 39:28	[]
Exodus 39:29	[]
Exodus 39:30	[]
Exodus 39:31	[]
Exodus 39:32	[]
Exodus 39:33	[]
Exodus 39:34	[]
Exodus 39:35	[]
Exodus 39:36	[]
Exodus 39:37	[]
Exodus 39:38	[]
Exodus 39:39	[]
Exodus 39:40	[]
Exodus 39:41	[]
Exodus 39:42	[]
Exodus 39:43	[]
Exodus 40:1	[]
Exodus 40:2	[false]
Exodus 40:3	[]
Exodus 40:4	[]
Exodus 40:5	[]
Exodus 40:6	[]
Exodus 40:7	[]
Exodus 40:8	[]
Exodus 40:9	[]
Exodus 40:10	[]
Exodus 40:11	[]
Exodus 40:12	[]
Exodus 40:13	[false]
Exodus 40:14	[]
Exodus 40:15	[false]
Exodus 40:16	[]
Exodus 40:17	[]
Exodus 40:18	[]
Exodus 40:19	[]
Exodus 40:20	[]
Exodus 40:21	[]
Exodus 40:22	[]
Exodus 40:23	[]
Exodus 40:24	[]
Exodus 40:25	[]
Exodus 40:26	[]
Exodus 40:27	[]
Exodus 40:28	[]
Exodus 40:29	[]
Exodus 40:30	[]
Exodus 40:31	[]
Exodus 40:32	[]
Exodus 40:33	[]
Exodus 40:34	[]
Exodus 40:35	[]
Exodus 40:36	[]
Exodus 40:37	[]
Exodus 40:38	[]
Leviticus 1:1	[]
Leviticus 1:2	[true,true,true]
Leviticus 1:3	[]
Leviticus 1:4	[]
Leviticus 1:5	[]
Leviticus 1:6	[]
Leviticus 1:7	[]
Leviticus 1:8	[]
Leviticus 1:9	[]
Leviticus 1:10	[]
Leviticus 1:11	[]
Leviticus 1:12	[]
Leviticus 1:13	[]
Leviticus 1:14	[]
Leviticus 1:15	[]
Leviticus 1:16	[]
Leviticus 1:17	[]
Leviticus 2:1	[]
Leviticus 2:2	[]
Leviticus 2:3	[]
Leviticus 2:4	[false]
Leviticus 2:5	[false]
Leviticus 2:6	[]
Leviticus 2:7	[false]
Leviticus 2:8	[false]
Leviticus 2:9	[]
Leviticus 2:10	[]
Leviticus 2:11	[true,true]
Leviticus 2:12	[true]
Leviticus 2:13	[false,false,false,false,false,false,false]
Leviticus 2:14	[false,false]
Leviticus 2:15	[false]
Leviticus 2:16	[]
Leviticus 3:1	[]
Leviticus 3:2	[]
Leviticus 3:3	[]
Leviticus 3:4	[]
Leviticus 3:5	[]
Leviticus 3:6	[]
Leviticus 3:7	[]
Leviticus 3:8	[]
Leviticus 3:9	[]
Leviticus 3:10	[]
Leviticus 3:11	[]
Leviticus 3:12	[]
Leviticus 3:13	[]
Leviticus 3:14	[]
Leviticus 3:15	[]
Leviticus 3:16	[]
Leviticus 3:17	[true,true]
Leviticus 4:1	[]
Leviticus 4:2	[]
Leviticus 4:3	[]
Leviticus 4:4	[]
Leviticus 4:5	[]
Leviticus 4:6	[]
Leviticus 4:7	[]
Leviticus 4:8	[]
Leviticus 4:9	[]
Leviticus 4:10	[]
Leviticus 4:11	[]
Leviticus 4:12	[]
Leviticus 4:13	[]
Leviticus 4:14	[]
Leviticus 4:15	[]
Leviticus 4:16	[]
Leviticus 4:17	[]
Leviticus 4:18	[]
Leviticus 4:19	[]
Leviticus 4:20	[]
Leviticus 4:21	[]
Leviticus 4:22	[]
Leviticus 4:23	[]
Leviticus 4:24	[]
Leviticus 4:25	[]
Leviticus 4:26	[]
Leviticus 4:27	[]
Leviticus 4:28	[]
Leviticus 4:29	[]
Leviticus 4:30	[]
Leviticus 4:31	[]
Leviticus 4:32	[]
Leviticus 4:33	[]
Leviticus 4:34	[]
Leviticus 4:35	[]
Leviticus 5:1	[]
Leviticus 5:2	[]
Leviticus 5:3	[]
Leviticus 5:4	[]
Leviticus 5:5	[]
Leviticus 5:6	[]
Leviticus 5:7	[]
Leviticus 5:8	[]
Leviticus 5:9	[]
Leviticus 5:10	[]
Leviticus 5:11	[]
Leviticus 5:12	[]
Leviticus 5:13	[]
Leviticus 5:14	[]
Leviticus 5:15	[]
Leviticus 5:16	[]
Leviticus 5:17	[]
Leviticus 5:18	[]
Leviticus 5:19	[]
Leviticus 6:1	[]
Leviticus 6:2	[]
Leviticus 6:3	[]
Leviticus 6:4	[]
Leviticus 6:5	[]
Leviticus 6:6	[]
Leviticus 6:7	[]
Leviticus 6:8	[]
Leviticus 6:9	[]
Leviticus 6:10	[]
Leviticus 6:11	[]
Leviticus 6:12	[]
Leviticus 6:13	[]
Leviticus 6:14	[]
Leviticus 6:15	[]
Leviticus 6:16	[]
Leviticus 6:17	[]
Leviticus 6:18	[]
Leviticus 6:19	[]
Leviticus 6:20	[]
Leviticus 6:21	[false]
Leviticus 6:22	[]
Leviticus 6:23	[]
Leviticus 6:24	[]
Leviticus 6:25	[]
Leviticus 6:26	[]
Leviticus 6:27	[false]
Leviticus 6:28	[]
Leviticus 6:29	[]
Leviticus 6:30	[]
Leviticus 7:1	[]
Leviticus 7:2	[]
Leviticus 7:3	[]
Leviticus 7:4	[]
Leviticus 7:5	[]
Leviticus 7:6	[]
Leviticus 7:7	[]
Leviticus 7:8	[]
Leviticus 7:9	[]
Leviticus 7:10	[]
Leviticus 7:11	[]
Leviticus 7:12	[]
Leviticus 7:13	[]
Leviticus 7:14	[]
Leviticus 7:15	[]
Leviticus 7:16	[]
Leviticus 7:17	[]
Leviticus 7:18	[]
Leviticus 7:19	[]
Leviticus 7:20	[]
Leviticus 7:21	[]
Leviticus 7:22	[]
Leviticus 7:23	[false]
Leviticus 7:24	[false]
Leviticus 7:25	[]
Leviticus 7:26	[true,true]
Leviticus 7:27	[]
Leviticus 7:28	[]
Leviticus 7:29	[]
Leviticus 7:30	[]
Leviticus 7:31	[]
Leviticus 7:32	[true,true]
Leviticus 7:33	[]
Leviticus 7:34	[]
Leviticus 7:35	[]
Leviticus 7:36	[]
Leviticus 7:37	[]
Leviticus 7:38	[]
Leviticus 8:1	[]
Leviticus 8:2	[]
Leviticus 8:3	[]
Leviticus 8:4	[]
Leviticus 8:5	[]
Leviticus 8:6	[]
Leviticus 8:7	[]
Leviticus 8:8	[]
Leviticus 8:9	[]
Leviticus 8:10	[]
Leviticus 8:11	[]
Leviticus 8:12	[]
Leviticus 8:13	[]
Leviticus 8:14	[]
Leviticus 8:15	[]
Leviticus 8:16	[]
Leviticus 8:17	[]
Leviticus 8:18	[]
Leviticus 8:19	[]
Leviticus 8:20	[]
Leviticus 8:21	[]
Leviticus 8:22	[]
Leviticus 8:23	[]
Leviticus 8:24	[]
Leviticus 8:25	[]
Leviticus 8:26	[]
Leviticus 8:27	[]
Leviticus 8:28	[]
Leviticus 8:29	[]
Leviticus 8:30	[]
Leviticus 8:31	[]
Leviticus 8:32	[false]
Leviticus 8:33	[true,true,true]
Leviticus 8:34	[true]
Leviticus 8:35	[true,true]
Leviticus 8:36	[]
Leviticus 9:1	[]
Leviticus 9:2	[false]
Leviticus 9:3	[]
Leviticus 9:4	[true]
Leviticus 9:5	[]
Leviticus 9:6	[true,true]
Leviticus 9:7	[false,false,false]
Leviticus 9:8	[]
Leviticus 9:9	[]
Leviticus 9:10	[]
Leviticus 9:11	[]
Leviticus 9:12	[]
Leviticus 9:13	[]
Leviticus 9:14	[]
Leviticus 9:15	[]
Leviticus 9:16	[]
Leviticus 9:17	[]
Leviticus 9:18	[]
Leviticus 9:19	[]
Leviticus 9:20	[]
Leviticus 9:21	[]
Leviticus 9:22	[]
Leviticus 9:23	[]
Leviticus 9:24	[]
Leviticus 10:1	[]
Leviticus 10:2	[]
Leviticus 10:3	[]
Leviticus 10:4	[true]
Leviticus 10:5	[]
Leviticus 10:6	[true,true,true,true]
Leviticus 10:7	[true,true,true]
Leviticus 10:8	[]
Leviticus 10:9	[false,false,true,true]
Leviticus 10:10	[false]
Leviticus 10:11	[false]
Leviticus 10:12	[]
Leviticus 10:13	[true,false,false]
Leviticus 10:14	[false,false,false,false]
Leviticus 10:15	[false,false]
Leviticus 10:16	[]
Leviticus 10:17	[true,true]
Leviticus 10:18	[false]
Leviticus 10:19	[]
Leviticus 10:20	[]
Leviticus 11:1	[]
Leviticus 11:2	[true]
Leviticus 11:3	[true]
Leviticus 11:4	[true,true]
Leviticus 11:5	[true]
Leviticus 11:6	[true]
Leviticus 11:7	[true]
Leviticus 11:8	[true,true]
Leviticus 11:9	[true]
Leviticus 11:10	[true]
Leviticus 11:11	[true,true,true]
Leviticus 11:12	[true]
Leviticus 11:13	[true]
Leviticus 11:14	[]
Leviticus 11:15	[]
Leviticus 11:16	[]
Leviticus 11:17	[]
Leviticus 11:18	[]
Leviticus 11:19	[]
Leviticus 11:20	[true]
Leviticus 11:21	[true]
Leviticus 11:22	[true]
Leviticus 11:23	[true]
Leviticus 11:24	[true]
Leviticus 11:25	[]
Leviticus 11:26	[true]
Leviticus 11:27	[true]
Leviticus 11:28	[true]
Leviticus 11:29	[true]
Leviticus 11:30	[]
Leviticus 11:31	[true]
Leviticus 11:32	[]
Leviticus 11:33	[true]
Leviticus 11:34	[]
Leviticus 11:35	[true]
Leviticus 11:36	[]
Leviticus 11:37	[]
Leviticus 11:38	[true]
Leviticus 11:39	[true]
Leviticus 11:40	[]
Leviticus 11:41	[]
Leviticus 11:42	[]
Leviticus 11:43	[true]
Leviticus 11:44	[true,true,true,true]
Leviticus 11:45	[true,true]
Leviticus 11:46	[]
Leviticus 11:47	[false]
Leviticus 12:1	[]
Leviticus 12:2	[]
Leviticus 12:3	[]
Leviticus 12:4	[]
Leviticus 12:5	[]
Leviticus 12:6	[]
Leviticus 12:7	[]
Leviticus 12:8	[]
Leviticus 13:1	[]
Leviticus 13:2	[]
Leviticus 13:3	[]
Leviticus 13:4	[]
Leviticus 13:5	[]
Leviticus 13:6	[]
Leviticus 13:7	[]
Leviticus 13:8	[]
Leviticus 13:9	[]
Leviticus 13:10	[]
Leviticus 13:11	[]
Leviticus 13:12	[]
Leviticus 13:13	[]
Leviticus 13:14	[]
Leviticus 13:15	[]
Leviticus 13:16	[]
Leviticus 13:17	[]
Leviticus 13:18	[]
Leviticus 13:19	[]
Leviticus 13:20	[]
Leviticus 13:21	[]
Leviticus 13:22	[]
Leviticus 13:23	[]
Leviticus 13:24	[]
Leviticus 13:25	[]
Leviticus 13:26	[]
Leviticus 13:27	[]
Leviticus 13:28	[]
Leviticus 13:29	[]
Leviticus 13:30	[]
Leviticus 13:31	[]
Leviticus 13:32	[]
Leviticus 13:33	[]
Leviticus 13:34	[]
Leviticus 13:35	[]
Leviticus 13:36	[]
Leviticus 13:37	[]
Leviticus 13:38	[]
Leviticus 13:39	[]
Leviticus 13:40	[]
Leviticus 13:41	[]
Leviticus 13:42	[]
Leviticus 13:43	[]
Leviticus 13:44	[]
Leviticus 13:45	[]
Leviticus 13:46	[]
Leviticus 13:47	[]
Leviticus 13:48	[]
Leviticus 13:49	[]
Leviticus 13:50	[]
Leviticus 13:51	[]
Leviticus 13:52	[]
Leviticus 13:53	[]
Leviticus 13:54	[]
Leviticus 13:55	[false]
Leviticus 13:56	[]
Leviticus 13:57	[false]
Leviticus 13:58	[]
Leviticus 13:59	[]
Leviticus 14:1	[]
Leviticus 14:2	[]
Leviticus 14:3	[]
Leviticus 14:4	[]
Leviticus 14:5	[]
Leviticus 14:6	[]
Leviticus 14:7	[]
Leviticus 14:8	[]
Leviticus 14:9	[]
Leviticus 14:10	[]
Leviticus 14:11	[]
Leviticus 14:12	[]
Leviticus 14:13	[]
Leviticus 14:14	[]
Leviticus 14:15	[]
Leviticus 14:16	[]
Leviticus 14:17	[]
Leviticus 14:18	[]
Leviticus 14:19	[]
Leviticus 14:20	[]
Leviticus 14:21	[]
Leviticus 14:22	[]
Leviticus 14:23	[]
Leviticus 14:24	[]
Leviticus 14:25	[]
Leviticus 14:26	[]
Leviticus 14:27	[]
Leviticus 14:28	[]
Leviticus 14:29	[]
Leviticus 14:30	[]
Leviticus 14:31	[]
Leviticus 14:32	[]
Leviticus 14:33	[]
Leviticus 14:34	[true,true,true]
Leviticus 14:35	[]
Leviticus 14:36	[]
Leviticus 14:37	[]
Leviticus 14:38	[]
Leviticus 14:39	[]
Leviticus 14:40	[]
Leviticus 14:41	[]
Leviticus 14:42	[]
Leviticus 14:43	[]
Leviticus 14:44	[]
Leviticus 14:45	[]
Leviticus 14:46	[]
Leviticus 14:47	[]
Leviticus 14:48	[]
Leviticus 14:49	[]
Leviticus 14:50	[]
Leviticus 14:51	[]
Leviticus 14:52	[]
Leviticus 14:53	[]
Leviticus 14:54	[]
Leviticus 14:55	[]
Leviticus 14:56	[]
Leviticus 14:57	[]
Leviticus 15:1	[]
Leviticus 15:2	[]
Leviticus 15:3	[]
Leviticus 15:4	[]
Leviticus 15:5	[]
Leviticus 15:6	[]
Leviticus 15:7	[]
Leviticus 15:8	[]
Leviticus 15:9	[]
Leviticus 15:10	[]
Leviticus 15:11	[]
Leviticus 15:12	[]
Leviticus 15:13	[]
Leviticus 15:14	[]
Leviticus 15:15	[]
Leviticus 15:16	[]
Leviticus 15:17	[]
Leviticus 15:18	[]
Leviticus 15:19	[]
Leviticus 15:20	[]
Leviticus 15:21	[]
Leviticus 15:22	[]
Leviticus 15:23	[]
Leviticus 15:24	[]
Leviticus 15:25	[]
Leviticus 15:26	[]
Leviticus 15:27	[]
Leviticus 15:28	[]
Leviticus 15:29	[]
Leviticus 15:30	[]
Leviticus 15:31	[true]
Leviticus 15:32	[]
Leviticus 15:33	[]
Leviticus 16:1	[]
Leviticus 16:2	[false]
Leviticus 16:3	[]
Leviticus 16:4	[]
Leviticus 16:5	[]
Leviticus 16:6	[]
Leviticus 16:7	[]
Leviticus 16:8	[]
Leviticus 16:9	[]
Leviticus 16:10	[]
Leviticus 16:11	[]
Leviticus 16:12	[]
Leviticus 16:13	[]
Leviticus 16:14	[]
Leviticus 16:15	[]
Leviticus 16:16	[]
Leviticus 16:17	[]
Leviticus 16:18	[]
Leviticus 16:19	[]
Leviticus 16:20	[]
Leviticus 16:21	[]
Leviticus 16:22	[]
Leviticus 16:23	[]
Leviticus 16:24	[]
Leviticus 16:25	[]
Leviticus 16:26	[]
Leviticus 16:27	[]
Leviticus 16:28	[]
Leviticus 16:29	[true,true,true,true]
Leviticus 16:30	[true,true,true,true]
Leviticus 16:31	[true,true,true]
Leviticus 16:32	[]
Leviticus 16:33	[]
Leviticus 16:34	[true]
Leviticus 17:1	[]
Leviticus 17:2	[]
Leviticus 17:3	[]
Leviticus 17:4	[]
Leviticus 17:5	[]
Leviticus 17:6	[]
Leviticus 17:7	[]
Leviticus 17:8	[]
Leviticus 17:9	[]
Leviticus 17:10	[]
Leviticus 17:11	[true,true]
Leviticus 17:12	[true,true]
Leviticus 17:13	[]
Leviticus 17:14	[false]
Leviticus 17:15	[]
Leviticus 17:16	[]
Leviticus 18:1	[]
Leviticus 18:2	[true]
Leviticus 18:3	[true,true,true,true,true]
Leviticus 18:4	[true,true]
Leviticus 18:5	[]
Leviticus 18:6	[true]
Leviticus 18:7	[false,false,false,false,false]
Leviticus 18:8	[false,false,false]
Leviticus 18:9	[false,false,false,false]
Leviticus 18:10	[false,false,false,false]
Leviticus 18:11	[false,false,false,false]
Leviticus 18:12	[false,false,false]
Leviticus 18:13	[false,false,false]
Leviticus 18:14	[false,false,false]
Leviticus 18:15	[false,false,false,false]
Leviticus 18:16	[false,false,false]
Leviticus 18:17	[false,false]
Leviticus 18:18	[false,false,false]
Leviticus 18:19	[false]
Leviticus 18:20	[false,false,false]
Leviticus 18:21	[false,false,false,false]
Leviticus 18:22	[false]
Leviticus 18:23	[false,false]
Leviticus 18:24	[true,true]
Leviticus 18:25	[]
Leviticus 18:26	[true,true,true,true]
Leviticus 18:27	[true]
Leviticus 18:28	[true,true,true]
Leviticus 18:29	[]
Leviticus 18:30	[true,true,true,true,true]
Leviticus 19:1	[]
Leviticus 19:2	[true]
Leviticus 19:3	[true,true,true]
Leviticus 19:4	[true,true]
Leviticus 19:5	[true,true,true]
Leviticus 19:6	[true]
Leviticus 19:7	[]
Leviticus 19:8	[]
Leviticus 19:9	[true,true,false,false,false]
Leviticus 19:10	[false,false,true]
Leviticus 19:11	[false,false]
Leviticus 19:12	[false,false]
Leviticus 19:13	[false,false,false]
Leviticus 19:14	[false,false,false]
Leviticus 19:15	[false,false,false,false]
Leviticus 19:16	[false,false,false,false]
Leviticus 19:17	[false,false,false,false,false]
Leviticus 19:18	[false,false,false]
Leviticus 19:19	[true,false,false,false,false]
Leviticus 19:20	[]
Leviticus 19:21	[]
Leviticus 19:22	[]
Leviticus 19:23	[true,true,true]
Leviticus 19:24	[]
Leviticus 19:25	[true,true,true]
Leviticus 19:26	[false,false]
Leviticus 19:27	[true,true,false]
Leviticus 19:28	[true,true,true]
Leviticus 19:29	[false,false]
Leviticus 19:30	[true]
Leviticus 19:31	[true,true,true]
Leviticus 19:32	[false,false]
Leviticus 19:33	[false,true,true]
Leviticus 19:34	[true,true,false,true,true]
Leviticus 19:35	[false]
Leviticus 19:36	[true,true,true]
Leviticus 19:37	[true]
Leviticus 20:1	[]
Leviticus 20:2	[]
Leviticus 20:3	[]
Leviticus 20:4	[]
Leviticus 20:5	[]
Leviticus 20:6	[]
Leviticus 20:7	[true,true]
Leviticus 20:8	[true,true]
Leviticus 20:9	[]
Leviticus 20:10	[]
Leviticus 20:11	[]
Leviticus 20:12	[]
Leviticus 20:13	[]
Leviticus 20:14	[true]
Leviticus 20:15	[true]
Leviticus 20:16	[false]
Leviticus 20:17	[]
Leviticus 20:18	[]
Leviticus 20:19	[false,false,false]
Leviticus 20:20	[]
Leviticus 20:21	[]
Leviticus 20:22	[true,true,true]
Leviticus 20:23	[true,true]
Leviticus 20:24	[true,true,true,true,true]
Leviticus 20:25	[true,true]
Leviticus 20:26	[true,true]
Leviticus 20:27	[]
Leviticus 21:1	[]
Leviticus 21:2	[]
Leviticus 21:3	[]
Leviticus 21:4	[]
Leviticus 21:5	[]
Leviticus 21:6	[]
Leviticus 21:7	[]
Leviticus 21:8	[false,false,false,true]
Leviticus 21:9	[]
Leviticus 21:10	[]
Leviticus 21:11	[]
Leviticus 21:12	[]
Leviticus 21:13	[]
Leviticus 21:14	[]
Leviticus 21:15	[]
Leviticus 21:16	[]
Leviticus 21:17	[false]
Leviticus 21:18	[]
Leviticus 21:19	[]
Leviticus 21:20	[]
Leviticus 21:21	[]
Leviticus 21:22	[]
Leviticus 21:23	[]
Leviticus 21:24	[]
Leviticus 22:1	[]
Leviticus 22:2	[]
Leviticus 22:3	[]
Leviticus 22:4	[]
Leviticus 22:5	[]
Leviticus 22:6	[]
Leviticus 22:7	[]
Leviticus 22:8	[]
Leviticus 22:9	[]
Leviticus 22:10	[]
Leviticus 22:11	[]
Leviticus 22:12	[]
Leviticus 22:13	[]
Leviticus 22:14	[]
Leviticus 22:15	[]
Leviticus 22:16	[]
Leviticus 22:17	[]
Leviticus 22:18	[]
Leviticus 22:19	[true]
Leviticus 22:20	[true,true]
Leviticus 22:21	[]
Leviticus 22:22	[false,false]
Leviticus 22:23	[false]
Leviticus 22:24	[true,true,true]
Leviticus 22:25	[true,true,true]
Leviticus 22:26	[]
Leviticus 22:27	[]
Leviticus 22:28	[false]
Leviticus 22:29	[true,true]
Leviticus 22:30	[]
Leviticus 22:31	[true]
Leviticus 22:32	[true,true]
Leviticus 22:33	[true,true]
Leviticus 23:1	[]
Leviticus 23:2	[true]
Leviticus 23:3	[true,true]
Leviticus 23:4	[true]
Leviticus 23:5	[]
Leviticus 23:6	[true]
Leviticus 23:7	[false,false]
Leviticus 23:8	[true,true]
Leviticus 23:9	[]
Leviticus 23:10	[true,true,true,true,true]
Leviticus 23:11	[true]
Leviticus 23:12	[true,true]
Leviticus 23:13	[]
Leviticus 23:14	[true,true,true,true]
Leviticus 23:15	[true,true]
Leviticus 23:16	[true]
Leviticus 23:17	[true]
Leviticus 23:18	[true]
Leviticus 23:19	[true]
Leviticus 23:20	[]
Leviticus 23:21	[true,true,true]
Leviticus 23:22	[true,true,false,false,true]
Leviticus 23:23	[]
Leviticus 23:24	[false]
Leviticus 23:25	[true,true]
Leviticus 23:26	[]
Leviticus 23:27	[true,true]
Leviticus 23:28	[true,true,true]
Leviticus 23:29	[]
Leviticus 23:30	[]
Leviticus 23:31	[true,true]
Leviticus 23:32	[true,true,true,true,true]
Leviticus 23:33	[]
Leviticus 23:34	[]
Leviticus 23:35	[false]
Leviticus 23:36	[true,true,true]
Leviticus 23:37	[true]
Leviticus 23:38	[true,true,true]
Leviticus 23:39	[true,true]
Leviticus 23:40	[true,true,true]
Leviticus 23:41	[true,true]
Leviticus 23:42	[true]
Leviticus 23:43	[true,true]
Leviticus 23:44	[]
Leviticus 24:1	[]
Leviticus 24:2	[false]
Leviticus 24:3	[]
Leviticus 24:4	[]
Leviticus 24:5	[false]
Leviticus 24:6	[]
Leviticus 24:7	[false]
Leviticus 24:8	[]
Leviticus 24:9	[]
Leviticus 24:10	[]
Leviticus 24:11	[]
Leviticus 24:12	[]
Leviticus 24:13	[]
Leviticus 24:14	[]
Leviticus 24:15	[false]
Leviticus 24:16	[]
Leviticus 24:17	[]
Leviticus 24:18	[]
Leviticus 24:19	[]
Leviticus 24:20	[]
Leviticus 24:21	[]
Leviticus 24:22	[true,true]
Leviticus 24:23	[]
Leviticus 25:1	[]
Leviticus 25:2	[true,true]
Leviticus 25:3	[false,false,false]
Leviticus 25:4	[false,false,false]
Leviticus 25:5	[false,false,false]
Leviticus 25:6	[false,false,false,false]
Leviticus 25:7	[false,false]
Leviticus 25:8	[false]
Leviticus 25:9	[false,true,true]
Leviticus 25:10	[true,true,true]
Leviticus 25:11	[true,true]
Leviticus 25:12	[true,true]
Leviticus 25:13	[true]
Leviticus 25:14	[true,false,false]
Leviticus 25:15	[false,false,false]
Leviticus 25:16	[false,false]
Leviticus 25:17	[false,true]
Leviticus 25:18	[true,true]
Leviticus 25:19	[true,true]
Leviticus 25:20	[true]
Leviticus 25:21	[true]
Leviticus 25:22	[true,true]
Leviticus 25:23	[true]
Leviticus 25:24	[true,true]
Leviticus 25:25	[false]
Leviticus 25:26	[]
Leviticus 25:27	[]
Leviticus 25:28	[]
Leviticus 25:29	[]
Leviticus 25:30	[]
Leviticus 25:31	[]
Leviticus 25:32	[]
Leviticus 25:33	[]
Leviticus 25:34	[]
Leviticus 25:35	[false,false,false,false,false]
Leviticus 25:36	[false,false,false]
Leviticus 25:37	[false,false,false]
Leviticus 25:38	[true,true,true,true]
Leviticus 25:39	[false,false,false]
Leviticus 25:40	[false,false]
Leviticus 25:41	[]
Leviticus 25:42	[]
Leviticus 25:43	[false,false,false]
Leviticus 25:44	[false,true,true]
Leviticus 25:45	[true,true,true,true,true]
Leviticus 25:46	[true,true,true,true,true]
Leviticus 25:47	[false,false]
Leviticus 25:48	[]
Leviticus 25:49	[]
Leviticus 25:50	[]
Leviticus 25:51	[]
Leviticus 25:52	[]
Leviticus 25:53	[false]
Leviticus 25:54	[]
Leviticus 25:55	[true]
Leviticus 26:1	[true,true,true,true,true]
Leviticus 26:2	[true]
Leviticus 26:3	[true]
Leviticus 26:4	[true]
Leviticus 26:5	[true,true,true,true]
Leviticus 26:6	[true,true]
Leviticus 26:7	[true,true,true]
Leviticus 26:8	[true,true,true,true]
Leviticus 26:9	[true,true,true,true]
Leviticus 26:10	[true,true]
Leviticus 26:11	[true,true]
Leviticus 26:12	[true,true,true]
Leviticus 26:13	[true,true,true,true,true]
Leviticus 26:14	[false]
Leviticus 26:15	[true]
Leviticus 26:16	[true,true,true,true,true,true,true]
Leviticus 26:17	[true,true,true,true,true,true,true]
Leviticus 26:18	[true,true,true]
Leviticus 26:19	[true,true,true]
Leviticus 26:20	[true,true]
Leviticus 26:21	[true,true,true]
Leviticus 26:22	[true,true,true,true,true,true]
Leviticus 26:23	[false]
Leviticus 26:24	[true,true,true]
Leviticus 26:25	[true,true,true,true,true]
Leviticus 26:26	[true,true,true,true]
Leviticus 26:27	[false]
Leviticus 26:28	[true,true,true]
Leviticus 26:29	[true,true]
Leviticus 26:30	[true,true,true,true,true]
Leviticus 26:31	[true,true,true]
Leviticus 26:32	[true]
Leviticus 26:33	[true,true,true,true]
Leviticus 26:34	[true,true]
Leviticus 26:35	[true]
Leviticus 26:36	[true]
Leviticus 26:37	[true,true]
Leviticus 26:38	[true,true,true]
Leviticus 26:39	[true,true]
Leviticus 26:40	[]
Leviticus 26:41	[]
Leviticus 26:42	[]
Leviticus 26:43	[]
Leviticus 26:44	[]
Leviticus 26:45	[]
Leviticus 26:46	[]
Leviticus 27:1	[]
Leviticus 27:2	[]
Leviticus 27:3	[false]
Leviticus 27:4	[false]
Leviticus 27:5	[false]
Leviticus 27:6	[false]
Leviticus 27:7	[false]
Leviticus 27:8	[]
Leviticus 27:9	[]
Leviticus 27:10	[]
Leviticus 27:11	[]
Leviticus 27:12	[]
Leviticus 27:13	[]
Leviticus 27:14	[]
Leviticus 27:15	[]
Leviticus 27:16	[false]
Leviticus 27:17	[false]
Leviticus 27:18	[false]
Leviticus 27:19	[]
Leviticus 27:20	[]
Leviticus 27:21	[]
Leviticus 27:22	[]
Leviticus 27:23	[]
Leviticus 27:24	[]
Leviticus 27:25	[]
Leviticus 27:26	[]
Leviticus 27:27	[false,false]
Leviticus 27:28	[]
Leviticus 27:29	[]
Leviticus 27:30	[]
Leviticus 27:31	[]
Leviticus 27:32	[]
Leviticus 27:33	[]
Leviticus 27:34	[]
Numbers 1:1	[]
Numbers 1:2	[]
Numbers 1:3	[false]
Numbers 1:4	[true]
Numbers 1:5	[true]
Numbers 1:6	[]
Numbers 1:7	[]
Numbers 1:8	[]
Numbers 1:9	[]
Numbers 1:10	[]
Numbers 1:11	[]
Numbers 1:12	[]
Numbers 1:13	[]
Numbers 1:14	[]
Numbers 1:15	[]
Numbers 1:16	[]
Numbers 1:17	[]
Numbers 1:18	[]
Numbers 1:19	[]
Numbers 1:20	[]
Numbers 1:21	[]
Numbers 1:22	[]
Numbers 1:23	[]
Numbers 1:24	[]
Numbers 1:25	[]
Numbers 1:26	[]
Numbers 1:27	[]
Numbers 1:28	[]
Numbers 1:29	[]
Numbers 1:30	[]
Numbers 1:31	[]
Numbers 1:32	[]
Numbers 1:33	[]
Numbers 1:34	[]
Numbers 1:35	[]
Numbers 1:36	[]
Numbers 1:37	[]
Numbers 1:38	[]
Numbers 1:39	[]
Numbers 1:40	[]
Numbers 1:41	[]
Numbers 1:42	[]
Numbers 1:43	[]
Numbers 1:44	[]
Numbers 1:45	[]
Numbers 1:46	[]
Numbers 1:47	[]
Numbers 1:48	[]
Numbers 1:49	[]
Numbers 1:50	[false]
Numbers 1:51	[]
Numbers 1:52	[]
Numbers 1:53	[]
Numbers 1:54	[]
Numbers 2:1	[]
Numbers 2:2	[]
Numbers 2:3	[]
Numbers 2:4	[]
Numbers 2:5	[]
Numbers 2:6	[]
Numbers 2:7	[]
Numbers 2:8	[]
Numbers 2:9	[]
Numbers 2:10	[]
Numbers 2:11	[]
Numbers 2:12	[]
Numbers 2:13	[]
Numbers 2:14	[]
Numbers 2:15	[]
Numbers 2:16	[]
Numbers 2:17	[]
Numbers 2:18	[]
Numbers 2:19	[]
Numbers 2:20	[]
Numbers 2:21	[]
Numbers 2:22	[]
Numbers 2:23	[]
Numbers 2:24	[]
Numbers 2:25	[]
Numbers 2:26	[]
Numbers 2:27	[]
Numbers 2:28	[]
Numbers 2:29	[]
Numbers 2:30	[]
Numbers 2:31	[]
Numbers 2:32	[]
Numbers 2:33	[]
Numbers 2:34	[]
Numbers 3:1	[]
Numbers 3:2	[]
Numbers 3:3	[]
Numbers 3:4	[]
Numbers 3:5	[]
Numbers 3:6	[]
Numbers 3:7	[]
Numbers 3:8	[]
Numbers 3:9	[]
Numbers 3:10	[false]
Numbers 3:11	[]
Numbers 3:12	[]
Numbers 3:13	[]
Numbers 3:14	[]
Numbers 3:15	[false]
Numbers 3:16	[]
Numbers 3:17	[]
Numbers 3:18	[]
Numbers 3:19	[]
Numbers 3:20	[]
Numbers 3:21	[]
Numbers 3:22	[]
Numbers 3:23	[]
Numbers 3:24	[]
Numbers 3:25	[]
Numbers 3:26	[]
Numbers 3:27	[]
Numbers 3:28	[]
Numbers 3:29	[]
Numbers 3:30	[]
Numbers 3:31	[]
Numbers 3:32	[]
Numbers 3:33	[]
Numbers 3:34	[]
Numbers 3:35	[]
Numbers 3:36	[]
Numbers 3:37	[]
Numbers 3:38	[]
Numbers 3:39	[]
Numbers 3:40	[]
Numbers 3:41	[false]
Numbers 3:42	[]
Numbers 3:43	[]
Numbers 3:44	[]
Numbers 3:45	[]
Numbers 3:46	[]
Numbers 3:47	[false]
Numbers 3:48	[]
Numbers 3:49	[]
Numbers 3:50	[]
Numbers 3:51	[]
Numbers 4:1	[]
Numbers 4:2	[]
Numbers 4:3	[]
Numbers 4:4	[]
Numbers 4:5	[]
Numbers 4:6	[]
Numbers 4:7	[]
Numbers 4:8	[]
Numbers 4:9	[]
Numbers 4:10	[]
Numbers 4:11	[]
Numbers 4:12	[]
Numbers 4:13	[]
Numbers 4:14	[]
Numbers 4:15	[]
Numbers 4:16	[]
Numbers 4:17	[]
Numbers 4:18	[]
Numbers 4:19	[]
Numbers 4:20	[]
Numbers 4:21	[]
Numbers 4:22	[]
Numbers 4:23	[]
Numbers 4:24	[]
Numbers 4:25	[]
Numbers 4:26	[]
Numbers 4:27	[true]
Numbers 4:28	[]
Numbers 4:29	[false]
Numbers 4:30	[]
Numbers 4:31	[]
Numbers 4:32	[true]
Numbers 4:33	[]
Numbers 4:34	[]
Numbers 4:35	[]
Numbers 4:36	[]
Numbers 4:37	[]
Numbers 4:38	[]
Numbers 4:39	[]
Numbers 4:40	[]
Numbers 4:41	[]
Numbers 4:42	[]
Numbers 4:43	[]
Numbers 4:44	[]
Numbers 4:45	[]
Numbers 4:46	[]
Numbers 4:47	[]
Numbers 4:48	[]
Numbers 4:49	[]
Numbers 5:1	[]
Numbers 5:2	[]
Numbers 5:3	[true]
Numbers 5:4	[]
Numbers 5:5	[]
Numbers 5:6	[]
Numbers 5:7	[]
Numbers 5:8	[]
Numbers 5:9	[]
Numbers 5:10	[]
Numbers 5:11	[]
Numbers 5:12	[]
Numbers 5:13	[]
Numbers 5:14	[]
Numbers 5:15	[]
Numbers 5:16	[]
Numbers 5:17	[]
Numbers 5:18	[]
Numbers 5:19	[false,false,false,false]
Numbers 5:20	[false,false,false,false]
Numbers 5:21	[false,false,false,false]
Numbers 5:22	[false,false,false]
Numbers 5:23	[]
Numbers 5:24	[]
Numbers 5:25	[]
Numbers 5:26	[]
Numbers 5:27	[]
Numbers 5:28	[]
Numbers 5:29	[]
Numbers 5:30	[]
Numbers 5:31	[]
Numbers 6:1	[]
Numbers 6:2	[]
Numbers 6:3	[]
Numbers 6:4	[]
Numbers 6:5	[]
Numbers 6:6	[]
Numbers 6:7	[]
Numbers 6:8	[]
Numbers 6:9	[]
Numbers 6:10	[]
Numbers 6:11	[]
Numbers 6:12	[]
Numbers 6:13	[]
Numbers 6:14	[]
Numbers 6:15	[]
Numbers 6:16	[]
Numbers 6:17	[]
Numbers 6:18	[]
Numbers 6:19	[]
Numbers 6:20	[]
Numbers 6:21	[]
Numbers 6:22	[]
Numbers 6:23	[true]
Numbers 6:24	[false,false]
Numbers 6:25	[false,false]
Numbers 6:26	[false,false]
Numbers 6:27	[]
Numbers 7:1	[]
Numbers 7:2	[]
Numbers 7:3	[]
Numbers 7:4	[]
Numbers 7:5	[]
Numbers 7:6	[]
Numbers 7:7	[]
Numbers 7:8	[]
Numbers 7:9	[]
Numbers 7:10	[]
Numbers 7:11	[]
Numbers 7:12	[]
Numbers 7:13	[]
Numbers 7:14	[]
Numbers 7:15	[]
Numbers 7:16	[]
Numbers 7:17	[]
Numbers 7:18	[]
Numbers 7:19	[]
Numbers 7:20	[]
Numbers 7:21	[]
Numbers 7:22	[]
Numbers 7:23	[]
Numbers 7:24	[]
Numbers 7:25	[]
Numbers 7:26	[]
Numbers 7:27	[]
Numbers 7:28	[]
Numbers 7:29	[]
Numbers 7:30	[]
Numbers 7:31	[]
Numbers 7:32	[]
Numbers 7:33	[]
Numbers 7:34	[]
Numbers 7:35	[]
Numbers 7:36	[]
Numbers 7:37	[]
Numbers 7:38	[]
Numbers 7:39	[]
Numbers 7:40	[]
Numbers 7:41	[]
Numbers 7:42	[]
Numbers 7:43	[]
Numbers 7:44	[]
Numbers 7:45	[]
Numbers 7:46	[]
Numbers 7:47	[]
Numbers 7:48	[]
Numbers 7:49	[]
Numbers 7:50	[]
Numbers 7:51	[]
Numbers 7:52	[]
Numbers 7:53	[]
Numbers 7:54	[]
Numbers 7:55	[]
Numbers 7:56	[]
Numbers 7:57	[]
Numbers 7:58	[]
Numbers 7:59	[]
Numbers 7:60	[]
Numbers 7:61	[]
Numbers 7:62	[]
Numbers 7:63	[]
Numbers 7:64	[]
Numbers 7:65	[]
Numbers 7:66	[]
Numbers 7:67	[]
Numbers 7:68	[]
Numbers 7:69	[]
Numbers 7:70	[]
Numbers 7:71	[]
Numbers 7:72	[]
Numbers 7:73	[]
Numbers 7:74	[]
Numbers 7:75	[]
Numbers 7:76	[]
Numbers 7:77	[]
Numbers 7:78	[]
Numbers 7:79	[]
Numbers 7:80	[]
Numbers 7:81	[]
Numbers 7:82	[]
Numbers 7:83	[]
Numbers 7:84	[]
Numbers 7:85	[]
Numbers 7:86	[]
Numbers 7:87	[]
Numbers 7:88	[]
Numbers 7:89	[]
Numbers 8:1	[]
Numbers 8:2	[false]
Numbers 8:3	[]
Numbers 8:4	[]
Numbers 8:5	[]
Numbers 8:6	[]
Numbers 8:7	[false]
Numbers 8:8	[false]
Numbers 8:9	[]
Numbers 8:10	[false]
Numbers 8:11	[]
Numbers 8:12	[]
Numbers 8:13	[false]
Numbers 8:14	[false]
Numbers 8:15	[false]
Numbers 8:16	[]
Numbers 8:17	[]
Numbers 8:18	[]
Numbers 8:19	[]
Numbers 8:20	[]
Numbers 8:21	[]
Numbers 8:22	[]
Numbers 8:23	[]
Numbers 8:24	[]
Numbers 8:25	[]
Numbers 8:26	[false]
Numbers 9:1	[]
Numbers 9:2	[]
Numbers 9:3	[true]
Numbers 9:4	[]
Numbers 9:5	[]
Numbers 9:6	[]
Numbers 9:7	[]
Numbers 9:8	[true]
Numbers 9:9	[]
Numbers 9:10	[true,true]
Numbers 9:11	[]
Numbers 9:12	[]
Numbers 9:13	[]
Numbers 9:14	[true,true]
Numbers 9:15	[]
Numbers 9:16	[]
Numbers 9:17	[]
Numbers 9:18	[]
Numbers 9:19	[]
Numbers 9:20	[]
Numbers 9:21	[]
Numbers 9:22	[]
Numbers 9:23	[]
Numbers 10:1	[]
Numbers 10:2	[]
Numbers 10:3	[false]
Numbers 10:4	[false]
Numbers 10:5	[true]
Numbers 10:6	[true]
Numbers 10:7	[true]
Numbers 10:8	[true]
Numbers 10:9	[true,true,true,true,true,true]
Numbers 10:10	[true,true,true,true,true,true,true]
Numbers 10:11	[]
Numbers 10:12	[]
Numbers 10:13	[]
Numbers 10:14	[]
Numbers 10:15	[]
Numbers 10:16	[]
Numbers 10:17	[]
Numbers 10:18	[]
Numbers 10:19	[]
Numbers 10:20	[]
Numbers 10:21	[]
Numbers 10:22	[]
Numbers 10:23	[]
Numbers 10:24	[]
Numbers 10:25	[]
Numbers 10:26	[]
Numbers 10:27	[]
Numbers 10:28	[]
Numbers 10:29	[true,true]
Numbers 10:30	[]
Numbers 10:31	[false,false]
Numbers 10:32	[false,false]
Numbers 10:33	[]
Numbers 10:34	[]
Numbers 10:35	[false,false,false]
Numbers 10:36	[]
Numbers 11:1	[]
Numbers 11:2	[]
Numbers 11:3	[]
Numbers 11:4	[]
Numbers 11:5	[]
Numbers 11:6	[]
Numbers 11:7	[]
Numbers 11:8	[]
Numbers 11:9	[]
Numbers 11:10	[]
Numbers 11:11	[false,false,false,false]
Numbers 11:12	[false,false,false]
Numbers 11:13	[]
Numbers 11:14	[]
Numbers 11:15	[false,false]
Numbers 11:16	[false,false]
Numbers 11:17	[false,false,false,false,false]
Numbers 11:18	[true,true,true,true,true]
Numbers 11:19	[true]
Numbers 11:20	[true,true,true,true]
Numbers 11:21	[false]
Numbers 11:22	[]
Numbers 11:23	[false]
Numbers 11:24	[]
Numbers 11:25	[]
Numbers 11:26	[]
Numbers 11:27	[]
Numbers 11:28	[]
Numbers 11:29	[false]
Numbers 11:30	[]
Numbers 11:31	[]
Numbers 11:32	[]
Numbers 11:33	[]
Numbers 11:34	[]
Numbers 11:35	[]
Numbers 12:1	[]
Numbers 12:2	[]
Numbers 12:3	[]
Numbers 12:4	[true]
Numbers 12:5	[]
Numbers 12:6	[true]
Numbers 12:7	[]
Numbers 12:8	[true]
Numbers 12:9	[]
Numbers 12:10	[]
Numbers 12:11	[]
Numbers 12:12	[]
Numbers 12:13	[]
Numbers 12:14	[]
Numbers 12:15	[]
Numbers 12:16	[]
Numbers 13:1	[]
Numbers 13:2	[false]
Numbers 13:3	[]
Numbers 13:4	[]
Numbers 13:5	[]
Numbers 13:6	[]
Numbers 13:7	[]
Numbers 13:8	[]
Numbers 13:9	[]
Numbers 13:10	[]
Numbers 13:11	[]
Numbers 13:12	[]
Numbers 13:13	[]
Numbers 13:14	[]
Numbers 13:15	[]
Numbers 13:16	[]
Numbers 13:17	[]
Numbers 13:18	[]
Numbers 13:19	[]
Numbers 13:20	[]
Numbers 13:21	[]
Numbers 13:22	[]
Numbers 13:23	[]
Numbers 13:24	[]
Numbers 13:25	[]
Numbers 13:26	[]
Numbers 13:27	[false]
Numbers 13:28	[]
Numbers 13:29	[]
Numbers 13:30	[]
Numbers 13:31	[]
Numbers 13:32	[]
Numbers 13:33	[]
Numbers 14:1	[]
Numbers 14:2	[]
Numbers 14:3	[]
Numbers 14:4	[]
Numbers 14:5	[]
Numbers 14:6	[]
Numbers 14:7	[]
Numbers 14:8	[]
Numbers 14:9	[]
Numbers 14:10	[]
Numbers 14:11	[]
Numbers 14:12	[false]
Numbers 14:13	[false,false]
Numbers 14:14	[false,false,false,false]
Numbers 14:15	[false,false]
Numbers 14:16	[]
Numbers 14:17	[false]
Numbers 14:18	[]
Numbers 14:19	[false,false]
Numbers 14:20	[false]
Numbers 14:21	[]
Numbers 14:22	[]
Numbers 14:23	[]
Numbers 14:24	[]
Numbers 14:25	[]
Numbers 14:26	[]
Numbers 14:27	[]
Numbers 14:28	[true,true]
Numbers 14:29	[true,true]
Numbers 14:30	[true,true]
Numbers 14:31	[true,true,true]
Numbers 14:32	[true,true]
Numbers 14:33	[true,true,true]
Numbers 14:34	[true,true,true,true]
Numbers 14:35	[]
Numbers 14:36	[]
Numbers 14:37	[]
Numbers 14:38	[]
Numbers 14:39	[]
Numbers 14:40	[]
Numbers 14:41	[true]
Numbers 14:42	[true,true,true]
Numbers 14:43	[true,true,true,true]
Numbers 14:44	[]
Numbers 14:45	[]
Numbers 15:1	[]
Numbers 15:2	[true,true]
Numbers 15:3	[true]
Numbers 15:4	[]
Numbers 15:5	[false]
Numbers 15:6	[false]
Numbers 15:7	[]
Numbers 15:8	[false]
Numbers 15:9	[]
Numbers 15:10	[]
Numbers 15:11	[]
Numbers 15:12	[true]
Numbers 15:13	[]
Numbers 15:14	[true,true,true]
Numbers 15:15	[true,true]
Numbers 15:16	[true,true]
Numbers 15:17	[]
Numbers 15:18	[true,true]
Numbers 15:19	[true,true]
Numbers 15:20	[true,true]
Numbers 15:21	[true,true,true]
Numbers 15:22	[true]
Numbers 15:23	[false]
Numbers 15:24	[]
Numbers 15:25	[]
Numbers 15:26	[]
Numbers 15:27	[]
Numbers 15:28	[]
Numbers 15:29	[true,true]
Numbers 15:30	[]
Numbers 15:31	[]
Numbers 15:32	[]
Numbers 15:33	[]
Numbers 15:34	[]
Numbers 15:35	[]
Numbers 15:36	[]
Numbers 15:37	[]
Numbers 15:38	[]
Numbers 15:39	[true,true,true,true,true,true]
Numbers 15:40	[true,true,true]
Numbers 15:41	[true,true,true,true]
Numbers 16:1	[]
Numbers 16:2	[]
Numbers 16:3	[true,true,true,true]
Numbers 16:4	[]
Numbers 16:5	[]
Numbers 16:6	[false,false]
Numbers 16:7	[true,true,true]
Numbers 16:8	[false]
Numbers 16:9	[false,false,false]
Numbers 16:10	[false,false,false,true]
Numbers 16:11	[false,false,true]
Numbers 16:12	[]
Numbers 16:13	[false,false,false]
Numbers 16:14	[false,false]
Numbers 16:15	[]
Numbers 16:16	[false,false,false]
Numbers 16:17	[false,false]
Numbers 16:18	[]
Numbers 16:19	[]
Numbers 16:20	[]
Numbers 16:21	[true]
Numbers 16:22	[false]
Numbers 16:23	[]
Numbers 16:24	[]
Numbers 16:25	[]
Numbers 16:26	[true]
Numbers 16:27	[]
Numbers 16:28	[true]
Numbers 16:29	[]
Numbers 16:30	[true]
Numbers 16:31	[]
Numbers 16:32	[]
Numbers 16:33	[]
Numbers 16:34	[]
Numbers 16:35	[]
Numbers 16:36	[]
Numbers 16:37	[]
Numbers 16:38	[]
Numbers 16:39	[]
Numbers 16:40	[]
Numbers 16:41	[true]
Numbers 16:42	[]
Numbers 16:43	[]
Numbers 16:44	[]
Numbers 16:45	[]
Numbers 16:46	[false]
Numbers 16:47	[]
Numbers 16:48	[]
Numbers 16:49	[]
Numbers 16:50	[]
Numbers 17:1	[]
Numbers 17:2	[]
Numbers 17:3	[]
Numbers 17:4	[true]
Numbers 17:5	[true]
Numbers 17:6	[]
Numbers 17:7	[]
Numbers 17:8	[]
Numbers 17:9	[]
Numbers 17:10	[false]
Numbers 17:11	[]
Numbers 17:12	[]
Numbers 17:13	[]
Numbers 18:1	[false,false,false,false,false,true]
Numbers 18:2	[false,false,false,false,false,false]
Numbers 18:3	[false,true]
Numbers 18:4	[false,true]
Numbers 18:5	[true]
Numbers 18:6	[true,true]
Numbers 18:7	[false,false,true,true,true]
Numbers 18:8	[false,false,false]
Numbers 18:9	[false,false,false]
Numbers 18:10	[false,false]
Numbers 18:11	[false,false,false,false]
Numbers 18:12	[false]
Numbers 18:13	[false,false]
Numbers 18:14	[false]
Numbers 18:15	[false,false]
Numbers 18:16	[false,false]
Numbers 18:17	[false,false]
Numbers 18:18	[false,false]
Numbers 18:19	[false,false,false,false]
Numbers 18:20	[false,false,false,false]
Numbers 18:21	[]
Numbers 18:22	[]
Numbers 18:23	[]
Numbers 18:24	[]
Numbers 18:25	[]
Numbers 18:26	[true,true,true,true]
Numbers 18:27	[true,true]
Numbers 18:28	[true,true,true]
Numbers 18:29	[true]
Numbers 18:30	[true,true]
Numbers 18:31	[true,true,true]
Numbers 18:32	[true,true,true,true]
Numbers 19:1	[]
Numbers 19:2	[false]
Numbers 19:3	[]
Numbers 19:4	[]
Numbers 19:5	[]
Numbers 19:6	[]
Numbers 19:7	[]
Numbers 19:8	[]
Numbers 19:9	[]
Numbers 19:10	[]
Numbers 19:11	[]
Numbers 19:12	[]
Numbers 19:13	[]
Numbers 19:14	[]
Numbers 19:15	[]
Numbers 19:16	[]
Numbers 19:17	[]
Numbers 19:18	[]
Numbers 19:19	[]
Numbers 19:20	[]
Numbers 19:21	[]
Numbers 19:22	[]
Numbers 20:1	[]
Numbers 20:2	[]
Numbers 20:3	[]
Numbers 20:4	[true]
Numbers 20:5	[true]
Numbers 20:6	[]
Numbers 20:7	[]
Numbers 20:8	[false,false,false]
Numbers 20:9	[]
Numbers 20:10	[true,true]
Numbers 20:11	[]
Numbers 20:12	[false,false]
Numbers 20:13	[]
Numbers 20:14	[false,false]
Numbers 20:15	[]
Numbers 20:16	[false]
Numbers 20:17	[false,false]
Numbers 20:18	[false,false]
Numbers 20:19	[false]
Numbers 20:20	[false]
Numbers 20:21	[]
Numbers 20:22	[]
Numbers 20:23	[]
Numbers 20:24	[true]
Numbers 20:25	[]
Numbers 20:26	[]
Numbers 20:27	[]
Numbers 20:28	[]
Numbers 20:29	[]
Numbers 21:1	[]
Numbers 21:2	[false]
Numbers 21:3	[]
Numbers 21:4	[]
Numbers 21:5	[true]
Numbers 21:6	[]
Numbers 21:7	[false]
Numbers 21:8	[]
Numbers 21:9	[]
Numbers 21:10	[]
Numbers 21:11	[]
Numbers 21:12	[]
Numbers 21:13	[]
Numbers 21:14	[]
Numbers 21:15	[]
Numbers 21:16	[]
Numbers 21:17	[true]
Numbers 21:18	[]
Numbers 21:19	[]
Numbers 21:20	[]
Numbers 21:21	[]
Numbers 21:22	[false,false]
Numbers 21:23	[]
Numbers 21:24	[]
Numbers 21:25	[]
Numbers 21:26	[]
Numbers 21:27	[]
Numbers 21:28	[]
Numbers 21:29	[false,false]
Numbers 21:30	[]
Numbers 21:31	[]
Numbers 21:32	[]
Numbers 21:33	[]
Numbers 21:34	[false,false]
Numbers 21:35	[]
Numbers 22:1	[]
Numbers 22:2	[]
Numbers 22:3	[]
Numbers 22:4	[]
Numbers 22:5	[]
Numbers 22:6	[false,false]
Numbers 22:7	[]
Numbers 22:8	[false]
Numbers 22:9	[false]
Numbers 22:10	[]
Numbers 22:11	[]
Numbers 22:12	[false]
Numbers 22:13	[true,true]
Numbers 22:14	[]
Numbers 22:15	[]
Numbers 22:16	[false]
Numbers 22:17	[false,false]
Numbers 22:18	[]
Numbers 22:19	[]
Numbers 22:20	[false,false,false]
Numbers 22:21	[]
Numbers 22:22	[]
Numbers 22:23	[]
Numbers 22:24	[]
Numbers 22:25	[]
Numbers 22:26	[]
Numbers 22:27	[]
Numbers 22:28	[false,false]
Numbers 22:29	[false,false]
Numbers 22:30	[false,false,false]
Numbers 22:31	[]
Numbers 22:32	[false,false,false,false]
Numbers 22:33	[false]
Numbers 22:34	[false,false]
Numbers 22:35	[false,false]
Numbers 22:36	[]
Numbers 22:37	[false,false,false]
Numbers 22:38	[false]
Numbers 22:39	[]
Numbers 22:40	[]
Numbers 22:41	[]
Numbers 23:1	[]
Numbers 23:2	[]
Numbers 23:3	[false,false]
Numbers 23:4	[]
Numbers 23:5	[]
Numbers 23:6	[]
Numbers 23:7	[]
Numbers 23:8	[]
Numbers 23:9	[]
Numbers 23:10	[]
Numbers 23:11	[false,false,false]
Numbers 23:12	[]
Numbers 23:13	[false,false]
Numbers 23:14	[]
Numbers 23:15	[false]
Numbers 23:16	[false]
Numbers 23:17	[]
Numbers 23:18	[]
Numbers 23:19	[]
Numbers 23:20	[]
Numbers 23:21	[]
Numbers 23:22	[]
Numbers 23:23	[]
Numbers 23:24	[]
Numbers 23:25	[]
Numbers 23:26	[false]
Numbers 23:27	[false,false]
Numbers 23:28	[]
Numbers 23:29	[]
Numbers 23:30	[]
Numbers 24:1	[]
Numbers 24:2	[]
Numbers 24:3	[]
Numbers 24:4	[]
Numbers 24:5	[false,false]
Numbers 24:6	[]
Numbers 24:7	[]
Numbers 24:8	[]
Numbers 24:9	[false,false]
Numbers 24:10	[false,false]
Numbers 24:11	[false,false,false]
Numbers 24:12	[false]
Numbers 24:13	[]
Numbers 24:14	[false,false]
Numbers 24:15	[]
Numbers 24:16	[]
Numbers 24:17	[]
Numbers 24:18	[]
Numbers 24:19	[]
Numbers 24:20	[]
Numbers 24:21	[false,false]
Numbers 24:22	[false]
Numbers 24:23	[]
Numbers 24:24	[]
Numbers 24:25	[]
Numbers 25:1	[]
Numbers 25:2	[]
Numbers 25:3	[]
Numbers 25:4	[]
Numbers 25:5	[true]
Numbers 25:6	[]
Numbers 25:7	[]
Numbers 25:8	[]
Numbers 25:9	[]
Numbers 25:10	[]
Numbers 25:11	[]
Numbers 25:12	[]
Numbers 25:13	[]
Numbers 25:14	[]
Numbers 25:15	[]
Numbers 25:16	[]
Numbers 25:17	[]
Numbers 25:18	[true,true]
Numbers 26:1	[]
Numbers 26:2	[]
Numbers 26:3	[]
Numbers 26:4	[]
Numbers 26:5	[]
Numbers 26:6	[]
Numbers 26:7	[]
Numbers 26:8	[]
Numbers 26:9	[]
Numbers 26:10	[]
Numbers 26:11	[]
Numbers 26:12	[]
Numbers 26:13	[]
Numbers 26:14	[]
Numbers 26:15	[]
Numbers 26:16	[]
Numbers 26:17	[]
Numbers 26:18	[]
Numbers 26:19	[]
Numbers 26:20	[]
Numbers 26:21	[]
Numbers 26:22	[]
Numbers 26:23	[]
Numbers 26:24	[]
Numbers 26:25	[]
Numbers 26:26	[]
Numbers 26:27	[]
Numbers 26:28	[]
Numbers 26:29	[]
Numbers 26:30	[]
Numbers 26:31	[]
Numbers 26:32	[]
Numbers 26:33	[]
Numbers 26:34	[]
Numbers 26:35	[]
Numbers 26:36	[]
Numbers 26:37	[]
Numbers 26:38	[]
Numbers 26:39	[]
Numbers 26:40	[]
Numbers 26:41	[]
Numbers 26:42	[]
Numbers 26:43	[]
Numbers 26:44	[]
Numbers 26:45	[]
Numbers 26:46	[]
Numbers 26:47	[]
Numbers 26:48	[]
Numbers 26:49	[]
Numbers 26:50	[]
Numbers 26:51	[]
Numbers 26:52	[]
Numbers 26:53	[]
Numbers 26:54	[]
Numbers 26:55	[]
Numbers 26:56	[]
Numbers 26:57	[]
Numbers 26:58	[]
Numbers 26:59	[]
Numbers 26:60	[]
Numbers 26:61	[]
Numbers 26:62	[]
Numbers 26:63	[]
Numbers 26:64	[]
Numbers 26:65	[]
Numbers 27:1	[]
Numbers 27:2	[]
Numbers 27:3	[]
Numbers 27:4	[]
Numbers 27:5	[]
Numbers 27:6	[]
Numbers 27:7	[false]
Numbers 27:8	[false,true]
Numbers 27:9	[]
Numbers 27:10	[]
Numbers 27:11	[]
Numbers 27:12	[]
Numbers 27:13	[false,false,false,false]
Numbers 27:14	[true]
Numbers 27:15	[]
Numbers 27:16	[]
Numbers 27:17	[]
Numbers 27:18	[false]
Numbers 27:19	[]
Numbers 27:20	[false]
Numbers 27:21	[]
Numbers 27:22	[]
Numbers 27:23	[]
Numbers 28:1	[]
Numbers 28:2	[false]
Numbers 28:3	[true]
Numbers 28:4	[]
Numbers 28:5	[]
Numbers 28:6	[]
Numbers 28:7	[]
Numbers 28:8	[]
Numbers 28:9	[]
Numbers 28:10	[]
Numbers 28:11	[true]
Numbers 28:12	[]
Numbers 28:13	[]
Numbers 28:14	[]
Numbers 28:15	[]
Numbers 28:16	[]
Numbers 28:17	[]
Numbers 28:18	[false]
Numbers 28:19	[]
Numbers 28:20	[]
Numbers 28:21	[]
Numbers 28:22	[true]
Numbers 28:23	[true]
Numbers 28:24	[]
Numbers 28:25	[false,false]
Numbers 28:26	[true,true,true]
Numbers 28:27	[]
Numbers 28:28	[]
Numbers 28:29	[]
Numbers 28:30	[true]
Numbers 28:31	[]
Numbers 29:1	[true,true,true]
Numbers 29:2	[true]
Numbers 29:3	[]
Numbers 29:4	[]
Numbers 29:5	[true]
Numbers 29:6	[]
Numbers 29:7	[true,true,true,true]
Numbers 29:8	[]
Numbers 29:9	[]
Numbers 29:10	[]
Numbers 29:11	[]
Numbers 29:12	[true,true,true]
Numbers 29:13	[true]
Numbers 29:14	[]
Numbers 29:15	[]
Numbers 29:16	[]
Numbers 29:17	[false]
Numbers 29:18	[]
Numbers 29:19	[]
Numbers 29:20	[false]
Numbers 29:21	[]
Numbers 29:22	[]
Numbers 29:23	[false]
Numbers 29:24	[]
Numbers 29:25	[]
Numbers 29:26	[false]
Numbers 29:27	[]
Numbers 29:28	[]
Numbers 29:29	[false]
Numbers 29:30	[]
Numbers 29:31	[]
Numbers 29:32	[false]
Numbers 29:33	[]
Numbers 29:34	[]
Numbers 29:35	[false,false]
Numbers 29:36	[true]
Numbers 29:37	[]
Numbers 29:38	[]
Numbers 29:39	[true,true,true]
Numbers 29:40	[]
Numbers 30:1	[]
Numbers 30:2	[]
Numbers 30:3	[]
Numbers 30:4	[]
Numbers 30:5	[]
Numbers 30:6	[]
Numbers 30:7	[]
Numbers 30:8	[]
Numbers 30:9	[]
Numbers 30:10	[]
Numbers 30:11	[]
Numbers 30:12	[]
Numbers 30:13	[]
Numbers 30:14	[]
Numbers 30:15	[]
Numbers 30:16	[]
Numbers 31:1	[]
Numbers 31:2	[false,false]
Numbers 31:3	[false]
Numbers 31:4	[]
Numbers 31:5	[]
Numbers 31:6	[]
Numbers 31:7	[]
Numbers 31:8	[]
Numbers 31:9	[]
Numbers 31:10	[]
Numbers 31:11	[]
Numbers 31:12	[]
Numbers 31:13	[]
Numbers 31:14	[]
Numbers 31:15	[true]
Numbers 31:16	[]
Numbers 31:17	[]
Numbers 31:18	[true]
Numbers 31:19	[true,true,true,true]
Numbers 31:20	[]
Numbers 31:21	[]
Numbers 31:22	[]
Numbers 31:23	[]
Numbers 31:24	[true,true,true,true]
Numbers 31:25	[]
Numbers 31:26	[false]
Numbers 31:27	[]
Numbers 31:28	[]
Numbers 31:29	[]
Numbers 31:30	[]
Numbers 31:31	[]
Numbers 31:32	[]
Numbers 31:33	[]
Numbers 31:34	[]
Numbers 31:35	[]
Numbers 31:36	[]
Numbers 31:37	[]
Numbers 31:38	[]
Numbers 31:39	[]
Numbers 31:40	[]
Numbers 31:41	[]
Numbers 31:42	[]
Numbers 31:43	[]
Numbers 31:44	[]
Numbers 31:45	[]
Numbers 31:46	[]
Numbers 31:47	[]
Numbers 31:48	[]
Numbers 31:49	[false]
Numbers 31:50	[]
Numbers 31:51	[]
Numbers 31:52	[]
Numbers 31:53	[]
Numbers 31:54	[]
Numbers 32:1	[]
Numbers 32:2	[]
Numbers 32:3	[]
Numbers 32:4	[false]
Numbers 32:5	[false,false]
Numbers 32:6	[true,true]
Numbers 32:7	[true]
Numbers 32:8	[true]
Numbers 32:9	[false]
Numbers 32:10	[]
Numbers 32:11	[]
Numbers 32:12	[]
Numbers 32:13	[]
Numbers 32:14	[true,true]
Numbers 32:15	[true,true]
Numbers 32:16	[]
Numbers 32:17	[]
Numbers 32:18	[]
Numbers 32:19	[]
Numbers 32:20	[true,true,true]
Numbers 32:21	[false]
Numbers 32:22	[true,true]
Numbers 32:23	[true,true,true,true]
Numbers 32:24	[true,true,true]
Numbers 32:25	[false]
Numbers 32:26	[]
Numbers 32:27	[false]
Numbers 32:28	[]
Numbers 32:29	[true,true,true]
Numbers 32:30	[true,true]
Numbers 32:31	[false]
Numbers 32:32	[]
Numbers 32:33	[]
Numbers 32:34	[]
Numbers 32:35	[]
Numbers 32:36	[]
Numbers 32:37	[]
Numbers 32:38	[]
Numbers 32:39	[]
Numbers 32:40	[]
Numbers 32:41	[]
Numbers 32:42	[]
Numbers 33:1	[]
Numbers 33:2	[]
Numbers 33:3	[]
Numbers 33:4	[]
Numbers 33:5	[]
Numbers 33:6	[]
Numbers 33:7	[]
Numbers 33:8	[]
Numbers 33:9	[]
Numbers 33:10	[]
Numbers 33:11	[]
Numbers 33:12	[]
Numbers 33:13	[]
Numbers 33:14	[]
Numbers 33:15	[]
Numbers 33:16	[]
Numbers 33:17	[]
Numbers 33:18	[]
Numbers 33:19	[]
Numbers 33:20	[]
Numbers 33:21	[]
Numbers 33:22	[]
Numbers 33:23	[]
Numbers 33:24	[]
Numbers 33:25	[]
Numbers 33:26	[]
Numbers 33:27	[]
Numbers 33:28	[]
Numbers 33:29	[]
Numbers 33:30	[]
Numbers 33:31	[]
Numbers 33:32	[]
Numbers 33:33	[]
Numbers 33:34	[]
Numbers 33:35	[]
Numbers 33:36	[]
Numbers 33:37	[]
Numbers 33:38	[]
Numbers 33:39	[]
Numbers 33:40	[]
Numbers 33:41	[]
Numbers 33:42	[]
Numbers 33:43	[]
Numbers 33:44	[]
Numbers 33:45	[]
Numbers 33:46	[]
Numbers 33:47	[]
Numbers 33:48	[]
Numbers 33:49	[]
Numbers 33:50	[]
Numbers 33:51	[true]
Numbers 33:52	[true,true]
Numbers 33:53	[true,true]
Numbers 33:54	[true,true,true,true]
Numbers 33:55	[true,true,true,true,true,true,true]
Numbers 33:56	[true]
Numbers 34:1	[]
Numbers 34:2	[true,true]
Numbers 34:3	[true,true]
Numbers 34:4	[]
Numbers 34:5	[]
Numbers 34:6	[true,true]
Numbers 34:7	[true]
Numbers 34:8	[]
Numbers 34:9	[true]
Numbers 34:10	[false]
Numbers 34:11	[]
Numbers 34:12	[true]
Numbers 34:13	[]
Numbers 34:14	[]
Numbers 34:15	[]
Numbers 34:16	[]
Numbers 34:17	[true]
Numbers 34:18	[]
Numbers 34:19	[]
Numbers 34:20	[]
Numbers 34:21	[]
Numbers 34:22	[]
Numbers 34:23	[]
Numbers 34:24	[]
Numbers 34:25	[]
Numbers 34:26	[]
Numbers 34:27	[]
Numbers 34:28	[]
Numbers 34:29	[]
Numbers 35:1	[]
Numbers 35:2	[]
Numbers 35:3	[]
Numbers 35:4	[true]
Numbers 35:5	[true]
Numbers 35:6	[true]
Numbers 35:7	[true]
Numbers 35:8	[true]
Numbers 35:9	[]
Numbers 35:10	[true]
Numbers 35:11	[true]
Numbers 35:12	[false]
Numbers 35:13	[true,true]
Numbers 35:14	[]
Numbers 35:15	[]
Numbers 35:16	[]
Numbers 35:17	[]
Numbers 35:18	[]
Numbers 35:19	[]
Numbers 35:20	[]
Numbers 35:21	[]
Numbers 35:22	[]
Numbers 35:23	[]
Numbers 35:24	[]
Numbers 35:25	[]
Numbers 35:26	[]
Numbers 35:27	[]
Numbers 35:28	[]
Numbers 35:29	[true,true]
Numbers 35:30	[]
Numbers 35:31	[false]
Numbers 35:32	[true]
Numbers 35:33	[true]
Numbers 35:34	[true]
Numbers 36:1	[]
Numbers 36:2	[]
Numbers 36:3	[]
Numbers 36:4	[]
Numbers 36:5	[]
Numbers 36:6	[]
Numbers 36:7	[]
Numbers 36:8	[]
Numbers 36:9	[]
Numbers 36:10	[]
Numbers 36:11	[]
Numbers 36:12	[]
Numbers 36:13	[]
Deuteronomy 1:1	[]
Deuteronomy 1:2	[]
Deuteronomy 1:3	[]
Deuteronomy 1:4	[]
Deuteronomy 1:5	[]
Deuteronomy 1:6	[false]
Deuteronomy 1:7	[true]
Deuteronomy 1:8	[true,true]
Deuteronomy 1:9	[true,true]
Deuteronomy 1:10	[true,true,true]
Deuteronomy 1:11	[true,true,true]
Deuteronomy 1:12	[true]
Deuteronomy 1:13	[true,true,true]
Deuteronomy 1:14	[true,false]
Deuteronomy 1:15	[true,true,true]
Deuteronomy 1:16	[true,true]
Deuteronomy 1:17	[true]
Deuteronomy 1:18	[true,true]
Deuteronomy 1:19	[true]
Deuteronomy 1:20	[true]
Deuteronomy 1:21	[false,false,false,false]
Deuteronomy 1:22	[true]
Deuteronomy 1:23	[true]
Deuteronomy 1:24	[]
Deuteronomy 1:25	[]
Deuteronomy 1:26	[true,true,true]
Deuteronomy 1:27	[true,true]
Deuteronomy 1:28	[]
Deuteronomy 1:29	[true]
Deuteronomy 1:30	[true,true,true,true,true]
Deuteronomy 1:31	[false,false,true,true]
Deuteronomy 1:32	[true,true]
Deuteronomy 1:33	[true,true,true]
Deuteronomy 1:34	[true]
Deuteronomy 1:35	[true]
Deuteronomy 1:36	[]
Deuteronomy 1:37	[true,false]
Deuteronomy 1:38	[false]
Deuteronomy 1:39	[true,true]
Deuteronomy 1:40	[true]
Deuteronomy 1:41	[true,true]
Deuteronomy 1:42	[true,true,true]
Deuteronomy 1:43	[true,true,true]
Deuteronomy 1:44	[true,true,true]
Deuteronomy 1:45	[true,true,true]
Deuteronomy 1:46	[true]
Deuteronomy 2:1	[]
Deuteronomy 2:2	[]
Deuteronomy 2:3	[false]
Deuteronomy 2:4	[true,true,true,true]
Deuteronomy 2:5	[true]
Deuteronomy 2:6	[true,true,true]
Deuteronomy 2:7	[false,false,false,false,false,false,false]
Deuteronomy 2:8	[]
Deuteronomy 2:9	[false]
Deuteronomy 2:10	[]
Deuteronomy 2:11	[]
Deuteronomy 2:12	[]
Deuteronomy 2:13	[]
Deuteronomy 2:14	[]
Deuteronomy 2:15	[]
Deuteronomy 2:16	[]
Deuteronomy 2:17	[]
Deuteronomy 2:18	[false]
Deuteronomy 2:19	[false,false]
Deuteronomy 2:20	[]
Deuteronomy 2:21	[]
Deuteronomy 2:22	[]
Deuteronomy 2:23	[]
Deuteronomy 2:24	[false]
Deuteronomy 2:25	[false,false,false]
Deuteronomy 2:26	[]
Deuteronomy 2:27	[false]
Deuteronomy 2:28	[false]
Deuteronomy 2:29	[]
Deuteronomy 2:30	[false,false]
Deuteronomy 2:31	[false]
Deuteronomy 2:32	[]
Deuteronomy 2:33	[]
Deuteronomy 2:34	[]
Deuteronomy 2:35	[]
Deuteronomy 2:36	[]
Deuteronomy 2:37	[false]
Deuteronomy 3:1	[]
Deuteronomy 3:2	[false,false]
Deuteronomy 3:3	[]
Deuteronomy 3:4	[]
Deuteronomy 3:5	[]
Deuteronomy 3:6	[]
Deuteronomy 3:7	[]
Deuteronomy 3:8	[]
Deuteronomy 3:9	[]
Deuteronomy 3:10	[]
Deuteronomy 3:11	[]
Deuteronomy 3:12	[]
Deuteronomy 3:13	[]
Deuteronomy 3:14	[]
Deuteronomy 3:15	[]
Deuteronomy 3:16	[]
Deuteronomy 3:17	[]
Deuteronomy 3:18	[true,true,true,true,true]
Deuteronomy 3:19	[true,true,true,true,true]
Deuteronomy 3:20	[true,true,true,true,true]
Deuteronomy 3:21	[false,true,false]
Deuteronomy 3:22	[true,true]
Deuteronomy 3:23	[]
Deuteronomy 3:24	[false,false,false,false]
Deuteronomy 3:25	[]
Deuteronomy 3:26	[true]
Deuteronomy 3:27	[false,false]
Deuteronomy 3:28	[false]
Deuteronomy 3:29	[]
Deuteronomy 4:1	[true,true,true,true]
Deuteronomy 4:2	[true,true,true,true,true]
Deuteronomy 4:3	[true,false,false]
Deuteronomy 4:4	[true,true,true]
Deuteronomy 4:5	[true,true,true]
Deuteronomy 4:6	[true]
Deuteronomy 4:7	[]
Deuteronomy 4:8	[true]
Deuteronomy 4:9	[false,false,false,false,false,false,false]
Deuteronomy 4:10	[false,false]
Deuteronomy 4:11	[true]
Deuteronomy 4:12	[true,true]
Deuteronomy 4:13	[true,true]
Deuteronomy 4:14	[true,true,true]
Deuteronomy 4:15	[true,true]
Deuteronomy 4:16	[true,true]
Deuteronomy 4:17	[]
Deuteronomy 4:18	[]
Deuteronomy 4:19	[false,false]
Deuteronomy 4:20	[true,true,true]
Deuteronomy 4:21	[true,false,false]
Deuteronomy 4:22	[true]
Deuteronomy 4:23	[true,true,true,true,false]
Deuteronomy 4:24	[false]
Deuteronomy 4:25	[false,true,true,false]
Deuteronomy 4:26	[true,true,true,true]
Deuteronomy 4:27	[false,false,false]
Deuteronomy 4:28	[true]
Deuteronomy 4:29	[true,false,false,false,false,false]
Deuteronomy 4:30	[false,false,false,false]
Deuteronomy 4:31	[false,false,false,false]
Deuteronomy 4:32	[false]
Deuteronomy 4:33	[false]
Deuteronomy 4:34	[true,true,false]
Deuteronomy 4:35	[false,false]
Deuteronomy 4:36	[false,false,false,false]
Deuteronomy 4:37	[false,false]
Deuteronomy 4:38	[false,false,false,false,false]
Deuteronomy 4:39	[]
Deuteronomy 4:40	[false,false,false,false,false,false,false]
Deuteronomy 4:41	[]
Deuteronomy 4:42	[]
Deuteronomy 4:43	[]
Deuteronomy 4:44	[]
Deuteronomy 4:45	[]
Deuteronomy 4:46	[]
Deuteronomy 4:47	[]
Deuteronomy 4:48	[]
Deuteronomy 4:49	[]
Deuteronomy 5:1	[true]
Deuteronomy 5:2	[]
Deuteronomy 5:3	[]
Deuteronomy 5:4	[true]
Deuteronomy 5:5	[true,true,true]
Deuteronomy 5:6	[false,false]
Deuteronomy 5:7	[false]
Deuteronomy 5:8	[false,false]
Deuteronomy 5:9	[false,false]
Deuteronomy 5:10	[]
Deuteronomy 5:11	[false,false]
Deuteronomy 5:12	[false,false]
Deuteronomy 5:13	[false,false]
Deuteronomy 5:14	[false,false,false,false,false,false,false,false,false,false]
Deuteronomy 5:15	[false,false,false,false,false]
Deuteronomy 5:16	[false,false,false,false,false,false,false,false]
Deuteronomy 5:17	[false]
Deuteronomy 5:18	[false]
Deuteronomy 5:19	[false]
Deuteronomy 5:20	[false,false]
Deuteronomy 5:21	[false,false,false,false,false]
Deuteronomy 5:22	[false]
Deuteronomy 5:23	[true,true,true]
Deuteronomy 5:24	[true]
Deuteronomy 5:25	[]
Deuteronomy 5:26	[]
Deuteronomy 5:27	[false,false]
Deuteronomy 5:28	[true,false]
Deuteronomy 5:29	[]
Deuteronomy 5:30	[true]
Deuteronomy 5:31	[false,false,false]
Deuteronomy 5:32	[true,true,true]
Deuteronomy 5:33	[true,true,true,true,true,true]
Deuteronomy 6:1	[true,true,true]
Deuteronomy 6:2	[false,false,false,false,false,false]
Deuteronomy 6:3	[false,false,false]
Deuteronomy 6:4	[]
Deuteronomy 6:5	[false,false,false,false,false]
Deuteronomy 6:6	[false,false]
Deuteronomy 6:7	[false,false,false,false,false,false]
Deuteronomy 6:8	[false,false]
Deuteronomy 6:9	[false,false]
Deuteronomy 6:10	[false,false,false,false,false]
Deuteronomy 6:11	[false,false,false,false]
Deuteronomy 6:12	[false]
Deuteronomy 6:13	[false,false]
Deuteronomy 6:14	[true]
Deuteronomy 6:15	[false,false,false,false,false]
Deuteronomy 6:16	[true,true]
Deuteronomy 6:17	[true,true,false]
Deuteronomy 6:18	[false,false,false,false]
Deuteronomy 6:19	[false,false]
Deuteronomy 6:20	[false,false]
Deuteronomy 6:21	[false]
Deuteronomy 6:22	[]
Deuteronomy 6:23	[]
Deuteronomy 6:24	[]
Deuteronomy 6:25	[]
Deuteronomy 7:1	[false,false,false,false,false]
Deuteronomy 7:2	[false,false,false]
Deuteronomy 7:3	[false,false]
Deuteronomy 7:4	[false,true,false]
Deuteronomy 7:5	[true]
Deuteronomy 7:6	[false,false,false,false]
Deuteronomy 7:7	[true,true,true,true]
Deuteronomy 7:8	[true,true,false,false]
Deuteronomy 7:9	[false]
Deuteronomy 7:10	[]
Deuteronomy 7:11	[false]
Deuteronomy 7:12	[true,false,false]
Deuteronomy 7:13	[false,false,false,false,false,false,false,false,false,false]
Deuteronomy 7:14	[false,false]
Deuteronomy 7:15	[false,false,false,false]
Deuteronomy 7:16	[false,false,false,false]
Deuteronomy 7:17	[false,false]
Deuteronomy 7:18	[false]
Deuteronomy 7:19	[false,false,false,false,false]
Deuteronomy 7:20	[false,false]
Deuteronomy 7:21	[false,false]
Deuteronomy 7:22	[false,false,false,false]
Deuteronomy 7:23	[false,false]
Deuteronomy 7:24	[false,false,false,false]
Deuteronomy 7:25	[true,false,false,false]
Deuteronomy 7:26	[false,false,false,false]
Deuteronomy 8:1	[true,false,true,true]
Deuteronomy 8:2	[false,false,false,false,false,false]
Deuteronomy 8:3	[false,false,false,false,false,false]
Deuteronomy 8:4	[false,false]
Deuteronomy 8:5	[false,false,false]
Deuteronomy 8:6	[false,false]
Deuteronomy 8:7	[false,false]
Deuteronomy 8:8	[]
Deuteronomy 8:9	[false,false]
Deuteronomy 8:10	[false,false,false,false]
Deuteronomy 8:11	[false,false]
Deuteronomy 8:12	[false,false]
Deuteronomy 8:13	[false,false,false]
Deuteronomy 8:14	[false,false,false,false]
Deuteronomy 8:15	[false,false]
Deuteronomy 8:16	[false,false,false,false,false]
Deuteronomy 8:17	[false,false]
Deuteronomy 8:18	[false,false,false]
Deuteronomy 8:19	[false,false,true,true]
Deuteronomy 8:20	[true,true,true,true]
Deuteronomy 9:1	[false,false]
Deuteronomy 9:2	[false,false]
Deuteronomy 9:3	[false,false,false,false,false]
Deuteronomy 9:4	[false,false,false,false]
Deuteronomy 9:5	[false,false,false,false,false]
Deuteronomy 9:6	[false,false,false,false]
Deuteronomy 9:7	[false,false,false,true,true]
Deuteronomy 9:8	[true,true]
Deuteronomy 9:9	[true]
Deuteronomy 9:10	[true]
Deuteronomy 9:11	[]
Deuteronomy 9:12	[false,false]
Deuteronomy 9:13	[]
Deuteronomy 9:14	[false]
Deuteronomy 9:15	[]
Deuteronomy 9:16	[true,true,true,true,true,true]
Deuteronomy 9:17	[true]
Deuteronomy 9:18	[true]
Deuteronomy 9:19	[true,true]
Deuteronomy 9:20	[]
Deuteronomy 9:21	[true]
Deuteronomy 9:22	[true]
Deuteronomy 9:23	[true,true,true,true,true]
Deuteronomy 9:24	[true,true]
Deuteronomy 9:25	[true]
Deuteronomy 9:26	[false,false,false,false]
Deuteronomy 9:27	[false]
Deuteronomy 9:28	[false]
Deuteronomy 9:29	[false,false,false,false]
Deuteronomy 10:1	[]
Deuteronomy 10:2	[false,false]
Deuteronomy 10:3	[]
Deuteronomy 10:4	[false]
Deuteronomy 10:5	[]
Deuteronomy 10:6	[]
Deuteronomy 10:7	[]
Deuteronomy 10:8	[]
Deuteronomy 10:9	[false]
Deuteronomy 10:10	[false]
Deuteronomy 10:11	[false]
Deuteronomy 10:12	[false,false,false,false,false,false]
Deuteronomy 10:13	[false,false]
Deuteronomy 10:14	[false]
Deuteronomy 10:15	[false,false]
Deuteronomy 10:16	[true,true]
Deuteronomy 10:17	[true]
Deuteronomy 10:18	[]
Deuteronomy 10:19	[true,true,true]
Deuteronomy 10:20	[false,false,false]
Deuteronomy 10:21	[false,false,false,false]
Deuteronomy 10:22	[false,false,false]
Deuteronomy 11:1	[false,false]
Deuteronomy 11:2	[true,true]
Deuteronomy 11:3	[]
Deuteronomy 11:4	[false]
Deuteronomy 11:5	[true,true]
Deuteronomy 11:6	[]
Deuteronomy 11:7	[true]
Deuteronomy 11:8	[true,false,true,true]
Deuteronomy 11:9	[true,true]
Deuteronomy 11:10	[false,true,false,false]
Deuteronomy 11:11	[true]
Deuteronomy 11:12	[false,false]
Deuteronomy 11:13	[true,true,true,true,true]
Deuteronomy 11:14	[true,false,false]
Deuteronomy 11:15	[false,false]
Deuteronomy 11:16	[false]
Deuteronomy 11:17	[true,true,true]
Deuteronomy 11:18	[true,true,true]
Deuteronomy 11:19	[true,false,false,false,false]
Deuteronomy 11:20	[false,false]
Deuteronomy 11:21	[true,true,true]
Deuteronomy 11:22	[true,true,true]
Deuteronomy 11:23	[true,true,true]
Deuteronomy 11:24	[true,true,true]
Deuteronomy 11:25	[true,true,true,true,true]
Deuteronomy 11:26	[true]
Deuteronomy 11:27	[true,true,true]
Deuteronomy 11:28	[true,true,true,true]
Deuteronomy 11:29	[false,false,false,false]
Deuteronomy 11:30	[]
Deuteronomy 11:31	[true,true,true,true]
Deuteronomy 11:32	[true]
Deuteronomy 12:1	[true,true,false,false]
Deuteronomy 12:2	[true]
Deuteronomy 12:3	[]
Deuteronomy 12:4	[true,true]
Deuteronomy 12:5	[true,true,true,false]
Deuteronomy 12:6	[true,true,true,true,true]
Deuteronomy 12:7	[true,true,true,false,false,false]
Deuteronomy 12:8	[false]
Deuteronomy 12:9	[false,false,false]
Deuteronomy 12:10	[true,true,true,true,true,true]
Deuteronomy 12:11	[true,true,true,true,true,true]
Deuteronomy 12:12	[true,true,true,true,true,true,true]
Deuteronomy 12:13	[false,false]
Deuteronomy 12:14	[false,false,false,false]
Deuteronomy 12:15	[false,false,false,false,false]
Deuteronomy 12:16	[false]
Deuteronomy 12:17	[false,false,false,false,false,false]
Deuteronomy 12:18	[false,false,false,false,false,false,false,false,false]
Deuteronomy 12:19	[false,false]
Deuteronomy 12:20	[false,false,false,false,false]
Deuteronomy 12:21	[false,false,false,false,false,false,false,false]
Deuteronomy 12:22	[false,false]
Deuteronomy 12:23	[false]
Deuteronomy 12:24	[false]
Deuteronomy 12:25	[false,false,false,false]
Deuteronomy 12:26	[false,false,false]
Deuteronomy 12:27	[false,false,false,false,false]
Deuteronomy 12:28	[false,false,false,false,false,false]
Deuteronomy 12:29	[false,false,false,false]
Deuteronomy 12:30	[false]
Deuteronomy 12:31	[false,false]
Deuteronomy 12:32	[true,true]
Deuteronomy 13:1	[false,false]
Deuteronomy 13:2	[false,false]
Deuteronomy 13:3	[true,true,true,true,true,true]
Deuteronomy 13:4	[true,true]
Deuteronomy 13:5	[true,false,false,false,false,false,false,false]
Deuteronomy 13:6	[false,false,false,false,false,false,false]
Deuteronomy 13:7	[true]
Deuteronomy 13:8	[false]
Deuteronomy 13:9	[false,false]
Deuteronomy 13:10	[false,false,false]
Deuteronomy 13:11	[false]
Deuteronomy 13:12	[false,false,false]
Deuteronomy 13:13	[false,false]
Deuteronomy 13:14	[false,false]
Deuteronomy 13:15	[false]
Deuteronomy 13:16	[false,false]
Deuteronomy 13:17	[false,false,false,false,false]
Deuteronomy 13:18	[false,false,false,false]
Deuteronomy 14:1	[true,true,true,true]
Deuteronomy 14:2	[false,false,false]
Deuteronomy 14:3	[false]
Deuteronomy 14:4	[true]
Deuteronomy 14:5	[]
Deuteronomy 14:6	[true]
Deuteronomy 14:7	[true,true]
Deuteronomy 14:8	[true,true]
Deuteronomy 14:9	[true]
Deuteronomy 14:10	[true,true]
Deuteronomy 14:11	[true]
Deuteronomy 14:12	[false]
Deuteronomy 14:13	[]
Deuteronomy 14:14	[]
Deuteronomy 14:15	[]
Deuteronomy 14:16	[]
Deuteronomy 14:17	[]
Deuteronomy 14:18	[]
Deuteronomy 14:19	[true]
Deuteronomy 14:20	[true]
Deuteronomy 14:21	[false,false,false,false,false,false,false]
Deuteronomy 14:22	[false,false]
Deuteronomy 14:23	[false,false,false,false,false,false]
Deuteronomy 14:24	[false,false,false,false]
Deuteronomy 14:25	[false,false]
Deuteronomy 14:26	[false,false,false,false,false,false]
Deuteronomy 14:27	[false,false]
Deuteronomy 14:28	[false,false]
Deuteronomy 14:29	[false,false,false,false,false]
Deuteronomy 15:1	[false]
Deuteronomy 15:2	[]
Deuteronomy 15:3	[false,false,false,false]
Deuteronomy 15:4	[false,false,false,false]
Deuteronomy 15:5	[false,false,false]
Deuteronomy 15:6	[false,false,false,false]
Deuteronomy 15:7	[false,false,false,false,false,false,false]
Deuteronomy 15:8	[false,false]
Deuteronomy 15:9	[false,false,false,false,false]
Deuteronomy 15:10	[false,false,false,false,false,false,false]
Deuteronomy 15:11	[false,false,false,false]
Deuteronomy 15:12	[false,false,false]
Deuteronomy 15:13	[false]
Deuteronomy 15:14	[false,false,false,false,false,false,false]
Deuteronomy 15:15	[false,false,false,false]
Deuteronomy 15:16	[false,false,false,false,false,false]
Deuteronomy 15:17	[false,false]
Deuteronomy 15:18	[false,false,false,false]
Deuteronomy 15:19	[false,false,false,false,false,false,false]
Deuteronomy 15:20	[false,false,false]
Deuteronomy 15:21	[false,false]
Deuteronomy 15:22	[false]
Deuteronomy 15:23	[false]
Deuteronomy 16:1	[false,false,false]
Deuteronomy 16:2	[false,false]
Deuteronomy 16:3	[false,false,false,false,false,false]
Deuteronomy 16:4	[false,false]
Deuteronomy 16:5	[false,false,false]
Deuteronomy 16:6	[false,false,false]
Deuteronomy 16:7	[false,false,false,false]
Deuteronomy 16:8	[false,false,false,false]
Deuteronomy 16:9	[false,false]
Deuteronomy 16:10	[false,false,false,false,false]
Deuteronomy 16:11	[false,false,false,false,false,false,false]
Deuteronomy 16:12	[false]
Deuteronomy 16:13	[false,false,false,false]
Deuteronomy 16:14	[false,false,false,false,false,false]
Deuteronomy 16:15	[false,false,false,false,false,false,false]
Deuteronomy 16:16	[false,false]
Deuteronomy 16:17	[false,false]
Deuteronomy 16:18	[false,false,false,false]
Deuteronomy 16:19	[]
Deuteronomy 16:20	[false,false,false,false]
Deuteronomy 16:21	[false,false]
Deuteronomy 16:22	[false,false]
Deuteronomy 17:1	[false,false,false]
Deuteronomy 17:2	[false,false,false,false]
Deuteronomy 17:3	[]
Deuteronomy 17:4	[false,false]
Deuteronomy 17:5	[false,false,false]
Deuteronomy 17:6	[]
Deuteronomy 17:7	[false,false]
Deuteronomy 17:8	[false,false,false,false]
Deuteronomy 17:9	[false,false]
Deuteronomy 17:10	[false,false,false]
Deuteronomy 17:11	[false]
Deuteronomy 17:12	[false,false]
Deuteronomy 17:13	[]
Deuteronomy 17:14	[false,false,false,false]
Deuteronomy 17:15	[false,false,false,false,false,false,false]
Deuteronomy 17:16	[true]
Deuteronomy 17:17	[]
Deuteronomy 17:18	[]
Deuteronomy 17:19	[]
Deuteronomy 17:20	[]
Deuteronomy 18:1	[]
Deuteronomy 18:2	[]
Deuteronomy 18:3	[]
Deuteronomy 18:4	[false,false,false]
Deuteronomy 18:5	[false,false]
Deuteronomy 18:6	[]
Deuteronomy 18:7	[]
Deuteronomy 18:8	[]
Deuteronomy 18:9	[false,false,false]
Deuteronomy 18:10	[false]
Deuteronomy 18:11	[]
Deuteronomy 18:12	[false,false]
Deuteronomy 18:13	[false,false]
Deuteronomy 18:14	[false,false,false]
Deuteronomy 18:15	[false,false,false,true]
Deuteronomy 18:16	[false,false,false]
Deuteronomy 18:17	[]
Deuteronomy 18:18	[false]
Deuteronomy 18:19	[]
Deuteronomy 18:20	[]
Deuteronomy 18:21	[false,false]
Deuteronomy 18:22	[]
Deuteronomy 19:1	[false,false,false]
Deuteronomy 19:2	[false,false,false,false]
Deuteronomy 19:3	[false,false,false,false]
Deuteronomy 19:4	[]
Deuteronomy 19:5	[]
Deuteronomy 19:6	[]
Deuteronomy 19:7	[false,false]
Deuteronomy 19:8	[false,false,false,false]
Deuteronomy 19:9	[false,false,false,false]
Deuteronomy 19:10	[false,false,false]
Deuteronomy 19:11	[]
Deuteronomy 19:12	[]
Deuteronomy 19:13	[false,false,false]
Deuteronomy 19:14	[false,false,false,false,false,false]
Deuteronomy 19:15	[]
Deuteronomy 19:16	[]
Deuteronomy 19:17	[]
Deuteronomy 19:18	[]
Deuteronomy 19:19	[true,false,false]
Deuteronomy 19:20	[false]
Deuteronomy 19:21	[false]
Deuteronomy 20:1	[false,false,false,false,false,false]
Deuteronomy 20:2	[false]
Deuteronomy 20:3	[true,true]
Deuteronomy 20:4	[true,true,true,true,true]
Deuteronomy 20:5	[]
Deuteronomy 20:6	[]
Deuteronomy 20:7	[]
Deuteronomy 20:8	[]
Deuteronomy 20:9	[]
Deuteronomy 20:10	[false,false]
Deuteronomy 20:11	[false,false]
Deuteronomy 20:12	[false,false]
Deuteronomy 20:13	[false,false,false]
Deuteronomy 20:14	[false,false,false,false,false]
Deuteronomy 20:15	[false,false]
Deuteronomy 20:16	[false,false,false]
Deuteronomy 20:17	[false,false,false]
Deuteronomy 20:18	[true,true,true]
Deuteronomy 20:19	[false,false,false,false,false]
Deuteronomy 20:20	[false,false,false]
Deuteronomy 21:1	[false,false]
Deuteronomy 21:2	[false]
Deuteronomy 21:3	[]
Deuteronomy 21:4	[]
Deuteronomy 21:5	[false]
Deuteronomy 21:6	[]
Deuteronomy 21:7	[]
Deuteronomy 21:8	[false,false]
Deuteronomy 21:9	[false,false,false]
Deuteronomy 21:10	[false,false,false,false,false]
Deuteronomy 21:11	[false,false,false]
Deuteronomy 21:12	[false,false]
Deuteronomy 21:13	[false,false,false]
Deuteronomy 21:14	[false,false,false,false]
Deuteronomy 21:15	[]
Deuteronomy 21:16	[]
Deuteronomy 21:17	[]
Deuteronomy 21:18	[]
Deuteronomy 21:19	[]
Deuteronomy 21:20	[]
Deuteronomy 21:21	[false,false]
Deuteronomy 21:22	[false]
Deuteronomy 21:23	[false,false,false,false,false]
Deuteronomy 22:1	[false,false,false,false]
Deuteronomy 22:2	[false,false,false,false,false,false,false]
Deuteronomy 22:3	[false,false,false,false]
Deuteronomy 22:4	[false,false,false,false]
Deuteronomy 22:5	[false]
Deuteronomy 22:6	[false,false]
Deuteronomy 22:7	[false,false,false,false]
Deuteronomy 22:8	[false,false,false,false,false]
Deuteronomy 22:9	[false,false,false,false]
Deuteronomy 22:10	[]
Deuteronomy 22:11	[]
Deuteronomy 22:12	[false,false]
Deuteronomy 22:13	[]
Deuteronomy 22:14	[]
Deuteronomy 22:15	[]
Deuteronomy 22:16	[]
Deuteronomy 22:17	[false]
Deuteronomy 22:18	[]
Deuteronomy 22:19	[]
Deuteronomy 22:20	[]
Deuteronomy 22:21	[false,false]
Deuteronomy 22:22	[false]
Deuteronomy 22:23	[]
Deuteronomy 22:24	[false,false,false]
Deuteronomy 22:25	[]
Deuteronomy 22:26	[]
Deuteronomy 22:27	[]
Deuteronomy 22:28	[]
Deuteronomy 22:29	[]
Deuteronomy 22:30	[]
Deuteronomy 23:1	[]
Deuteronomy 23:2	[]
Deuteronomy 23:3	[]
Deuteronomy 23:4	[false,false,false]
Deuteronomy 23:5	[false,false,false,false,false]
Deuteronomy 23:6	[false,false]
Deuteronomy 23:7	[false,false]
Deuteronomy 23:8	[]
Deuteronomy 23:9	[false,false,false,false]
Deuteronomy 23:10	[false]
Deuteronomy 23:11	[]
Deuteronomy 23:12	[false,false]
Deuteronomy 23:13	[false,false,false,false,false,false]
Deuteronomy 23:14	[false,false,false,false,false,false,false,false]
Deuteronomy 23:15	[false]
Deuteronomy 23:16	[false]
Deuteronomy 23:17	[]
Deuteronomy 23:18	[false,false,false]
Deuteronomy 23:19	[false]
Deuteronomy 23:20	[false,false,false,false,false,false,false]
Deuteronomy 23:21	[false,false,false,false]
Deuteronomy 23:22	[false,false]
Deuteronomy 23:23	[false,false,false,false]
Deuteronomy 23:24	[false,false,false,false,false,false]
Deuteronomy 23:25	[false,false,false,false,false,false]
Deuteronomy 24:1	[]
Deuteronomy 24:2	[]
Deuteronomy 24:3	[]
Deuteronomy 24:4	[false,false,false]
Deuteronomy 24:5	[]
Deuteronomy 24:6	[]
Deuteronomy 24:7	[false,false]
Deuteronomy 24:8	[true]
Deuteronomy 24:9	[false,true]
Deuteronomy 24:10	[false,false]
Deuteronomy 24:11	[false,false,false]
Deuteronomy 24:12	[false,false]
Deuteronomy 24:13	[false,false,false]
Deuteronomy 24:14	[false]
Deuteronomy 24:15	[false,false,false]
Deuteronomy 24:16	[]
Deuteronomy 24:17	[]
Deuteronomy 24:18	[false,false,false,false]
Deuteronomy 24:19	[false,false,false,false,false]
Deuteronomy 24:20	[false,false,false]
Deuteronomy 24:21	[false,false,false]
Deuteronomy 24:22	[false,false]
Deuteronomy 25:1	[]
Deuteronomy 25:2	[]
Deuteronomy 25:3	[false,false]
Deuteronomy 25:4	[]
Deuteronomy 25:5	[]
Deuteronomy 25:6	[]
Deuteronomy 25:7	[]
Deuteronomy 25:8	[]
Deuteronomy 25:9	[]
Deuteronomy 25:10	[]
Deuteronomy 25:11	[]
Deuteronomy 25:12	[false,false]
Deuteronomy 25:13	[false,false]
Deuteronomy 25:14	[false,false]
Deuteronomy 25:15	[false,false,false,false]
Deuteronomy 25:16	[false]
Deuteronomy 25:17	[false,false]
Deuteronomy 25:18	[false,false,false,false]
Deuteronomy 25:19	[false,false,false,false,false]
Deuteronomy 26:1	[false,false,false,false]
Deuteronomy 26:2	[false,false,false,false,false]
Deuteronomy 26:3	[false]
Deuteronomy 26:4	[false,false]
Deuteronomy 26:5	[false,false]
Deuteronomy 26:6	[]
Deuteronomy 26:7	[]
Deuteronomy 26:8	[]
Deuteronomy 26:9	[]
Deuteronomy 26:10	[false,false,false]
Deuteronomy 26:11	[false,false,false,false,false,false]
Deuteronomy 26:12	[false,false,false,false]
Deuteronomy 26:13	[false,false,false,false]
Deuteronomy 26:14	[false]
Deuteronomy 26:15	[false,false,false,false]
Deuteronomy 26:16	[false,false,false,false,false]
Deuteronomy 26:17	[false,false,false]
Deuteronomy 26:18	[false,false]
Deuteronomy 26:19	[false,false,false]
Deuteronomy 27:1	[true]
Deuteronomy 27:2	[true,false,false]
Deuteronomy 27:3	[false,false,false,false,false]
Deuteronomy 27:4	[true,true,false,false]
Deuteronomy 27:5	[false,false,false]
Deuteronomy 27:6	[false,false,false]
Deuteronomy 27:7	[false,false,false]
Deuteronomy 27:8	[false]
Deuteronomy 27:9	[false,false]
Deuteronomy 27:10	[false,false,false]
Deuteronomy 27:11	[]
Deuteronomy 27:12	[true]
Deuteronomy 27:13	[]
Deuteronomy 27:14	[]
Deuteronomy 27:15	[]
Deuteronomy 27:16	[]
Deuteronomy 27:17	[]
Deuteronomy 27:18	[]
Deuteronomy 27:19	[]
Deuteronomy 27:20	[]
Deuteronomy 27:21	[]
Deuteronomy 27:22	[]
Deuteronomy 27:23	[]
Deuteronomy 27:24	[]
Deuteronomy 27:25	[]
Deuteronomy 27:26	[]
Deuteronomy 28:1	[false,false,false,false,false]
Deuteronomy 28:2	[false,false,false,false]
Deuteronomy 28:3	[false]
Deuteronomy 28:4	[false,false,false,false,false]
Deuteronomy 28:5	[false]
Deuteronomy 28:6	[false,false,false]
Deuteronomy 28:7	[false,false,false,false]
Deuteronomy 28:8	[false,false,false,false,false,false]
Deuteronomy 28:9	[false,false,false,false]
Deuteronomy 28:10	[false,false]
Deuteronomy 28:11	[false,false,false,false,false,false]
Deuteronomy 28:12	[false,false,false]
Deuteronomy 28:13	[false,false,false,false,false]
Deuteronomy 28:14	[true]
Deuteronomy 28:15	[false,false,false,false,false]
Deuteronomy 28:16	[false]
Deuteronomy 28:17	[false]
Deuteronomy 28:18	[false,false,false,false]
Deuteronomy 28:19	[false,false,false]
Deuteronomy 28:20	[false,false,false,false,false]
Deuteronomy 28:21	[false,false,false]
Deuteronomy 28:22	[false,false,false]
Deuteronomy 28:23	[false,false]
Deuteronomy 28:24	[false,false,false]
Deuteronomy 28:25	[false,false,false,false]
Deuteronomy 28:26	[false]
Deuteronomy 28:27	[false,false]
Deuteronomy 28:28	[false]
Deuteronomy 28:29	[false,false,false,false,false]
Deuteronomy 28:30	[false,false,false]
Deuteronomy 28:31	[false,false,false,false,false,false,false,false]
Deuteronomy 28:32	[false,false,false]
Deuteronomy 28:33	[false,false,false,false,false]
Deuteronomy 28:34	[false,false]
Deuteronomy 28:35	[false,false,false,false]
Deuteronomy 28:36	[false,false,false,false,false]
Deuteronomy 28:37	[false,false]
Deuteronomy 28:38	[false]
Deuteronomy 28:39	[false]
Deuteronomy 28:40	[false,false,false]
Deuteronomy 28:41	[false,false]
Deuteronomy 28:42	[false,false]
Deuteronomy 28:43	[false,false,false]
Deuteronomy 28:44	[false,false,false]
Deuteronomy 28:45	[false,false,false,false,false,false,false]
Deuteronomy 28:46	[false,false]
Deuteronomy 28:47	[false,false,false]
Deuteronomy 28:48	[false,false,false,false,false]
Deuteronomy 28:49	[false,false]
Deuteronomy 28:50	[]
Deuteronomy 28:51	[false,false,false,false,false,false,false]
Deuteronomy 28:52	[false,false,false,false,false]
Deuteronomy 28:53	[false,false,false,false,false,false]
Deuteronomy 28:54	[false]
Deuteronomy 28:55	[false,false,false]
Deuteronomy 28:56	[false]
Deuteronomy 28:57	[false,false,false]
Deuteronomy 28:58	[false,false,false]
Deuteronomy 28:59	[false,false]
Deuteronomy 28:60	[false,false,false]
Deuteronomy 28:61	[false,false]
Deuteronomy 28:62	[true,false,false]
Deuteronomy 28:63	[true,true,true,true,false]
Deuteronomy 28:64	[false,false,false,false]
Deuteronomy 28:65	[false,false,false]
Deuteronomy 28:66	[false,false,false]
Deuteronomy 28:67	[false,false,false,false]
Deuteronomy 28:68	[false,false,true,false,false,false]
Deuteronomy 29:1	[]
Deuteronomy 29:2	[true,true]
Deuteronomy 29:3	[false,false]
Deuteronomy 29:4	[true]
Deuteronomy 29:5	[true,true]
Deuteronomy 29:6	[true,true,true]
Deuteronomy 29:7	[true]
Deuteronomy 29:8	[]
Deuteronomy 29:9	[true,true]
Deuteronomy 29:10	[true,true,true]
Deuteronomy 29:11	[true,false,false,false]
Deuteronomy 29:12	[false,false,false]
Deuteronomy 29:13	[false,false,false,false]
Deuteronomy 29:14	[true]
Deuteronomy 29:15	[]
Deuteronomy 29:16	[true,true]
Deuteronomy 29:17	[true]
Deuteronomy 29:18	[true,true]
Deuteronomy 29:19	[]
Deuteronomy 29:20	[]
Deuteronomy 29:21	[]
Deuteronomy 29:22	[true,true]
Deuteronomy 29:23	[]
Deuteronomy 29:24	[]
Deuteronomy 29:25	[]
Deuteronomy 29:26	[]
Deuteronomy 29:27	[]
Deuteronomy 29:28	[]
Deuteronomy 29:29	[]
Deuteronomy 30:1	[false,false,false,false,false]
Deuteronomy 30:2	[false,false,false,false,false,false]
Deuteronomy 30:3	[false,false,false,false,false]
Deuteronomy 30:4	[false,false,false]
Deuteronomy 30:5	[false,false,false,false,false,false]
Deuteronomy 30:6	[false,false,false,false,false,false,false]
Deuteronomy 30:7	[false,false,false,false]
Deuteronomy 30:8	[false,false]
Deuteronomy 30:9	[false,false,false,false,false,false,false,false]
Deuteronomy 30:10	[false,false,false,false,false]
Deuteronomy 30:11	[false,false,false]
Deuteronomy 30:12	[false]
Deuteronomy 30:13	[false]
Deuteronomy 30:14	[false,false,false,false]
Deuteronomy 30:15	[false]
Deuteronomy 30:16	[false,false,false,false,false,false]
Deuteronomy 30:17	[false,false]
Deuteronomy 30:18	[true,true,true,false,false]
Deuteronomy 30:19	[true,false,false,false]
Deuteronomy 30:20	[false,false,false,false,false]
Deuteronomy 31:1	[]
Deuteronomy 31:2	[false]
Deuteronomy 31:3	[false,false,false,false,false]
Deuteronomy 31:4	[]
Deuteronomy 31:5	[true,true,true]
Deuteronomy 31:6	[false,false,false,false]
Deuteronomy 31:7	[false,false]
Deuteronomy 31:8	[false,false,false,false]
Deuteronomy 31:9	[]
Deuteronomy 31:10	[]
Deuteronomy 31:11	[false,false]
Deuteronomy 31:12	[false,true]
Deuteronomy 31:13	[true,true,true]
Deuteronomy 31:14	[true,true]
Deuteronomy 31:15	[]
Deuteronomy 31:16	[false,false]
Deuteronomy 31:17	[]
Deuteronomy 31:18	[]
Deuteronomy 31:19	[true]
Deuteronomy 31:20	[]
Deuteronomy 31:21	[]
Deuteronomy 31:22	[]
Deuteronomy 31:23	[false,false]
Deuteronomy 31:24	[]
Deuteronomy 31:25	[]
Deuteronomy 31:26	[true,false]
Deuteronomy 31:27	[false,true,true]
Deuteronomy 31:28	[true,true]
Deuteronomy 31:29	[true,true,true,true,true]
Deuteronomy 31:30	[]
Deuteronomy 32:1	[]
Deuteronomy 32:2	[]
Deuteronomy 32:3	[]
Deuteronomy 32:4	[]
Deuteronomy 32:5	[]
Deuteronomy 32:6	[true,false,false,false]
Deuteronomy 32:7	[false,false,false,false]
Deuteronomy 32:8	[]
Deuteronomy 32:9	[]
Deuteronomy 32:10	[]
Deuteronomy 32:11	[]
Deuteronomy 32:12	[]
Deuteronomy 32:13	[]
Deuteronomy 32:14	[false]
Deuteronomy 32:15	[]
Deuteronomy 32:16	[]
Deuteronomy 32:17	[true]
Deuteronomy 32:18	[false,false,false,false]
Deuteronomy 32:19	[]
Deuteronomy 32:20	[]
Deuteronomy 32:21	[]
Deuteronomy 32:22	[]
Deuteronomy 32:23	[]
Deuteronomy 32:24	[]
Deuteronomy 32:25	[]
Deuteronomy 32:26	[]
Deuteronomy 32:27	[]
Deuteronomy 32:28	[]
Deuteronomy 32:29	[]
Deuteronomy 32:30	[]
Deuteronomy 32:31	[]
Deuteronomy 32:32	[]
Deuteronomy 32:33	[]
Deuteronomy 32:34	[]
Deuteronomy 32:35	[]
Deuteronomy 32:36	[]
Deuteronomy 32:37	[]
Deuteronomy 32:38	[true,true]
Deuteronomy 32:39	[]
Deuteronomy 32:40	[]
Deuteronomy 32:41	[]
Deuteronomy 32:42	[]
Deuteronomy 32:43	[]
Deuteronomy 32:44	[]
Deuteronomy 32:45	[]
Deuteronomy 32:46	[true,true,true]
Deuteronomy 32:47	[true,true,true,true]
Deuteronomy 32:48	[]
Deuteronomy 32:49	[]
Deuteronomy 32:50	[false,false,false,false]
Deuteronomy 32:51	[true]
Deuteronomy 32:52	[false,false]
Deuteronomy 33:1	[]
Deuteronomy 33:2	[]
Deuteronomy 33:3	[false,false,false,false]
Deuteronomy 33:4	[]
Deuteronomy 33:5	[]
Deuteronomy 33:6	[]
Deuteronomy 33:7	[false]
Deuteronomy 33:8	[false,false,false,false]
Deuteronomy 33:9	[false,false]
Deuteronomy 33:10	[false,false,false,false]
Deuteronomy 33:11	[]
Deuteronomy 33:12	[]
Deuteronomy 33:13	[]
Deuteronomy 33:14	[]
Deuteronomy 33:15	[]
Deuteronomy 33:16	[]
Deuteronomy 33:17	[]
Deuteronomy 33:18	[false,false]
Deuteronomy 33:19	[]
Deuteronomy 33:20	[]
Deuteronomy 33:21	[]
Deuteronomy 33:22	[]
Deuteronomy 33:23	[]
Deuteronomy 33:24	[]
Deuteronomy 33:25	[false,false,false]
Deuteronomy 33:26	[false]
Deuteronomy 33:27	[false,false]
Deuteronomy 33:28	[]
Deuteronomy 33:29	[false,false,false,false,false,false,false]
Deuteronomy 34:1	[]
Deuteronomy 34:2	[]
Deuteronomy 34:3	[]
Deuteronomy 34:4	[false,false,false,false]
Deuteronomy 34:5	[]
Deuteronomy 34:6	[]
Deuteronomy 34:7	[]
Deuteronomy 34:8	[]
Deuteronomy 34:9	[]
Deuteronomy 34:10	[]
Deuteronomy 34:11	[]
Deuteronomy 34:12	[]
Joshua 1:1	[]
Joshua 1:2	[false]
Joshua 1:3	[true,true]
Joshua 1:4	[true]
Joshua 1:5	[false,false,false,false,false]
Joshua 1:6	[false]
Joshua 1:7	[false,false,false]
Joshua 1:8	[false,false,false,false]
Joshua 1:9	[false,false,false,false]
Joshua 1:10	[]
Joshua 1:11	[true,true,true,true]
Joshua 1:12	[]
Joshua 1:13	[true,true,true,true]
Joshua 1:14	[true,true,true,true,true,true]
Joshua 1:15	[true,true,true,true,true,true]
Joshua 1:16	[false,false]
Joshua 1:17	[false,false,false]
Joshua 1:18	[false,false,false]
Joshua 2:1	[]
Joshua 2:2	[]
Joshua 2:3	[false,false]
Joshua 2:4	[]
Joshua 2:5	[true]
Joshua 2:6	[]
Joshua 2:7	[]
Joshua 2:8	[]
Joshua 2:9	[true,true,true]
Joshua 2:10	[true,true,true,true]
Joshua 2:11	[true,true]
Joshua 2:12	[true,true]
Joshua 2:13	[true,true]
Joshua 2:14	[true,false,false]
Joshua 2:15	[]
Joshua 2:16	[true,true,true,true]
Joshua 2:17	[false]
Joshua 2:18	[false,false,false,false,false,false]
Joshua 2:19	[false,false]
Joshua 2:20	[false,false]
Joshua 2:21	[true]
Joshua 2:22	[]
Joshua 2:23	[]
Joshua 2:24	[]
Joshua 3:1	[]
Joshua 3:2	[]
Joshua 3:3	[true,true,true,true]
Joshua 3:4	[true,true,true]
Joshua 3:5	[true,true]
Joshua 3:6	[]
Joshua 3:7	[false,false]
Joshua 3:8	[true]
Joshua 3:9	[true]
Joshua 3:10	[true,true,true]
Joshua 3:11	[true]
Joshua 3:12	[]
Joshua 3:13	[]
Joshua 3:14	[]
Joshua 3:15	[]
Joshua 3:16	[]
Joshua 3:17	[]
Joshua 4:1	[]
Joshua 4:2	[]
Joshua 4:3	[true,true,true]
Joshua 4:4	[]
Joshua 4:5	[true,true]
Joshua 4:6	[true,true,true]
Joshua 4:7	[true]
Joshua 4:8	[]
Joshua 4:9	[]
Joshua 4:10	[]
Joshua 4:11	[]
Joshua 4:12	[]
Joshua 4:13	[]
Joshua 4:14	[]
Joshua 4:15	[]
Joshua 4:16	[]
Joshua 4:17	[]
Joshua 4:18	[]
Joshua 4:19	[]
Joshua 4:20	[]
Joshua 4:21	[true]
Joshua 4:22	[true]
Joshua 4:23	[true,true,true]
Joshua 4:24	[true,true]
Joshua 5:1	[]
Joshua 5:2	[]
Joshua 5:3	[]
Joshua 5:4	[]
Joshua 5:5	[]
Joshua 5:6	[]
Joshua 5:7	[]
Joshua 5:8	[]
Joshua 5:9	[true]
Joshua 5:10	[]
Joshua 5:11	[]
Joshua 5:12	[]
Joshua 5:13	[false]
Joshua 5:14	[]
Joshua 5:15	[false,false]
Joshua 6:1	[]
Joshua 6:2	[false]
Joshua 6:3	[]
Joshua 6:4	[]
Joshua 6:5	[true,true]
Joshua 6:6	[]
Joshua 6:7	[]
Joshua 6:8	[]
Joshua 6:9	[]
Joshua 6:10	[true,true,true,true]
Joshua 6:11	[]
Joshua 6:12	[]
Joshua 6:13	[]
Joshua 6:14	[]
Joshua 6:15	[]
Joshua 6:16	[true]
Joshua 6:17	[]
Joshua 6:18	[true,true,true,true]
Joshua 6:19	[]
Joshua 6:20	[]
Joshua 6:21	[]
Joshua 6:22	[true]
Joshua 6:23	[]
Joshua 6:24	[]
Joshua 6:25	[]
Joshua 6:26	[]
Joshua 6:27	[]
Joshua 7:1	[]
Joshua 7:2	[]
Joshua 7:3	[false]
Joshua 7:4	[]
Joshua 7:5	[]
Joshua 7:6	[]
Joshua 7:7	[false]
Joshua 7:8	[]
Joshua 7:9	[false,false]
Joshua 7:10	[false,false]
Joshua 7:11	[]
Joshua 7:12	[true,true,true]
Joshua 7:13	[true,false,false,false,true]
Joshua 7:14	[true,true]
Joshua 7:15	[]
Joshua 7:16	[]
Joshua 7:17	[]
Joshua 7:18	[]
Joshua 7:19	[false,false]
Joshua 7:20	[]
Joshua 7:21	[]
Joshua 7:22	[]
Joshua 7:23	[]
Joshua 7:24	[]
Joshua 7:25	[false,false]
Joshua 7:26	[]
Joshua 8:1	[false,false]
Joshua 8:2	[false,false,true,true]
Joshua 8:3	[]
Joshua 8:4	[true,true]
Joshua 8:5	[]
Joshua 8:6	[]
Joshua 8:7	[true,true,true]
Joshua 8:8	[true,true]
Joshua 8:9	[]
Joshua 8:10	[]
Joshua 8:11	[]
Joshua 8:12	[]
Joshua 8:13	[]
Joshua 8:14	[]
Joshua 8:15	[]
Joshua 8:16	[]
Joshua 8:17	[]
Joshua 8:18	[false,false]
Joshua 8:19	[]
Joshua 8:20	[]
Joshua 8:21	[]
Joshua 8:22	[]
Joshua 8:23	[]
Joshua 8:24	[]
Joshua 8:25	[]
Joshua 8:26	[]
Joshua 8:27	[]
Joshua 8:28	[]
Joshua 8:29	[]
Joshua 8:30	[]
Joshua 8:31	[]
Joshua 8:32	[]
Joshua 8:33	[]
Joshua 8:34	[]
Joshua 8:35	[]
Joshua 9:1	[]
Joshua 9:2	[]
Joshua 9:3	[]
Joshua 9:4	[]
Joshua 9:5	[]
Joshua 9:6	[]
Joshua 9:7	[false,false]
Joshua 9:8	[false,true,true]
Joshua 9:9	[false,false]
Joshua 9:10	[]
Joshua 9:11	[true,true]
Joshua 9:12	[true]
Joshua 9:13	[]
Joshua 9:14	[]
Joshua 9:15	[]
Joshua 9:16	[]
Joshua 9:17	[]
Joshua 9:18	[]
Joshua 9:19	[]
Joshua 9:20	[]
Joshua 9:21	[]
Joshua 9:22	[true,true,true]
Joshua 9:23	[true]
Joshua 9:24	[false,false,true,true,true]
Joshua 9:25	[false,false]
Joshua 9:26	[]
Joshua 9:27	[]
Joshua 10:1	[]
Joshua 10:2	[]
Joshua 10:3	[]
Joshua 10:4	[]
Joshua 10:5	[]
Joshua 10:6	[false]
Joshua 10:7	[]
Joshua 10:8	[false,false]
Joshua 10:9	[]
Joshua 10:10	[]
Joshua 10:11	[]
Joshua 10:12	[]
Joshua 10:13	[]
Joshua 10:14	[]
Joshua 10:15	[]
Joshua 10:16	[]
Joshua 10:17	[]
Joshua 10:18	[]
Joshua 10:19	[true,true,true,true]
Joshua 10:20	[]
Joshua 10:21	[]
Joshua 10:22	[]
Joshua 10:23	[]
Joshua 10:24	[true]
Joshua 10:25	[true]
Joshua 10:26	[]
Joshua 10:27	[]
Joshua 10:28	[]
Joshua 10:29	[]
Joshua 10:30	[]
Joshua 10:31	[]
Joshua 10:32	[]
Joshua 10:33	[]
Joshua 10:34	[]
Joshua 10:35	[]
Joshua 10:36	[]
Joshua 10:37	[]
Joshua 10:38	[]
Joshua 10:39	[]
Joshua 10:40	[]
Joshua 10:41	[]
Joshua 10:42	[]
Joshua 10:43	[]
Joshua 11:1	[]
Joshua 11:2	[]
Joshua 11:3	[]
Joshua 11:4	[]
Joshua 11:5	[]
Joshua 11:6	[false]
Joshua 11:7	[]
Joshua 11:8	[]
Joshua 11:9	[]
Joshua 11:10	[]
Joshua 11:11	[]
Joshua 11:12	[]
Joshua 11:13	[]
Joshua 11:14	[]
Joshua 11:15	[]
Joshua 11:16	[]
Joshua 11:17	[]
Joshua 11:18	[]
Joshua 11:19	[]
Joshua 11:20	[]
Joshua 11:21	[]
Joshua 11:22	[]
Joshua 11:23	[]
Joshua 12:1	[]
Joshua 12:2	[]
Joshua 12:3	[]
Joshua 12:4	[]
Joshua 12:5	[]
Joshua 12:6	[]
Joshua 12:7	[]
Joshua 12:8	[]
Joshua 12:9	[]
Joshua 12:10	[]
Joshua 12:11	[]
Joshua 12:12	[]
Joshua 12:13	[]
Joshua 12:14	[]
Joshua 12:15	[]
Joshua 12:16	[]
Joshua 12:17	[]
Joshua 12:18	[]
Joshua 12:19	[]
Joshua 12:20	[]
Joshua 12:21	[]
Joshua 12:22	[]
Joshua 12:23	[]
Joshua 12:24	[]
Joshua 13:1	[false]
Joshua 13:2	[]
Joshua 13:3	[]
Joshua 13:4	[]
Joshua 13:5	[]
Joshua 13:6	[false]
Joshua 13:7	[]
Joshua 13:8	[]
Joshua 13:9	[]
Joshua 13:10	[]
Joshua 13:11	[]
Joshua 13:12	[]
Joshua 13:13	[]
Joshua 13:14	[]
Joshua 13:15	[]
Joshua 13:16	[]
Joshua 13:17	[]
Joshua 13:18	[]
Joshua 13:19	[]
Joshua 13:20	[]
Joshua 13:21	[]
Joshua 13:22	[]
Joshua 13:23	[]
Joshua 13:24	[]
Joshua 13:25	[]
Joshua 13:26	[]
Joshua 13:27	[]
Joshua 13:28	[]
Joshua 13:29	[]
Joshua 13:30	[]
Joshua 13:31	[]
Joshua 13:32	[]
Joshua 13:33	[]
Joshua 14:1	[]
Joshua 14:2	[]
Joshua 14:3	[]
Joshua 14:4	[]
Joshua 14:5	[]
Joshua 14:6	[false,false]
Joshua 14:7	[]
Joshua 14:8	[]
Joshua 14:9	[false,false,false,false]
Joshua 14:10	[]
Joshua 14:11	[]
Joshua 14:12	[false,false]
Joshua 14:13	[]
Joshua 14:14	[]
Joshua 14:15	[]
Joshua 15:1	[]
Joshua 15:2	[]
Joshua 15:3	[]
Joshua 15:4	[]
Joshua 15:5	[]
Joshua 15:6	[]
Joshua 15:7	[]
Joshua 15:8	[]
Joshua 15:9	[]
Joshua 15:10	[]
Joshua 15:11	[]
Joshua 15:12	[]
Joshua 15:13	[]
Joshua 15:14	[]
Joshua 15:15	[]
Joshua 15:16	[]
Joshua 15:17	[]
Joshua 15:18	[false]
Joshua 15:19	[false]
Joshua 15:20	[]
Joshua 15:21	[]
Joshua 15:22	[]
Joshua 15:23	[]
Joshua 15:24	[]
Joshua 15:25	[]
Joshua 15:26	[]
Joshua 15:27	[]
Joshua 15:28	[]
Joshua 15:29	[]
Joshua 15:30	[]
Joshua 15:31	[]
Joshua 15:32	[]
Joshua 15:33	[]
Joshua 15:34	[]
Joshua 15:35	[]
Joshua 15:36	[]
Joshua 15:37	[]
Joshua 15:38	[]
Joshua 15:39	[]
Joshua 15:40	[]
Joshua 15:41	[]
Joshua 15:42	[]
Joshua 15:43	[]
Joshua 15:44	[]
Joshua 15:45	[]
Joshua 15:46	[]
Joshua 15:47	[]
Joshua 15:48	[]
Joshua 15:49	[]
Joshua 15:50	[]
Joshua 15:51	[]
Joshua 15:52	[]
Joshua 15:53	[]
Joshua 15:54	[]
Joshua 15:55	[]
Joshua 15:56	[]
Joshua 15:57	[]
Joshua 15:58	[]
Joshua 15:59	[]
Joshua 15:60	[]
Joshua 15:61	[]
Joshua 15:62	[]
Joshua 15:63	[]
Joshua 16:1	[]
Joshua 16:2	[]
Joshua 16:3	[]
Joshua 16:4	[]
Joshua 16:5	[]
Joshua 16:6	[]
Joshua 16:7	[]
Joshua 16:8	[]
Joshua 16:9	[]
Joshua 16:10	[]
Joshua 17:1	[]
Joshua 17:2	[]
Joshua 17:3	[]
Joshua 17:4	[]
Joshua 17:5	[]
Joshua 17:6	[]
Joshua 17:7	[]
Joshua 17:8	[]
Joshua 17:9	[]
Joshua 17:10	[]
Joshua 17:11	[]
Joshua 17:12	[]
Joshua 17:13	[]
Joshua 17:14	[false]
Joshua 17:15	[false,false,false]
Joshua 17:16	[]
Joshua 17:17	[false,false]
Joshua 17:18	[false,false,false]
Joshua 18:1	[]
Joshua 18:2	[]
Joshua 18:3	[true,true,true]
Joshua 18:4	[]
Joshua 18:5	[]
Joshua 18:6	[true,true]
Joshua 18:7	[true]
Joshua 18:8	[true]
Joshua 18:9	[]
Joshua 18:10	[]
Joshua 18:11	[]
Joshua 18:12	[]
Joshua 18:13	[]
Joshua 18:14	[]
Joshua 18:15	[]
Joshua 18:16	[]
Joshua 18:17	[]
Joshua 18:18	[]
Joshua 18:19	[]
Joshua 18:20	[]
Joshua 18:21	[]
Joshua 18:22	[]
Joshua 18:23	[]
Joshua 18:24	[]
Joshua 18:25	[]
Joshua 18:26	[]
Joshua 18:27	[]
Joshua 18:28	[]
Joshua 19:1	[]
Joshua 19:2	[]
Joshua 19:3	[]
Joshua 19:4	[]
Joshua 19:5	[]
Joshua 19:6	[]
Joshua 19:7	[]
Joshua 19:8	[]
Joshua 19:9	[]
Joshua 19:10	[]
Joshua 19:11	[]
Joshua 19:12	[]
Joshua 19:13	[]
Joshua 19:14	[]
Joshua 19:15	[]
Joshua 19:16	[]
Joshua 19:17	[]
Joshua 19:18	[]
Joshua 19:19	[]
Joshua 19:20	[]
Joshua 19:21	[]
Joshua 19:22	[]
Joshua 19:23	[]
Joshua 19:24	[]
Joshua 19:25	[]
Joshua 19:26	[]
Joshua 19:27	[]
Joshua 19:28	[]
Joshua 19:29	[]
Joshua 19:30	[]
Joshua 19:31	[]
Joshua 19:32	[]
Joshua 19:33	[]
Joshua 19:34	[]
Joshua 19:35	[]
Joshua 19:36	[]
Joshua 19:37	[]
Joshua 19:38	[]
Joshua 19:39	[]
Joshua 19:40	[]
Joshua 19:41	[]
Joshua 19:42	[]
Joshua 19:43	[]
Joshua 19:44	[]
Joshua 19:45	[]
Joshua 19:46	[]
Joshua 19:47	[]
Joshua 19:48	[]
Joshua 19:49	[]
Joshua 19:50	[]
Joshua 19:51	[]
Joshua 20:1	[]
Joshua 20:2	[false]
Joshua 20:3	[true]
Joshua 20:4	[]
Joshua 20:5	[]
Joshua 20:6	[]
Joshua 20:7	[]
Joshua 20:8	[]
Joshua 20:9	[]
Joshua 21:1	[]
Joshua 21:2	[]
Joshua 21:3	[]
Joshua 21:4	[]
Joshua 21:5	[]
Joshua 21:6	[]
Joshua 21:7	[]
Joshua 21:8	[]
Joshua 21:9	[]
Joshua 21:10	[]
Joshua 21:11	[]
Joshua 21:12	[]
Joshua 21:13	[]
Joshua 21:14	[]
Joshua 21:15	[]
Joshua 21:16	[]
Joshua 21:17	[]
Joshua 21:18	[]
Joshua 21:19	[]
Joshua 21:20	[]
Joshua 21:21	[]
Joshua 21:22	[]
Joshua 21:23	[]
Joshua 21:24	[]
Joshua 21:25	[]
Joshua 21:26	[]
Joshua 21:27	[]
Joshua 21:28	[]
Joshua 21:29	[]
Joshua 21:30	[]
Joshua 21:31	[]
Joshua 21:32	[]
Joshua 21:33	[]
Joshua 21:34	[]
Joshua 21:35	[]
Joshua 21:36	[]
Joshua 21:37	[]
Joshua 21:38	[]
Joshua 21:39	[]
Joshua 21:40	[]
Joshua 21:41	[]
Joshua 21:42	[]
Joshua 21:43	[]
Joshua 21:44	[]
Joshua 21:45	[]
Joshua 22:1	[]
Joshua 22:2	[true,true,true,true]
Joshua 22:3	[true,true,true,true]
Joshua 22:4	[true,true,true,true,true]
Joshua 22:5	[true,true,true,true]
Joshua 22:6	[]
Joshua 22:7	[]
Joshua 22:8	[true,true,true,true]
Joshua 22:9	[]
Joshua 22:10	[]
Joshua 22:11	[]
Joshua 22:12	[]
Joshua 22:13	[]
Joshua 22:14	[]
Joshua 22:15	[]
Joshua 22:16	[true,true,true]
Joshua 22:17	[]
Joshua 22:18	[true,true]
Joshua 22:19	[true,true]
Joshua 22:20	[]
Joshua 22:21	[]
Joshua 22:22	[]
Joshua 22:23	[]
Joshua 22:24	[true,true]
Joshua 22:25	[true,true,true]
Joshua 22:26	[]
Joshua 22:27	[true,true,true]
Joshua 22:28	[true]
Joshua 22:29	[]
Joshua 22:30	[]
Joshua 22:31	[true,true]
Joshua 22:32	[]
Joshua 22:33	[]
Joshua 22:34	[]
Joshua 23:1	[]
Joshua 23:2	[]
Joshua 23:3	[true,true,true,true,true]
Joshua 23:4	[true]
Joshua 23:5	[true,true,true,true,true,true]
Joshua 23:6	[false]
Joshua 23:7	[true,true,true,true]
Joshua 23:8	[true,true,true]
Joshua 23:9	[true,true]
Joshua 23:10	[true,true,true]
Joshua 23:11	[true,true,true]
Joshua 23:12	[true,true,true]
Joshua 23:13	[true,true,true,true,true,true,true,true]
Joshua 23:14	[true,true,true,true,true]
Joshua 23:15	[true,true,true,true,true]
Joshua 23:16	[true,true,true,true,true,true]
Joshua 24:1	[]
Joshua 24:2	[true]
Joshua 24:3	[true]
Joshua 24:4	[]
Joshua 24:5	[false]
Joshua 24:6	[true,true]
Joshua 24:7	[true,true,true,true]
Joshua 24:8	[true,true,true,true,true]
Joshua 24:9	[false]
Joshua 24:10	[true,true]
Joshua 24:11	[true,true,true]
Joshua 24:12	[true,true,false]
Joshua 24:13	[true,true,true,true,true]
Joshua 24:14	[true]
Joshua 24:15	[true,true,true,true,true]
Joshua 24:16	[]
Joshua 24:17	[]
Joshua 24:18	[]
Joshua 24:19	[true,true,true]
Joshua 24:20	[true,true,true,true]
Joshua 24:21	[]
Joshua 24:22	[true,true,true]
Joshua 24:23	[true,true]
Joshua 24:24	[]
Joshua 24:25	[]
Joshua 24:26	[]
Joshua 24:27	[true,true,true,true]
Joshua 24:28	[]
Joshua 24:29	[]
Joshua 24:30	[]
Joshua 24:31	[]
Joshua 24:32	[]
Joshua 24:33	[]
Judges 1:1	[]
Judges 1:2	[]
Judges 1:3	[false,false]
Judges 1:4	[]
Judges 1:5	[]
Judges 1:6	[]
Judges 1:7	[]
Judges 1:8	[]
Judges 1:9	[]
Judges 1:10	[]
Judges 1:11	[]
Judges 1:12	[]
Judges 1:13	[]
Judges 1:14	[false]
Judges 1:15	[false]
Judges 1:16	[]
Judges 1:17	[]
Judges 1:18	[]
Judges 1:19	[]
Judges 1:20	[]
Judges 1:21	[]
Judges 1:22	[]
Judges 1:23	[]
Judges 1:24	[false]
Judges 1:25	[]
Judges 1:26	[]
Judges 1:27	[]
Judges 1:28	[]
Judges 1:29	[]
Judges 1:30	[]
Judges 1:31	[]
Judges 1:32	[]
Judges 1:33	[]
Judges 1:34	[]
Judges 1:35	[]
Judges 1:36	[]
Judges 2:1	[true,true,true,true]
Judges 2:2	[true,true,true,true]
Judges 2:3	[true,true,true,true]
Judges 2:4	[]
Judges 2:5	[]
Judges 2:6	[]
Judges 2:7	[]
Judges 2:8	[]
Judges 2:9	[]
Judges 2:10	[]
Judges 2:11	[]
Judges 2:12	[]
Judges 2:13	[]
Judges 2:14	[]
Judges 2:15	[]
Judges 2:16	[]
Judges 2:17	[]
Judges 2:18	[]
Judges 2:19	[]
Judges 2:20	[]
Judges 2:21	[]
Judges 2:22	[]
Judges 2:23	[]
Judges 3:1	[]
Judges 3:2	[]
Judges 3:3	[]
Judges 3:4	[]
Judges 3:5	[]
Judges 3:6	[]
Judges 3:7	[]
Judges 3:8	[]
Judges 3:9	[]
Judges 3:10	[]
Judges 3:11	[]
Judges 3:12	[]
Judges 3:13	[]
Judges 3:14	[]
Judges 3:15	[]
Judges 3:16	[]
Judges 3:17	[]
Judges 3:18	[]
Judges 3:19	[false]
Judges 3:20	[false]
Judges 3:21	[]
Judges 3:22	[]
Judges 3:23	[]
Judges 3:24	[]
Judges 3:25	[]
Judges 3:26	[]
Judges 3:27	[]
Judges 3:28	[true,true]
Judges 3:29	[]
Judges 3:30	[]
Judges 3:31	[]
Judges 4:1	[]
Judges 4:2	[]
Judges 4:3	[]
Judges 4:4	[]
Judges 4:5	[]
Judges 4:6	[false,false]
Judges 4:7	[false]
Judges 4:8	[false,false]
Judges 4:9	[false,false,false]
Judges 4:10	[]
Judges 4:11	[]
Judges 4:12	[]
Judges 4:13	[]
Judges 4:14	[false,false]
Judges 4:15	[]
Judges 4:16	[]
Judges 4:17	[]
Judges 4:18	[]
Judges 4:19	[]
Judges 4:20	[false]
Judges 4:21	[]
Judges 4:22	[false,false]
Judges 4:23	[]
Judges 4:24	[]
Judges 5:1	[]
Judges 5:2	[]
Judges 5:3	[]
Judges 5:4	[false,false]
Judges 5:5	[]
Judges 5:6	[]
Judges 5:7	[]
Judges 5:8	[]
Judges 5:9	[]
Judges 5:10	[false,false]
Judges 5:11	[]
Judges 5:12	[false]
Judges 5:13	[]
Judges 5:14	[false,false]
Judges 5:15	[]
Judges 5:16	[false]
Judges 5:17	[false]
Judges 5:18	[]
Judges 5:19	[]
Judges 5:20	[]
Judges 5:21	[]
Judges 5:22	[]
Judges 5:23	[]
Judges 5:24	[]
Judges 5:25	[]
Judges 5:26	[]
Judges 5:27	[]
Judges 5:28	[]
Judges 5:29	[]
Judges 5:30	[]
Judges 5:31	[false,false]
Judges 6:1	[]
Judges 6:2	[]
Judges 6:3	[]
Judges 6:4	[]
Judges 6:5	[]
Judges 6:6	[]
Judges 6:7	[]
Judges 6:8	[true]
Judges 6:9	[true,true,true,true]
Judges 6:10	[true,true,true,true,true]
Judges 6:11	[]
Judges 6:12	[false]
Judges 6:13	[]
Judges 6:14	[false,false]
Judges 6:15	[]
Judges 6:16	[false,false]
Judges 6:17	[false,false]
Judges 6:18	[false,false,false]
Judges 6:19	[]
Judges 6:20	[]
Judges 6:21	[]
Judges 6:22	[]
Judges 6:23	[false,false]
Judges 6:24	[]
Judges 6:25	[false,false]
Judges 6:26	[false,false]
Judges 6:27	[]
Judges 6:28	[]
Judges 6:29	[]
Judges 6:30	[false]
Judges 6:31	[true,true]
Judges 6:32	[]
Judges 6:33	[]
Judges 6:34	[]
Judges 6:35	[]
Judges 6:36	[false,false]
Judges 6:37	[false,false]
Judges 6:38	[]
Judges 6:39	[]
Judges 6:40	[]
Judges 7:1	[]
Judges 7:2	[false]
Judges 7:3	[]
Judges 7:4	[false,false,false,false]
Judges 7:5	[]
Judges 7:6	[]
Judges 7:7	[true,false]
Judges 7:8	[]
Judges 7:9	[false]
Judges 7:10	[false,false]
Judges 7:11	[false]
Judges 7:12	[]
Judges 7:13	[]
Judges 7:14	[]
Judges 7:15	[true]
Judges 7:16	[]
Judges 7:17	[]
Judges 7:18	[true,true]
Judges 7:19	[]
Judges 7:20	[]
Judges 7:21	[]
Judges 7:22	[]
Judges 7:23	[]
Judges 7:24	[]
Judges 7:25	[]
Judges 8:1	[false,false,false]
Judges 8:2	[true]
Judges 8:3	[true,true]
Judges 8:4	[]
Judges 8:5	[]
Judges 8:6	[false,false]
Judges 8:7	[true]
Judges 8:8	[]
Judges 8:9	[]
Judges 8:10	[]
Judges 8:11	[]
Judges 8:12	[]
Judges 8:13	[]
Judges 8:14	[]
Judges 8:15	[true,false,true]
Judges 8:16	[]
Judges 8:17	[]
Judges 8:18	[true,false]
Judges 8:19	[true,true]
Judges 8:20	[]
Judges 8:21	[false]
Judges 8:22	[false,false,false]
Judges 8:23	[true,true]
Judges 8:24	[true,true]
Judges 8:25	[]
Judges 8:26	[]
Judges 8:27	[]
Judges 8:28	[]
Judges 8:29	[]
Judges 8:30	[]
Judges 8:31	[]
Judges 8:32	[]
Judges 8:33	[]
Judges 8:34	[]
Judges 8:35	[]
Judges 9:1	[]
Judges 9:2	[true,true,true]
Judges 9:3	[]
Judges 9:4	[]
Judges 9:5	[]
Judges 9:6	[]
Judges 9:7	[true]
Judges 9:8	[]
Judges 9:9	[]
Judges 9:10	[]
Judges 9:11	[]
Judges 9:12	[]
Judges 9:13	[]
Judges 9:14	[]
Judges 9:15	[true,true]
Judges 9:16	[true,true,true]
Judges 9:17	[true,true]
Judges 9:18	[true,true,true]
Judges 9:19	[true,true,true]
Judges 9:20	[]
Judges 9:21	[]
Judges 9:22	[]
Judges 9:23	[]
Judges 9:24	[]
Judges 9:25	[]
Judges 9:26	[]
Judges 9:27	[]
Judges 9:28	[true]
Judges 9:29	[false]
Judges 9:30	[]
Judges 9:31	[false]
Judges 9:32	[false,false]
Judges 9:33	[false,false]
Judges 9:34	[]
Judges 9:35	[]
Judges 9:36	[false]
Judges 9:37	[]
Judges 9:38	[false,false,false]
Judges 9:39	[]
Judges 9:40	[]
Judges 9:41	[]
Judges 9:42	[]
Judges 9:43	[]
Judges 9:44	[]
Judges 9:45	[]
Judges 9:46	[]
Judges 9:47	[]
Judges 9:48	[true]
Judges 9:49	[]
Judges 9:50	[]
Judges 9:51	[]
Judges 9:52	[]
Judges 9:53	[]
Judges 9:54	[false]
Judges 9:55	[]
Judges 9:56	[]
Judges 9:57	[]
Judges 10:1	[]
Judges 10:2	[]
Judges 10:3	[]
Judges 10:4	[]
Judges 10:5	[]
Judges 10:6	[]
Judges 10:7	[]
Judges 10:8	[]
Judges 10:9	[]
Judges 10:10	[false]
Judges 10:11	[]
Judges 10:12	[true,true,true]
Judges 10:13	[true,true]
Judges 10:14	[true,true,true]
Judges 10:15	[false]
Judges 10:16	[]
Judges 10:17	[]
Judges 10:18	[]
Judges 11:1	[]
Judges 11:2	[false,false]
Judges 11:3	[]
Judges 11:4	[]
Judges 11:5	[]
Judges 11:6	[]
Judges 11:7	[true,true,true]
Judges 11:8	[false,false]
Judges 11:9	[true,true]
Judges 11:10	[false]
Judges 11:11	[]
Judges 11:12	[false,false]
Judges 11:13	[]
Judges 11:14	[]
Judges 11:15	[]
Judges 11:16	[]
Judges 11:17	[false]
Judges 11:18	[]
Judges 11:19	[false]
Judges 11:20	[]
Judges 11:21	[]
Judges 11:22	[]
Judges 11:23	[false]
Judges 11:24	[false,false,false]
Judges 11:25	[false]
Judges 11:26	[false]
Judges 11:27	[false,false]
Judges 11:28	[]
Judges 11:29	[]
Judges 11:30	[false]
Judges 11:31	[]
Judges 11:32	[]
Judges 11:33	[]
Judges 11:34	[]
Judges 11:35	[false,false]
Judges 11:36	[false,false,false,false,false]
Judges 11:37	[]
Judges 11:38	[]
Judges 11:39	[]
Judges 11:40	[]
Judges 12:1	[false,false,false,false]
Judges 12:2	[false]
Judges 12:3	[false,true]
Judges 12:4	[true]
Judges 12:5	[false]
Judges 12:6	[]
Judges 12:7	[]
Judges 12:8	[]
Judges 12:9	[]
Judges 12:10	[]
Judges 12:11	[]
Judges 12:12	[]
Judges 12:13	[]
Judges 12:14	[]
Judges 12:15	[]
Judges 13:1	[]
Judges 13:2	[]
Judges 13:3	[false,false]
Judges 13:4	[]
Judges 13:5	[false]
Judges 13:6	[]
Judges 13:7	[false]
Judges 13:8	[false]
Judges 13:9	[]
Judges 13:10	[]
Judges 13:11	[false]
Judges 13:12	[false]
Judges 13:13	[false]
Judges 13:14	[]
Judges 13:15	[false]
Judges 13:16	[false,false]
Judges 13:17	[false,false,false]
Judges 13:18	[false]
Judges 13:19	[]
Judges 13:20	[]
Judges 13:21	[]
Judges 13:22	[]
Judges 13:23	[]
Judges 13:24	[]
Judges 13:25	[]
Judges 14:1	[]
Judges 14:2	[]
Judges 14:3	[false,false,false]
Judges 14:4	[]
Judges 14:5	[]
Judges 14:6	[]
Judges 14:7	[]
Judges 14:8	[]
Judges 14:9	[]
Judges 14:10	[]
Judges 14:11	[]
Judges 14:12	[true,true,true]
Judges 14:13	[true,true,false]
Judges 14:14	[]
Judges 14:15	[false,false,false,true]
Judges 14:16	[false,false,false,false]
Judges 14:17	[]
Judges 14:18	[false,false]
Judges 14:19	[]
Judges 14:20	[]
Judges 15:1	[]
Judges 15:2	[false,false]
Judges 15:3	[]
Judges 15:4	[]
Judges 15:5	[]
Judges 15:6	[]
Judges 15:7	[true,true]
Judges 15:8	[]
Judges 15:9	[]
Judges 15:10	[true]
Judges 15:11	[false,false]
Judges 15:12	[false,false,true,true]
Judges 15:13	[false,false,false]
Judges 15:14	[]
Judges 15:15	[]
Judges 15:16	[]
Judges 15:17	[]
Judges 15:18	[false,false]
Judges 15:19	[]
Judges 15:20	[]
Judges 16:1	[]
Judges 16:2	[]
Judges 16:3	[]
Judges 16:4	[]
Judges 16:5	[false]
Judges 16:6	[false,false]
Judges 16:7	[]
Judges 16:8	[]
Judges 16:9	[]
Judges 16:10	[false,false]
Judges 16:11	[]
Judges 16:12	[]
Judges 16:13	[false,false,false]
Judges 16:14	[]
Judges 16:15	[false,false,false,false,false]
Judges 16:16	[]
Judges 16:17	[]
Judges 16:18	[]
Judges 16:19	[]
Judges 16:20	[]
Judges 16:21	[]
Judges 16:22	[]
Judges 16:23	[]
Judges 16:24	[]
Judges 16:25	[]
Judges 16:26	[]
Judges 16:27	[]
Judges 16:28	[]
Judges 16:29	[]
Judges 16:30	[]
Judges 16:31	[]
Judges 17:1	[]
Judges 17:2	[false,false]
Judges 17:3	[false]
Judges 17:4	[]
Judges 17:5	[]
Judges 17:6	[]
Judges 17:7	[]
Judges 17:8	[]
Judges 17:9	[false]
Judges 17:10	[false,false]
Judges 17:11	[]
Judges 17:12	[]
Judges 17:13	[]
Judges 18:1	[]
Judges 18:2	[]
Judges 18:3	[false,false,false]
Judges 18:4	[]
Judges 18:5	[]
Judges 18:6	[true]
Judges 18:7	[]
Judges 18:8	[true]
Judges 18:9	[true]
Judges 18:10	[true,true,true]
Judges 18:11	[]
Judges 18:12	[]
Judges 18:13	[]
Judges 18:14	[true,true]
Judges 18:15	[]
Judges 18:16	[]
Judges 18:17	[]
Judges 18:18	[true]
Judges 18:19	[false,false,false]
Judges 18:20	[]
Judges 18:21	[]
Judges 18:22	[]
Judges 18:23	[false,false]
Judges 18:24	[true,true,false]
Judges 18:25	[false,true,false,false,false]
Judges 18:26	[]
Judges 18:27	[]
Judges 18:28	[]
Judges 18:29	[]
Judges 18:30	[]
Judges 18:31	[]
Judges 19:1	[]
Judges 19:2	[]
Judges 19:3	[]
Judges 19:4	[]
Judges 19:5	[false,true]
Judges 19:6	[false]
Judges 19:7	[]
Judges 19:8	[false]
Judges 19:9	[false,true,true]
Judges 19:10	[]
Judges 19:11	[]
Judges 19:12	[]
Judges 19:13	[]
Judges 19:14	[]
Judges 19:15	[]
Judges 19:16	[]
Judges 19:17	[false,false]
Judges 19:18	[]
Judges 19:19	[false]
Judges 19:20	[false,false]
Judges 19:21	[]
Judges 19:22	[false]
Judges 19:23	[]
Judges 19:24	[true,true]
Judges 19:25	[]
Judges 19:26	[]
Judges 19:27	[]
Judges 19:28	[]
Judges 19:29	[]
Judges 19:30	[]
Judges 20:1	[]
Judges 20:2	[]
Judges 20:3	[]
Judges 20:4	[]
Judges 20:5	[]
Judges 20:6	[]
Judges 20:7	[true,true]
Judges 20:8	[]
Judges 20:9	[]
Judges 20:10	[]
Judges 20:11	[]
Judges 20:12	[true]
Judges 20:13	[]
Judges 20:14	[]
Judges 20:15	[]
Judges 20:16	[]
Judges 20:17	[]
Judges 20:18	[]
Judges 20:19	[]
Judges 20:20	[]
Judges 20:21	[]
Judges 20:22	[]
Judges 20:23	[]
Judges 20:24	[]
Judges 20:25	[]
Judges 20:26	[]
Judges 20:27	[]
Judges 20:28	[false]
Judges 20:29	[]
Judges 20:30	[]
Judges 20:31	[]
Judges 20:32	[]
Judges 20:33	[]
Judges 20:34	[]
Judges 20:35	[]
Judges 20:36	[]
Judges 20:37	[]
Judges 20:38	[]
Judges 20:39	[]
Judges 20:40	[]
Judges 20:41	[]
Judges 20:42	[]
Judges 20:43	[]
Judges 20:44	[]
Judges 20:45	[]
Judges 20:46	[]
Judges 20:47	[]
Judges 20:48	[]
Judges 21:1	[]
Judges 21:2	[]
Judges 21:3	[]
Judges 21:4	[]
Judges 21:5	[]
Judges 21:6	[]
Judges 21:7	[]
Judges 21:8	[]
Judges 21:9	[]
Judges 21:10	[]
Judges 21:11	[true]
Judges 21:12	[]
Judges 21:13	[]
Judges 21:14	[]
Judges 21:15	[]
Judges 21:16	[]
Judges 21:17	[]
Judges 21:18	[]
Judges 21:19	[]
Judges 21:20	[]
Judges 21:21	[false,false]
Judges 21:22	[true,true,true]
Judges 21:23	[]
Judges 21:24	[]
Judges 21:25	[]
Ruth 1:1	[]
Ruth 1:2	[]
Ruth 1:3	[]
Ruth 1:4	[]
Ruth 1:5	[]
Ruth 1:6	[]
Ruth 1:7	[]
Ruth 1:8	[true,true,true,true,true]
Ruth 1:9	[true,true]
Ruth 1:10	[false,false]
Ruth 1:11	[true,true]
Ruth 1:12	[]
Ruth 1:13	[true,true,true]
Ruth 1:14	[]
Ruth 1:15	[false]
Ruth 1:16	[false,false,false,false,false,false]
Ruth 1:17	[false,false]
Ruth 1:18	[]
Ruth 1:19	[]
Ruth 1:20	[]
Ruth 1:21	[]
Ruth 1:22	[]
Ruth 2:1	[]
Ruth 2:2	[]
Ruth 2:3	[]
Ruth 2:4	[true,false]
Ruth 2:5	[]
Ruth 2:6	[]
Ruth 2:7	[]
Ruth 2:8	[]
Ruth 2:9	[false,false,false]
Ruth 2:10	[false,false]
Ruth 2:11	[false,false,false,false,false,false,false,false]
Ruth 2:12	[false,false,false]
Ruth 2:13	[false,false,false,false]
Ruth 2:14	[]
Ruth 2:15	[]
Ruth 2:16	[]
Ruth 2:17	[]
Ruth 2:18	[]
Ruth 2:19	[false,false,false]
Ruth 2:20	[]
Ruth 2:21	[]
Ruth 2:22	[false,false]
Ruth 2:23	[]
Ruth 3:1	[false,false]
Ruth 3:2	[false]
Ruth 3:3	[false,false,false]
Ruth 3:4	[false,false]
Ruth 3:5	[false]
Ruth 3:6	[]
Ruth 3:7	[]
Ruth 3:8	[]
Ruth 3:9	[false,false,false,false]
Ruth 3:10	[false,false,false]
Ruth 3:11	[false,false,false]
Ruth 3:12	[]
Ruth 3:13	[false,false,false]
Ruth 3:14	[]
Ruth 3:15	[false]
Ruth 3:16	[]
Ruth 3:17	[false]
Ruth 3:18	[false]
Ruth 4:1	[]
Ruth 4:2	[]
Ruth 4:3	[]
Ruth 4:4	[false,false,false,false,false,false]
Ruth 4:5	[false,false]
Ruth 4:6	[]
Ruth 4:7	[]
Ruth 4:8	[false]
Ruth 4:9	[true]
Ruth 4:10	[true]
Ruth 4:11	[false,false]
Ruth 4:12	[false,false]
Ruth 4:13	[]
Ruth 4:14	[false]
Ruth 4:15	[false,false,false,false,false,false]
Ruth 4:16	[]
Ruth 4:17	[]
Ruth 4:18	[]
Ruth 4:19	[]
Ruth 4:20	[]
Ruth 4:21	[]
Ruth 4:22	[]
1 Samuel 1:1	[]
1 Samuel 1:2	[]
1 Samuel 1:3	[]
1 Samuel 1:4	[]
1 Samuel 1:5	[]
1 Samuel 1:6	[]
1 Samuel 1:7	[]
1 Samuel 1:8	[false,false,false,false]
1 Samuel 1:9	[]
1 Samuel 1:10	[]
1 Samuel 1:11	[false,false,false]
1 Samuel 1:12	[]
1 Samuel 1:13	[]
1 Samuel 1:14	[false,false]
1 Samuel 1:15	[]
1 Samuel 1:16	[false]
1 Samuel 1:17	[false]
1 Samuel 1:18	[false,false]
1 Samuel 1:19	[]
1 Samuel 1:20	[]
1 Samuel 1:21	[]
1 Samuel 1:22	[]
1 Samuel 1:23	[false,false]
1 Samuel 1:24	[]
1 Samuel 1:25	[]
1 Samuel 1:26	[false,false]
1 Samuel 1:27	[]
1 Samuel 1:28	[]
1 Samuel 2:1	[false]
1 Samuel 2:2	[false]
1 Samuel 2:3	[true]
1 Samuel 2:4	[]
1 Samuel 2:5	[]
1 Samuel 2:6	[]
1 Samuel 2:7	[]
1 Samuel 2:8	[]
1 Samuel 2:9	[]
1 Samuel 2:10	[]
1 Samuel 2:11	[]
1 Samuel 2:12	[]
1 Samuel 2:13	[]
1 Samuel 2:14	[]
1 Samuel 2:15	[false]
1 Samuel 2:16	[false,false,false,false]
1 Samuel 2:17	[]
1 Samuel 2:18	[]
1 Samuel 2:19	[]
1 Samuel 2:20	[false]
1 Samuel 2:21	[]
1 Samuel 2:22	[]
1 Samuel 2:23	[true,true]
1 Samuel 2:24	[]
1 Samuel 2:25	[]
1 Samuel 2:26	[]
1 Samuel 2:27	[false]
1 Samuel 2:28	[false,false]
1 Samuel 2:29	[true,false,false,true]
1 Samuel 2:30	[false,false]
1 Samuel 2:31	[false,false]
1 Samuel 2:32	[false,false]
1 Samuel 2:33	[false,false,false,false]
1 Samuel 2:34	[false,false]
1 Samuel 2:35	[]
1 Samuel 2:36	[false]
1 Samuel 3:1	[]
1 Samuel 3:2	[]
1 Samuel 3:3	[]
1 Samuel 3:4	[]
1 Samuel 3:5	[false]
1 Samuel 3:6	[false]
1 Samuel 3:7	[]
1 Samuel 3:8	[false]
1 Samuel 3:9	[false,false]
1 Samuel 3:10	[false]
1 Samuel 3:11	[]
1 Samuel 3:12	[]
1 Samuel 3:13	[]
1 Samuel 3:14	[]
1 Samuel 3:15	[]
1 Samuel 3:16	[]
1 Samuel 3:17	[false,false,false,false]
1 Samuel 3:18	[]
1 Samuel 3:19	[]
1 Samuel 3:20	[]
1 Samuel 3:21	[]
1 Samuel 4:1	[]
1 Samuel 4:2	[]
1 Samuel 4:3	[]
1 Samuel 4:4	[]
1 Samuel 4:5	[]
1 Samuel 4:6	[]
1 Samuel 4:7	[]
1 Samuel 4:8	[]
1 Samuel 4:9	[true,true]
1 Samuel 4:10	[]
1 Samuel 4:11	[]
1 Samuel 4:12	[]
1 Samuel 4:13	[]
1 Samuel 4:14	[]
1 Samuel 4:15	[]
1 Samuel 4:16	[]
1 Samuel 4:17	[false]
1 Samuel 4:18	[]
1 Samuel 4:19	[]
1 Samuel 4:20	[false]
1 Samuel 4:21	[]
1 Samuel 4:22	[]
1 Samuel 5:1	[]
1 Samuel 5:2	[]
1 Samuel 5:3	[]
1 Samuel 5:4	[]
1 Samuel 5:5	[]
1 Samuel 5:6	[]
1 Samuel 5:7	[]
1 Samuel 5:8	[]
1 Samuel 5:9	[]
1 Samuel 5:10	[]
1 Samuel 5:11	[]
1 Samuel 5:12	[]
1 Samuel 6:1	[]
1 Samuel 6:2	[]
1 Samuel 6:3	[true,true,true,true]
1 Samuel 6:4	[true,true]
1 Samuel 6:5	[true,true,true,true]
1 Samuel 6:6	[true]
1 Samuel 6:7	[]
1 Samuel 6:8	[true]
1 Samuel 6:9	[]
1 Samuel 6:10	[]
1 Samuel 6:11	[]
1 Samuel 6:12	[]
1 Samuel 6:13	[]
1 Samuel 6:14	[]
1 Samuel 6:15	[]
1 Samuel 6:16	[]
1 Samuel 6:17	[]
1 Samuel 6:18	[]
1 Samuel 6:19	[]
1 Samuel 6:20	[]
1 Samuel 6:21	[true]
1 Samuel 7:1	[]
1 Samuel 7:2	[]
1 Samuel 7:3	[true,true,true,true,true]
1 Samuel 7:4	[]
1 Samuel 7:5	[true]
1 Samuel 7:6	[]
1 Samuel 7:7	[]
1 Samuel 7:8	[]
1 Samuel 7:9	[]
1 Samuel 7:10	[]
1 Samuel 7:11	[]
1 Samuel 7:12	[]
1 Samuel 7:13	[]
1 Samuel 7:14	[]
1 Samuel 7:15	[]
1 Samuel 7:16	[]
1 Samuel 7:17	[]
1 Samuel 8:1	[]
1 Samuel 8:2	[]
1 Samuel 8:3	[]
1 Samuel 8:4	[]
1 Samuel 8:5	[false,false,false]
1 Samuel 8:6	[]
1 Samuel 8:7	[false,false]
1 Samuel 8:8	[false]
1 Samuel 8:9	[false]
1 Samuel 8:10	[]
1 Samuel 8:11	[true,true]
1 Samuel 8:12	[]
1 Samuel 8:13	[true]
1 Samuel 8:14	[true]
1 Samuel 8:15	[true]
1 Samuel 8:16	[true,true]
1 Samuel 8:17	[true,true,true]
1 Samuel 8:18	[true,true,true]
1 Samuel 8:19	[]
1 Samuel 8:20	[]
1 Samuel 8:21	[]
1 Samuel 8:22	[]
1 Samuel 9:1	[]
1 Samuel 9:2	[]
1 Samuel 9:3	[]
1 Samuel 9:4	[]
1 Samuel 9:5	[]
1 Samuel 9:6	[]
1 Samuel 9:7	[]
1 Samuel 9:8	[]
1 Samuel 9:9	[]
1 Samuel 9:10	[]
1 Samuel 9:11	[]
1 Samuel 9:12	[false]
1 Samuel 9:13	[true,true,true]
1 Samuel 9:14	[]
1 Samuel 9:15	[]
1 Samuel 9:16	[false,false]
1 Samuel 9:17	[]
1 Samuel 9:18	[false]
1 Samuel 9:19	[true,false,false,false]
1 Samuel 9:20	[false,false,false]
1 Samuel 9:21	[false]
1 Samuel 9:22	[]
1 Samuel 9:23	[false,false]
1 Samuel 9:24	[false,false]
1 Samuel 9:25	[]
1 Samuel 9:26	[false,false]
1 Samuel 9:27	[false,false]
1 Samuel 10:1	[false]
1 Samuel 10:2	[false,false,false,false,false,true]
1 Samuel 10:3	[false,false,false]
1 Samuel 10:4	[false,false,false]
1 Samuel 10:5	[false,false,false]
1 Samuel 10:6	[false,false,false]
1 Samuel 10:7	[false]
1 Samuel 10:8	[false,false,false,false,false]
1 Samuel 10:9	[]
1 Samuel 10:10	[]
1 Samuel 10:11	[]
1 Samuel 10:12	[]
1 Samuel 10:13	[]
1 Samuel 10:14	[true]
1 Samuel 10:15	[false]
1 Samuel 10:16	[]
1 Samuel 10:17	[]
1 Samuel 10:18	[true,true]
1 Samuel 10:19	[true,true,true,true,true,true,true]
1 Samuel 10:20	[]
1 Samuel 10:21	[]
1 Samuel 10:22	[]
1 Samuel 10:23	[]
1 Samuel 10:24	[true]
1 Samuel 10:25	[]
1 Samuel 10:26	[]
1 Samuel 10:27	[]
1 Samuel 11:1	[false]
1 Samuel 11:2	[true]
1 Samuel 11:3	[false]
1 Samuel 11:4	[]
1 Samuel 11:5	[]
1 Samuel 11:6	[]
1 Samuel 11:7	[]
1 Samuel 11:8	[]
1 Samuel 11:9	[true]
1 Samuel 11:10	[true,true]
1 Samuel 11:11	[]
1 Samuel 11:12	[]
1 Samuel 11:13	[]
1 Samuel 11:14	[]
1 Samuel 11:15	[]
1 Samuel 12:1	[true,true,true]
1 Samuel 12:2	[true,true,true]
1 Samuel 12:3	[true]
1 Samuel 12:4	[false,false]
1 Samuel 12:5	[true,true]
1 Samuel 12:6	[true]
1 Samuel 12:7	[true,true,true,true]
1 Samuel 12:8	[true,true]
1 Samuel 12:9	[]
1 Samuel 12:10	[false]
1 Samuel 12:11	[true,true,true]
1 Samuel 12:12	[true,true,true,true,true]
1 Samuel 12:13	[true,true,true]
1 Samuel 12:14	[true,true,true,true,true]
1 Samuel 12:15	[true,true,true]
1 Samuel 12:16	[true,true]
1 Samuel 12:17	[true,true]
1 Samuel 12:18	[]
1 Samuel 12:19	[false,false]
1 Samuel 12:20	[true,true]
1 Samuel 12:21	[false,false]
1 Samuel 12:22	[true]
1 Samuel 12:23	[true,true]
1 Samuel 12:24	[true,true]
1 Samuel 12:25	[true,true,true]
1 Samuel 13:1	[]
1 Samuel 13:2	[]
1 Samuel 13:3	[]
1 Samuel 13:4	[]
1 Samuel 13:5	[]
1 Samuel 13:6	[]
1 Samuel 13:7	[]
1 Samuel 13:8	[]
1 Samuel 13:9	[]
1 Samuel 13:10	[]
1 Samuel 13:11	[false,false]
1 Samuel 13:12	[]
1 Samuel 13:13	[false,false,false,false,false,false]
1 Samuel 13:14	[false,false]
1 Samuel 13:15	[]
1 Samuel 13:16	[]
1 Samuel 13:17	[]
1 Samuel 13:18	[]
1 Samuel 13:19	[]
1 Samuel 13:20	[]
1 Samuel 13:21	[]
1 Samuel 13:22	[]
1 Samuel 13:23	[]
1 Samuel 14:1	[]
1 Samuel 14:2	[]
1 Samuel 14:3	[]
1 Samuel 14:4	[]
1 Samuel 14:5	[]
1 Samuel 14:6	[]
1 Samuel 14:7	[false,false]
1 Samuel 14:8	[]
1 Samuel 14:9	[true]
1 Samuel 14:10	[]
1 Samuel 14:11	[]
1 Samuel 14:12	[false]
1 Samuel 14:13	[]
1 Samuel 14:14	[]
1 Samuel 14:15	[]
1 Samuel 14:16	[]
1 Samuel 14:17	[]
1 Samuel 14:18	[]
1 Samuel 14:19	[false]
1 Samuel 14:20	[]
1 Samuel 14:21	[]
1 Samuel 14:22	[]
1 Samuel 14:23	[]
1 Samuel 14:24	[]
1 Samuel 14:25	[]
1 Samuel 14:26	[]
1 Samuel 14:27	[]
1 Samuel 14:28	[false]
1 Samuel 14:29	[]
1 Samuel 14:30	[]
1 Samuel 14:31	[]
1 Samuel 14:32	[]
1 Samuel 14:33	[true]
1 Samuel 14:34	[]
1 Samuel 14:35	[]
1 Samuel 14:36	[false]
1 Samuel 14:37	[false]
1 Samuel 14:38	[false]
1 Samuel 14:39	[]
1 Samuel 14:40	[true,false]
1 Samuel 14:41	[false,false]
1 Samuel 14:42	[]
1 Samuel 14:43	[false]
1 Samuel 14:44	[false]
1 Samuel 14:45	[]
1 Samuel 14:46	[]
1 Samuel 14:47	[]
1 Samuel 14:48	[]
1 Samuel 14:49	[]
1 Samuel 14:50	[]
1 Samuel 14:51	[]
1 Samuel 14:52	[]
1 Samuel 15:1	[false]
1 Samuel 15:2	[]
1 Samuel 15:3	[]
1 Samuel 15:4	[]
1 Samuel 15:5	[]
1 Samuel 15:6	[false,false]
1 Samuel 15:7	[]
1 Samuel 15:8	[]
1 Samuel 15:9	[]
1 Samuel 15:10	[]
1 Samuel 15:11	[]
1 Samuel 15:12	[]
1 Samuel 15:13	[false]
1 Samuel 15:14	[]
1 Samuel 15:15	[false]
1 Samuel 15:16	[false]
1 Samuel 15:17	[false,false,false,false]
1 Samuel 15:18	[false,false]
1 Samuel 15:19	[false,false]
1 Samuel 15:20	[]
1 Samuel 15:21	[false]
1 Samuel 15:22	[]
1 Samuel 15:23	[false,false]
1 Samuel 15:24	[false]
1 Samuel 15:25	[]
1 Samuel 15:26	[false,false,false]
1 Samuel 15:27	[]
1 Samuel 15:28	[false,false,false]
1 Samuel 15:29	[]
1 Samuel 15:30	[false]
1 Samuel 15:31	[]
1 Samuel 15:32	[]
1 Samuel 15:33	[false,false]
1 Samuel 15:34	[]
1 Samuel 15:35	[]
1 Samuel 16:1	[false,false,false]
1 Samuel 16:2	[false]
1 Samuel 16:3	[false,false,false]
1 Samuel 16:4	[false]
1 Samuel 16:5	[true]
1 Samuel 16:6	[]
1 Samuel 16:7	[]
1 Samuel 16:8	[]
1 Samuel 16:9	[]
1 Samuel 16:10	[]
1 Samuel 16:11	[false]
1 Samuel 16:12	[]
1 Samuel 16:13	[]
1 Samuel 16:14	[]
1 Samuel 16:15	[false]
1 Samuel 16:16	[false,false,false]
1 Samuel 16:17	[]
1 Samuel 16:18	[]
1 Samuel 16:19	[false]
1 Samuel 16:20	[]
1 Samuel 16:21	[]
1 Samuel 16:22	[]
1 Samuel 16:23	[]
1 Samuel 17:1	[]
1 Samuel 17:2	[]
1 Samuel 17:3	[]
1 Samuel 17:4	[]
1 Samuel 17:5	[]
1 Samuel 17:6	[]
1 Samuel 17:7	[]
1 Samuel 17:8	[true,true,true,true]
1 Samuel 17:9	[true,true]
1 Samuel 17:10	[]
1 Samuel 17:11	[]
1 Samuel 17:12	[]
1 Samuel 17:13	[]
1 Samuel 17:14	[]
1 Samuel 17:15	[]
1 Samuel 17:16	[]
1 Samuel 17:17	[false]
1 Samuel 17:18	[false]
1 Samuel 17:19	[]
1 Samuel 17:20	[]
1 Samuel 17:21	[]
1 Samuel 17:22	[]
1 Samuel 17:23	[]
1 Samuel 17:24	[]
1 Samuel 17:25	[true]
1 Samuel 17:26	[]
1 Samuel 17:27	[]
1 Samuel 17:28	[false,false,false,false]
1 Samuel 17:29	[]
1 Samuel 17:30	[]
1 Samuel 17:31	[]
1 Samuel 17:32	[false]
1 Samuel 17:33	[false,false]
1 Samuel 17:34	[false]
1 Samuel 17:35	[]
1 Samuel 17:36	[false]
1 Samuel 17:37	[false]
1 Samuel 17:38	[]
1 Samuel 17:39	[]
1 Samuel 17:40	[]
1 Samuel 17:41	[]
1 Samuel 17:42	[]
1 Samuel 17:43	[false]
1 Samuel 17:44	[false]
1 Samuel 17:45	[false,false,false]
1 Samuel 17:46	[false,false,false]
1 Samuel 17:47	[true]
1 Samuel 17:48	[]
1 Samuel 17:49	[]
1 Samuel 17:50	[]
1 Samuel 17:51	[]
1 Samuel 17:52	[]
1 Samuel 17:53	[]
1 Samuel 17:54	[]
1 Samuel 17:55	[false]
1 Samuel 17:56	[]
1 Samuel 17:57	[]
1 Samuel 17:58	[false,false]
1 Samuel 18:1	[]
1 Samuel 18:2	[]
1 Samuel 18:3	[]
1 Samuel 18:4	[]
1 Samuel 18:5	[]
1 Samuel 18:6	[]
1 Samuel 18:7	[]
1 Samuel 18:8	[]
1 Samuel 18:9	[]
1 Samuel 18:10	[]
1 Samuel 18:11	[]
1 Samuel 18:12	[]
1 Samuel 18:13	[]
1 Samuel 18:14	[]
1 Samuel 18:15	[]
1 Samuel 18:16	[]
1 Samuel 18:17	[false]
1 Samuel 18:18	[]
1 Samuel 18:19	[]
1 Samuel 18:20	[]
1 Samuel 18:21	[false]
1 Samuel 18:22	[false,false]
1 Samuel 18:23	[true]
1 Samuel 18:24	[]
1 Samuel 18:25	[]
1 Samuel 18:26	[]
1 Samuel 18:27	[]
1 Samuel 18:28	[]
1 Samuel 18:29	[]
1 Samuel 18:30	[]
1 Samuel 19:1	[]
1 Samuel 19:2	[false,false]
1 Samuel 19:3	[false,false,false]
1 Samuel 19:4	[false,false]
1 Samuel 19:5	[false,false]
1 Samuel 19:6	[]
1 Samuel 19:7	[]
1 Samuel 19:8	[]
1 Samuel 19:9	[]
1 Samuel 19:10	[]
1 Samuel 19:11	[false,false,false]
1 Samuel 19:12	[]
1 Samuel 19:13	[]
1 Samuel 19:14	[]
1 Samuel 19:15	[]
1 Samuel 19:16	[]
1 Samuel 19:17	[false,false,false]
1 Samuel 19:18	[]
1 Samuel 19:19	[]
1 Samuel 19:20	[]
1 Samuel 19:21	[]
1 Samuel 19:22	[]
1 Samuel 19:23	[]
1 Samuel 19:24	[]
1 Samuel 20:1	[false]
1 Samuel 20:2	[false]
1 Samuel 20:3	[false,false,false,false]
1 Samuel 20:4	[false,false]
1 Samuel 20:5	[]
1 Samuel 20:6	[false]
1 Samuel 20:7	[false,false]
1 Samuel 20:8	[false,false,false,false,false,false]
1 Samuel 20:9	[false,false]
1 Samuel 20:10	[false,false]
1 Samuel 20:11	[]
1 Samuel 20:12	[false,false,false]
1 Samuel 20:13	[false,false,false,false,false]
1 Samuel 20:14	[]
1 Samuel 20:15	[false]
1 Samuel 20:16	[]
1 Samuel 20:17	[]
1 Samuel 20:18	[false,false]
1 Samuel 20:19	[false,false]
1 Samuel 20:20	[]
1 Samuel 20:21	[false,false]
1 Samuel 20:22	[false,false,false]
1 Samuel 20:23	[false,false]
1 Samuel 20:24	[]
1 Samuel 20:25	[]
1 Samuel 20:26	[]
1 Samuel 20:27	[]
1 Samuel 20:28	[]
1 Samuel 20:29	[false]
1 Samuel 20:30	[false,false,false,false]
1 Samuel 20:31	[false,false]
1 Samuel 20:32	[]
1 Samuel 20:33	[]
1 Samuel 20:34	[]
1 Samuel 20:35	[]
1 Samuel 20:36	[]
1 Samuel 20:37	[false]
1 Samuel 20:38	[]
1 Samuel 20:39	[]
1 Samuel 20:40	[]
1 Samuel 20:41	[]
1 Samuel 20:42	[false,false]
1 Samuel 21:1	[false,false]
1 Samuel 21:2	[false]
1 Samuel 21:3	[false]
1 Samuel 21:4	[]
1 Samuel 21:5	[]
1 Samuel 21:6	[]
1 Samuel 21:7	[]
1 Samuel 21:8	[]
1 Samuel 21:9	[false,false,false]
1 Samuel 21:10	[]
1 Samuel 21:11	[]
1 Samuel 21:12	[]
1 Samuel 21:13	[]
1 Samuel 21:14	[true,true]
1 Samuel 21:15	[true]
1 Samuel 22:1	[]
1 Samuel 22:2	[]
1 Samuel 22:3	[true]
1 Samuel 22:4	[]
1 Samuel 22:5	[]
1 Samuel 22:6	[]
1 Samuel 22:7	[true,true]
1 Samuel 22:8	[true,true,true]
1 Samuel 22:9	[]
1 Samuel 22:10	[]
1 Samuel 22:11	[]
1 Samuel 22:12	[]
1 Samuel 22:13	[false,false]
1 Samuel 22:14	[false,false,false]
1 Samuel 22:15	[false,false]
1 Samuel 22:16	[false,false,false]
1 Samuel 22:17	[]
1 Samuel 22:18	[false]
1 Samuel 22:19	[]
1 Samuel 22:20	[]
1 Samuel 22:21	[]
1 Samuel 22:22	[false]
1 Samuel 22:23	[false,false]
1 Samuel 23:1	[]
1 Samuel 23:2	[]
1 Samuel 23:3	[]
1 Samuel 23:4	[false]
1 Samuel 23:5	[]
1 Samuel 23:6	[]
1 Samuel 23:7	[]
1 Samuel 23:8	[]
1 Samuel 23:9	[]
1 Samuel 23:10	[false]
1 Samuel 23:11	[false,false]
1 Samuel 23:12	[]
1 Samuel 23:13	[]
1 Samuel 23:14	[]
1 Samuel 23:15	[]
1 Samuel 23:16	[]
1 Samuel 23:17	[false,false,false]
1 Samuel 23:18	[]
1 Samuel 23:19	[]
1 Samuel 23:20	[false,false]
1 Samuel 23:21	[true,true]
1 Samuel 23:22	[]
1 Samuel 23:23	[true]
1 Samuel 23:24	[]
1 Samuel 23:25	[]
1 Samuel 23:26	[]
1 Samuel 23:27	[]
1 Samuel 23:28	[]
1 Samuel 23:29	[]
1 Samuel 24:1	[]
1 Samuel 24:2	[]
1 Samuel 24:3	[]
1 Samuel 24:4	[false,false,false,false,false]
1 Samuel 24:5	[]
1 Samuel 24:6	[]
1 Samuel 24:7	[]
1 Samuel 24:8	[]
1 Samuel 24:9	[false,false]
1 Samuel 24:10	[false,false,false,false,false]
1 Samuel 24:11	[false,false,false,false]
1 Samuel 24:12	[false,false,false]
1 Samuel 24:13	[false]
1 Samuel 24:14	[false]
1 Samuel 24:15	[false,false]
1 Samuel 24:16	[false]
1 Samuel 24:17	[false,false,false]
1 Samuel 24:18	[false,false,false,false]
1 Samuel 24:19	[false,false]
1 Samuel 24:20	[false,false]
1 Samuel 24:21	[false]
1 Samuel 24:22	[]
1 Samuel 25:1	[]
1 Samuel 25:2	[]
1 Samuel 25:3	[]
1 Samuel 25:4	[]
1 Samuel 25:5	[]
1 Samuel 25:6	[false,false,false,false]
1 Samuel 25:7	[true]
1 Samuel 25:8	[false,false,false,false,false,false]
1 Samuel 25:9	[]
1 Samuel 25:10	[]
1 Samuel 25:11	[]
1 Samuel 25:12	[]
1 Samuel 25:13	[false]
1 Samuel 25:14	[]
1 Samuel 25:15	[]
1 Samuel 25:16	[]
1 Samuel 25:17	[false]
1 Samuel 25:18	[]
1 Samuel 25:19	[true]
1 Samuel 25:20	[]
1 Samuel 25:21	[]
1 Samuel 25:22	[]
1 Samuel 25:23	[]
1 Samuel 25:24	[false,false,false]
1 Samuel 25:25	[false,false]
1 Samuel 25:26	[false,false,false,false,false,false]
1 Samuel 25:27	[false,false]
1 Samuel 25:28	[false,false,false]
1 Samuel 25:29	[false,false,false,false]
1 Samuel 25:30	[false]
1 Samuel 25:31	[false,false]
1 Samuel 25:32	[false]
1 Samuel 25:33	[false,false,false]
1 Samuel 25:34	[false,false]
1 Samuel 25:35	[false,false]
1 Samuel 25:36	[]
1 Samuel 25:37	[]
1 Samuel 25:38	[]
1 Samuel 25:39	[]
1 Samuel 25:40	[false]
1 Samuel 25:41	[false]
1 Samuel 25:42	[]
1 Samuel 25:43	[]
1 Samuel 25:44	[]
1 Samuel 26:1	[]
1 Samuel 26:2	[]
1 Samuel 26:3	[]
1 Samuel 26:4	[]
1 Samuel 26:5	[]
1 Samuel 26:6	[false]
1 Samuel 26:7	[]
1 Samuel 26:8	[false,false]
1 Samuel 26:9	[]
1 Samuel 26:10	[]
1 Samuel 26:11	[]
1 Samuel 26:12	[]
1 Samuel 26:13	[]
1 Samuel 26:14	[false,false]
1 Samuel 26:15	[false,false,false,false,false]
1 Samuel 26:16	[false,true,true,true]
1 Samuel 26:17	[false]
1 Samuel 26:18	[]
1 Samuel 26:19	[false]
1 Samuel 26:20	[]
1 Samuel 26:21	[false,false]
1 Samuel 26:22	[]
1 Samuel 26:23	[false]
1 Samuel 26:24	[false]
1 Samuel 26:25	[false,false]
1 Samuel 27:1	[]
1 Samuel 27:2	[]
1 Samuel 27:3	[]
1 Samuel 27:4	[]
1 Samuel 27:5	[false,false,false]
1 Samuel 27:6	[]
1 Samuel 27:7	[]
1 Samuel 27:8	[]
1 Samuel 27:9	[]
1 Samuel 27:10	[true]
1 Samuel 27:11	[]
1 Samuel 27:12	[]
1 Samuel 28:1	[false,false,false]
1 Samuel 28:2	[false,false,false]
1 Samuel 28:3	[]
1 Samuel 28:4	[]
1 Samuel 28:5	[]
1 Samuel 28:6	[]
1 Samuel 28:7	[]
1 Samuel 28:8	[]
1 Samuel 28:9	[false,false]
1 Samuel 28:10	[false]
1 Samuel 28:11	[false]
1 Samuel 28:12	[false,false]
1 Samuel 28:13	[false]
1 Samuel 28:14	[]
1 Samuel 28:15	[false,false]
1 Samuel 28:16	[false,false,false]
1 Samuel 28:17	[false,false]
1 Samuel 28:18	[false,false]
1 Samuel 28:19	[false,false,false]
1 Samuel 28:20	[]
1 Samuel 28:21	[false,false,false]
1 Samuel 28:22	[false,false,false,false]
1 Samuel 28:23	[]
1 Samuel 28:24	[]
1 Samuel 28:25	[]
1 Samuel 29:1	[]
1 Samuel 29:2	[]
1 Samuel 29:3	[]
1 Samuel 29:4	[false]
1 Samuel 29:5	[]
1 Samuel 29:6	[false,false,false,false,false]
1 Samuel 29:7	[false]
1 Samuel 29:8	[false,false,false]
1 Samuel 29:9	[false]
1 Samuel 29:10	[false,false]
1 Samuel 29:11	[]
1 Samuel 30:1	[]
1 Samuel 30:2	[]
1 Samuel 30:3	[]
1 Samuel 30:4	[]
1 Samuel 30:5	[]
1 Samuel 30:6	[]
1 Samuel 30:7	[]
1 Samuel 30:8	[false]
1 Samuel 30:9	[]
1 Samuel 30:10	[]
1 Samuel 30:11	[]
1 Samuel 30:12	[]
1 Samuel 30:13	[false,false]
1 Samuel 30:14	[]
1 Samuel 30:15	[false,false,false]
1 Samuel 30:16	[]
1 Samuel 30:17	[]
1 Samuel 30:18	[]
1 Samuel 30:19	[]
1 Samuel 30:20	[]
1 Samuel 30:21	[]
1 Samuel 30:22	[]
1 Samuel 30:23	[false]
1 Samuel 30:24	[true]
1 Samuel 30:25	[]
1 Samuel 30:26	[true]
1 Samuel 30:27	[]
1 Samuel 30:28	[]
1 Samuel 30:29	[]
1 Samuel 30:30	[]
1 Samuel 30:31	[]
1 Samuel 31:1	[]
1 Samuel 31:2	[]
1 Samuel 31:3	[]
1 Samuel 31:4	[false]
1 Samuel 31:5	[]
1 Samuel 31:6	[]
1 Samuel 31:7	[]
1 Samuel 31:8	[]
1 Samuel 31:9	[]
1 Samuel 31:10	[]
1 Samuel 31:11	[]
1 Samuel 31:12	[]
1 Samuel 31:13	[]
2 Samuel 1:1	[]
2 Samuel 1:2	[]
2 Samuel 1:3	[false]
2 Samuel 1:4	[]
2 Samuel 1:5	[false]
2 Samuel 1:6	[]
2 Samuel 1:7	[]
2 Samuel 1:8	[false]
2 Samuel 1:9	[]
2 Samuel 1:10	[]
2 Samuel 1:11	[]
2 Samuel 1:12	[]
2 Samuel 1:13	[false]
2 Samuel 1:14	[false,false]
2 Samuel 1:15	[]
2 Samuel 1:16	[false,false,false,false]
2 Samuel 1:17	[]
2 Samuel 1:18	[]
2 Samuel 1:19	[false,false]
2 Samuel 1:20	[]
2 Samuel 1:21	[true]
2 Samuel 1:22	[]
2 Samuel 1:23	[]
2 Samuel 1:24	[true,true]
2 Samuel 1:25	[false]
2 Samuel 1:26	[false,false,false]
2 Samuel 1:27	[]
2 Samuel 2:1	[]
2 Samuel 2:2	[]
2 Samuel 2:3	[]
2 Samuel 2:4	[]
2 Samuel 2:5	[true,true,true,true]
2 Samuel 2:6	[true,true,true]
2 Samuel 2:7	[true]
2 Samuel 2:8	[]
2 Samuel 2:9	[]
2 Samuel 2:10	[]
2 Samuel 2:11	[]
2 Samuel 2:12	[]
2 Samuel 2:13	[]
2 Samuel 2:14	[]
2 Samuel 2:15	[]
2 Samuel 2:16	[]
2 Samuel 2:17	[]
2 Samuel 2:18	[]
2 Samuel 2:19	[]
2 Samuel 2:20	[false]
2 Samuel 2:21	[false,false,false]
2 Samuel 2:22	[false,false]
2 Samuel 2:23	[]
2 Samuel 2:24	[]
2 Samuel 2:25	[]
2 Samuel 2:26	[false,false]
2 Samuel 2:27	[false]
2 Samuel 2:28	[]
2 Samuel 2:29	[]
2 Samuel 2:30	[]
2 Samuel 2:31	[]
2 Samuel 2:32	[]
2 Samuel 3:1	[]
2 Samuel 3:2	[]
2 Samuel 3:3	[]
2 Samuel 3:4	[]
2 Samuel 3:5	[]
2 Samuel 3:6	[]
2 Samuel 3:7	[false]
2 Samuel 3:8	[false,false,false]
2 Samuel 3:9	[]
2 Samuel 3:10	[]
2 Samuel 3:11	[]
2 Samuel 3:12	[false,false,false]
2 Samuel 3:13	[false,false,false,false]
2 Samuel 3:14	[]
2 Samuel 3:15	[]
2 Samuel 3:16	[]
2 Samuel 3:17	[true,true]
2 Samuel 3:18	[]
2 Samuel 3:19	[]
2 Samuel 3:20	[]
2 Samuel 3:21	[false,false,false]
2 Samuel 3:22	[]
2 Samuel 3:23	[]
2 Samuel 3:24	[false,false,false]
2 Samuel 3:25	[false,false,false,false]
2 Samuel 3:26	[]
2 Samuel 3:27	[]
2 Samuel 3:28	[]
2 Samuel 3:29	[]
2 Samuel 3:30	[]
2 Samuel 3:31	[true]
2 Samuel 3:32	[]
2 Samuel 3:33	[]
2 Samuel 3:34	[false,false,false]
2 Samuel 3:35	[]
2 Samuel 3:36	[]
2 Samuel 3:37	[]
2 Samuel 3:38	[false]
2 Samuel 3:39	[]
2 Samuel 4:1	[]
2 Samuel 4:2	[]
2 Samuel 4:3	[]
2 Samuel 4:4	[]
2 Samuel 4:5	[]
2 Samuel 4:6	[]
2 Samuel 4:7	[]
2 Samuel 4:8	[false,false]
2 Samuel 4:9	[]
2 Samuel 4:10	[]
2 Samuel 4:11	[true,true]
2 Samuel 4:12	[]
2 Samuel 5:1	[false]
2 Samuel 5:2	[false,false,false,false]
2 Samuel 5:3	[]
2 Samuel 5:4	[]
2 Samuel 5:5	[]
2 Samuel 5:6	[false,false]
2 Samuel 5:7	[]
2 Samuel 5:8	[]
2 Samuel 5:9	[]
2 Samuel 5:10	[]
2 Samuel 5:11	[]
2 Samuel 5:12	[]
2 Samuel 5:13	[]
2 Samuel 5:14	[]
2 Samuel 5:15	[]
2 Samuel 5:16	[]
2 Samuel 5:17	[]
2 Samuel 5:18	[]
2 Samuel 5:19	[false,false]
2 Samuel 5:20	[]
2 Samuel 5:21	[]
2 Samuel 5:22	[]
2 Samuel 5:23	[]
2 Samuel 5:24	[false,false]
2 Samuel 5:25	[]
2 Samuel 6:1	[]
2 Samuel 6:2	[]
2 Samuel 6:3	[]
2 Samuel 6:4	[]
2 Samuel 6:5	[]
2 Samuel 6:6	[]
2 Samuel 6:7	[]
2 Samuel 6:8	[]
2 Samuel 6:9	[]
2 Samuel 6:10	[]
2 Samuel 6:11	[]
2 Samuel 6:12	[]
2 Samuel 6:13	[]
2 Samuel 6:14	[]
2 Samuel 6:15	[]
2 Samuel 6:16	[]
2 Samuel 6:17	[]
2 Samuel 6:18	[]
2 Samuel 6:19	[]
2 Samuel 6:20	[]
2 Samuel 6:21	[false]
2 Samuel 6:22	[false]
2 Samuel 6:23	[]
2 Samuel 7:1	[]
2 Samuel 7:2	[]
2 Samuel 7:3	[false,false]
2 Samuel 7:4	[]
2 Samuel 7:5	[false]
2 Samuel 7:6	[]
2 Samuel 7:7	[true]
2 Samuel 7:8	[false,false]
2 Samuel 7:9	[false,false,false,false,false]
2 Samuel 7:10	[]
2 Samuel 7:11	[false,false,false,false]
2 Samuel 7:12	[false,false,false,false,false,false]
2 Samuel 7:13	[]
2 Samuel 7:14	[]
2 Samuel 7:15	[false]
2 Samuel 7:16	[false,false]
2 Samuel 7:17	[]
2 Samuel 7:18	[false]
2 Samuel 7:19	[false,false,false,false]
2 Samuel 7:20	[false,false,false]
2 Samuel 7:21	[false,false,false,false]
2 Samuel 7:22	[false,false,false]
2 Samuel 7:23	[false,false,false,false,false]
2 Samuel 7:24	[false,false,false,false]
2 Samuel 7:25	[false,false,false]
2 Samuel 7:26	[false,false,false]
2 Samuel 7:27	[false,false,false,false,false,false]
2 Samuel 7:28	[false,false,false,false]
2 Samuel 7:29	[false,false,false,false,false,false]
2 Samuel 8:1	[]
2 Samuel 8:2	[]
2 Samuel 8:3	[]
2 Samuel 8:4	[]
2 Samuel 8:5	[]
2 Samuel 8:6	[]
2 Samuel 8:7	[]
2 Samuel 8:8	[]
2 Samuel 8:9	[]
2 Samuel 8:10	[]
2 Samuel 8:11	[]
2 Samuel 8:12	[]
2 Samuel 8:13	[]
2 Samuel 8:14	[]
2 Samuel 8:15	[]
2 Samuel 8:16	[]
2 Samuel 8:17	[]
2 Samuel 8:18	[]
2 Samuel 9:1	[]
2 Samuel 9:2	[false,false]
2 Samuel 9:3	[]
2 Samuel 9:4	[]
2 Samuel 9:5	[]
2 Samuel 9:6	[false]
2 Samuel 9:7	[false,false,false,false,false]
2 Samuel 9:8	[false,false]
2 Samuel 9:9	[false]
2 Samuel 9:10	[false,false,false,false]
2 Samuel 9:11	[false]
2 Samuel 9:12	[]
2 Samuel 9:13	[]
2 Samuel 10:1	[]
2 Samuel 10:2	[]
2 Samuel 10:3	[false,false,false]
2 Samuel 10:4	[]
2 Samuel 10:5	[true]
2 Samuel 10:6	[]
2 Samuel 10:7	[]
2 Samuel 10:8	[]
2 Samuel 10:9	[]
2 Samuel 10:10	[]
2 Samuel 10:11	[false,false,false]
2 Samuel 10:12	[]
2 Samuel 10:13	[]
2 Samuel 10:14	[]
2 Samuel 10:15	[]
2 Samuel 10:16	[]
2 Samuel 10:17	[]
2 Samuel 10:18	[]
2 Samuel 10:19	[]
2 Samuel 11:1	[]
2 Samuel 11:2	[]
2 Samuel 11:3	[]
2 Samuel 11:4	[]
2 Samuel 11:5	[]
2 Samuel 11:6	[]
2 Samuel 11:7	[]
2 Samuel 11:8	[false,false]
2 Samuel 11:9	[]
2 Samuel 11:10	[false,false]
2 Samuel 11:11	[false,false]
2 Samuel 11:12	[false]
2 Samuel 11:13	[]
2 Samuel 11:14	[]
2 Samuel 11:15	[]
2 Samuel 11:16	[]
2 Samuel 11:17	[]
2 Samuel 11:18	[]
2 Samuel 11:19	[false]
2 Samuel 11:20	[false,true,true]
2 Samuel 11:21	[true,false,false,false]
2 Samuel 11:22	[]
2 Samuel 11:23	[]
2 Samuel 11:24	[false,false]
2 Samuel 11:25	[false,false]
2 Samuel 11:26	[]
2 Samuel 11:27	[]
2 Samuel 12:1	[]
2 Samuel 12:2	[]
2 Samuel 12:3	[]
2 Samuel 12:4	[]
2 Samuel 12:5	[]
2 Samuel 12:6	[]
2 Samuel 12:7	[false,false,false]
2 Samuel 12:8	[false,false,false,false,false,false]
2 Samuel 12:9	[false,false,false,false]
2 Samuel 12:10	[false,false,false]
2 Samuel 12:11	[false,false,false,false]
2 Samuel 12:12	[false]
2 Samuel 12:13	[false,false]
2 Samuel 12:14	[false,false]
2 Samuel 12:15	[]
2 Samuel 12:16	[]
2 Samuel 12:17	[]
2 Samuel 12:18	[]
2 Samuel 12:19	[]
2 Samuel 12:20	[]
2 Samuel 12:21	[false,false,false]
2 Samuel 12:22	[]
2 Samuel 12:23	[]
2 Samuel 12:24	[]
2 Samuel 12:25	[]
2 Samuel 12:26	[]
2 Samuel 12:27	[]
2 Samuel 12:28	[]
2 Samuel 12:29	[]
2 Samuel 12:30	[]
2 Samuel 12:31	[]
2 Samuel 13:1	[]
2 Samuel 13:2	[]
2 Samuel 13:3	[]
2 Samuel 13:4	[false,false]
2 Samuel 13:5	[false,false,false,false]
2 Samuel 13:6	[]
2 Samuel 13:7	[false]
2 Samuel 13:8	[]
2 Samuel 13:9	[]
2 Samuel 13:10	[false]
2 Samuel 13:11	[]
2 Samuel 13:12	[]
2 Samuel 13:13	[false,false]
2 Samuel 13:14	[]
2 Samuel 13:15	[]
2 Samuel 13:16	[false]
2 Samuel 13:17	[]
2 Samuel 13:18	[]
2 Samuel 13:19	[]
2 Samuel 13:20	[false,false,false]
2 Samuel 13:21	[]
2 Samuel 13:22	[]
2 Samuel 13:23	[]
2 Samuel 13:24	[false]
2 Samuel 13:25	[false]
2 Samuel 13:26	[false]
2 Samuel 13:27	[]
2 Samuel 13:28	[true,true,true]
2 Samuel 13:29	[]
2 Samuel 13:30	[]
2 Samuel 13:31	[]
2 Samuel 13:32	[]
2 Samuel 13:33	[]
2 Samuel 13:34	[]
2 Samuel 13:35	[false]
2 Samuel 13:36	[]
2 Samuel 13:37	[]
2 Samuel 13:38	[]
2 Samuel 13:39	[]
2 Samuel 14:1	[]
2 Samuel 14:2	[false]
2 Samuel 14:3	[]
2 Samuel 14:4	[]
2 Samuel 14:5	[false]
2 Samuel 14:6	[false]
2 Samuel 14:7	[false]
2 Samuel 14:8	[false]
2 Samuel 14:9	[]
2 Samuel 14:10	[false,false]
2 Samuel 14:11	[false,false]
2 Samuel 14:12	[false]
2 Samuel 14:13	[false]
2 Samuel 14:14	[]
2 Samuel 14:15	[false]
2 Samuel 14:16	[]
2 Samuel 14:17	[false,false,false]
2 Samuel 14:18	[false]
2 Samuel 14:19	[false,false,false]
2 Samuel 14:20	[false]
2 Samuel 14:21	[]
2 Samuel 14:22	[false,false]
2 Samuel 14:23	[]
2 Samuel 14:24	[]
2 Samuel 14:25	[]
2 Samuel 14:26	[]
2 Samuel 14:27	[]
2 Samuel 14:28	[]
2 Samuel 14:29	[]
2 Samuel 14:30	[]
2 Samuel 14:31	[false]
2 Samuel 14:32	[false,false]
2 Samuel 14:33	[]
2 Samuel 15:1	[]
2 Samuel 15:2	[false,false]
2 Samuel 15:3	[false,false]
2 Samuel 15:4	[]
2 Samuel 15:5	[]
2 Samuel 15:6	[]
2 Samuel 15:7	[]
2 Samuel 15:8	[false]
2 Samuel 15:9	[]
2 Samuel 15:10	[true,true]
2 Samuel 15:11	[]
2 Samuel 15:12	[]
2 Samuel 15:13	[]
2 Samuel 15:14	[]
2 Samuel 15:15	[false]
2 Samuel 15:16	[]
2 Samuel 15:17	[]
2 Samuel 15:18	[]
2 Samuel 15:19	[false,false,false]
2 Samuel 15:20	[false,false,false,false,false]
2 Samuel 15:21	[false]
2 Samuel 15:22	[]
2 Samuel 15:23	[]
2 Samuel 15:24	[]
2 Samuel 15:25	[]
2 Samuel 15:26	[false]
2 Samuel 15:27	[false,false,false]
2 Samuel 15:28	[true]
2 Samuel 15:29	[]
2 Samuel 15:30	[]
2 Samuel 15:31	[]
2 Samuel 15:32	[]
2 Samuel 15:33	[false,false]
2 Samuel 15:34	[false,false,false,false,false]
2 Samuel 15:35	[false,false]
2 Samuel 15:36	[true]
2 Samuel 15:37	[]
2 Samuel 16:1	[]
2 Samuel 16:2	[false]
2 Samuel 16:3	[false]
2 Samuel 16:4	[false,false,false]
2 Samuel 16:5	[]
2 Samuel 16:6	[]
2 Samuel 16:7	[false]
2 Samuel 16:8	[false,false,false,false,false]
2 Samuel 16:9	[]
2 Samuel 16:10	[true,false]
2 Samuel 16:11	[]
2 Samuel 16:12	[]
2 Samuel 16:13	[]
2 Samuel 16:14	[]
2 Samuel 16:15	[]
2 Samuel 16:16	[]
2 Samuel 16:17	[false,false,false,false]
2 Samuel 16:18	[]
2 Samuel 16:19	[false,false]
2 Samuel 16:20	[]
2 Samuel 16:21	[false,false,false,false]
2 Samuel 16:22	[]
2 Samuel 16:23	[]
2 Samuel 17:1	[]
2 Samuel 17:2	[]
2 Samuel 17:3	[false,false]
2 Samuel 17:4	[]
2 Samuel 17:5	[]
2 Samuel 17:6	[false]
2 Samuel 17:7	[]
2 Samuel 17:8	[false,false,false]
2 Samuel 17:9	[false]
2 Samuel 17:10	[false]
2 Samuel 17:11	[false,false,false]
2 Samuel 17:12	[]
2 Samuel 17:13	[]
2 Samuel 17:14	[]
2 Samuel 17:15	[]
2 Samuel 17:16	[]
2 Samuel 17:17	[]
2 Samuel 17:18	[]
2 Samuel 17:19	[]
2 Samuel 17:20	[]
2 Samuel 17:21	[true]
2 Samuel 17:22	[]
2 Samuel 17:23	[]
2 Samuel 17:24	[]
2 Samuel 17:25	[]
2 Samuel 17:26	[]
2 Samuel 17:27	[]
2 Samuel 17:28	[]
2 Samuel 17:29	[]
2 Samuel 18:1	[]
2 Samuel 18:2	[true]
2 Samuel 18:3	[false,false,false]
2 Samuel 18:4	[true]
2 Samuel 18:5	[]
2 Samuel 18:6	[]
2 Samuel 18:7	[]
2 Samuel 18:8	[]
2 Samuel 18:9	[]
2 Samuel 18:10	[]
2 Samuel 18:11	[false,false,false]
2 Samuel 18:12	[false]
2 Samuel 18:13	[false]
2 Samuel 18:14	[false]
2 Samuel 18:15	[]
2 Samuel 18:16	[]
2 Samuel 18:17	[]
2 Samuel 18:18	[]
2 Samuel 18:19	[]
2 Samuel 18:20	[false,false,false]
2 Samuel 18:21	[false]
2 Samuel 18:22	[false,false]
2 Samuel 18:23	[]
2 Samuel 18:24	[]
2 Samuel 18:25	[]
2 Samuel 18:26	[]
2 Samuel 18:27	[]
2 Samuel 18:28	[false]
2 Samuel 18:29	[false]
2 Samuel 18:30	[]
2 Samuel 18:31	[false,false]
2 Samuel 18:32	[false,false]
2 Samuel 18:33	[false]
2 Samuel 19:1	[]
2 Samuel 19:2	[]
2 Samuel 19:3	[]
2 Samuel 19:4	[]
2 Samuel 19:5	[false,false,false,false,false,false]
2 Samuel 19:6	[false,false,false,false,false,false]
2 Samuel 19:7	[false,false,false,false,false,false]
2 Samuel 19:8	[]
2 Samuel 19:9	[]
2 Samuel 19:10	[true]
2 Samuel 19:11	[true]
2 Samuel 19:12	[true,true]
2 Samuel 19:13	[false,false]
2 Samuel 19:14	[false,false]
2 Samuel 19:15	[]
2 Samuel 19:16	[]
2 Samuel 19:17	[]
2 Samuel 19:18	[]
2 Samuel 19:19	[false]
2 Samuel 19:20	[false]
2 Samuel 19:21	[]
2 Samuel 19:22	[true,true]
2 Samuel 19:23	[false]
2 Samuel 19:24	[]
2 Samuel 19:25	[false]
2 Samuel 19:26	[]
2 Samuel 19:27	[false,false]
2 Samuel 19:28	[false,false,false]
2 Samuel 19:29	[false]
2 Samuel 19:30	[]
2 Samuel 19:31	[]
2 Samuel 19:32	[]
2 Samuel 19:33	[false]
2 Samuel 19:34	[]
2 Samuel 19:35	[false,false]
2 Samuel 19:36	[false]
2 Samuel 19:37	[false,false,false]
2 Samuel 19:38	[false,false,false]
2 Samuel 19:39	[]
2 Samuel 19:40	[]
2 Samuel 19:41	[false]
2 Samuel 19:42	[false]
2 Samuel 19:43	[false,false]
2 Samuel 20:1	[]
2 Samuel 20:2	[]
2 Samuel 20:3	[]
2 Samuel 20:4	[false]
2 Samuel 20:5	[]
2 Samuel 20:6	[false]
2 Samuel 20:7	[]
2 Samuel 20:8	[]
2 Samuel 20:9	[false]
2 Samuel 20:10	[]
2 Samuel 20:11	[]
2 Samuel 20:12	[]
2 Samuel 20:13	[]
2 Samuel 20:14	[]
2 Samuel 20:15	[]
2 Samuel 20:16	[]
2 Samuel 20:17	[false,false]
2 Samuel 20:18	[]
2 Samuel 20:19	[false,false]
2 Samuel 20:20	[]
2 Samuel 20:21	[false]
2 Samuel 20:22	[]
2 Samuel 20:23	[]
2 Samuel 20:24	[]
2 Samuel 20:25	[]
2 Samuel 20:26	[]
2 Samuel 21:1	[]
2 Samuel 21:2	[]
2 Samuel 21:3	[true,true]
2 Samuel 21:4	[true,true,true]
2 Samuel 21:5	[]
2 Samuel 21:6	[false]
2 Samuel 21:7	[]
2 Samuel 21:8	[]
2 Samuel 21:9	[]
2 Samuel 21:10	[]
2 Samuel 21:11	[]
2 Samuel 21:12	[]
2 Samuel 21:13	[]
2 Samuel 21:14	[]
2 Samuel 21:15	[]
2 Samuel 21:16	[]
2 Samuel 21:17	[false]
2 Samuel 21:18	[]
2 Samuel 21:19	[]
2 Samuel 21:20	[]
2 Samuel 21:21	[]
2 Samuel 21:22	[]
2 Samuel 22:1	[]
2 Samuel 22:2	[]
2 Samuel 22:3	[false]
2 Samuel 22:4	[]
2 Samuel 22:5	[]
2 Samuel 22:6	[]
2 Samuel 22:7	[]
2 Samuel 22:8	[]
2 Samuel 22:9	[]
2 Samuel 22:10	[]
2 Samuel 22:11	[]
2 Samuel 22:12	[]
2 Samuel 22:13	[]
2 Samuel 22:14	[]
2 Samuel 22:15	[]
2 Samuel 22:16	[]
2 Samuel 22:17	[]
2 Samuel 22:18	[]
2 Samuel 22:19	[]
2 Samuel 22:20	[]
2 Samuel 22:21	[]
2 Samuel 22:22	[]
2 Samuel 22:23	[]
2 Samuel 22:24	[]
2 Samuel 22:25	[]
2 Samuel 22:26	[false,false,false,false]
2 Samuel 22:27	[false,false,false,false]
2 Samuel 22:28	[false,false]
2 Samuel 22:29	[false]
2 Samuel 22:30	[false]
2 Samuel 22:31	[]
2 Samuel 22:32	[]
2 Samuel 22:33	[]
2 Samuel 22:34	[]
2 Samuel 22:35	[]
2 Samuel 22:36	[false,false,false]
2 Samuel 22:37	[false]
2 Samuel 22:38	[]
2 Samuel 22:39	[]
2 Samuel 22:40	[false,false]
2 Samuel 22:41	[false]
2 Samuel 22:42	[]
2 Samuel 22:43	[]
2 Samuel 22:44	[false,false]
2 Samuel 22:45	[]
2 Samuel 22:46	[]
2 Samuel 22:47	[]
2 Samuel 22:48	[]
2 Samuel 22:49	[false,false]
2 Samuel 22:50	[false,false]
2 Samuel 22:51	[]
2 Samuel 23:1	[]
2 Samuel 23:2	[]
2 Samuel 23:3	[]
2 Samuel 23:4	[]
2 Samuel 23:5	[]
2 Samuel 23:6	[]
2 Samuel 23:7	[]
2 Samuel 23:8	[]
2 Samuel 23:9	[]
2 Samuel 23:10	[]
2 Samuel 23:11	[]
2 Samuel 23:12	[]
2 Samuel 23:13	[]
2 Samuel 23:14	[]
2 Samuel 23:15	[]
2 Samuel 23:16	[]
2 Samuel 23:17	[]
2 Samuel 23:18	[]
2 Samuel 23:19	[]
2 Samuel 23:20	[]
2 Samuel 23:21	[]
2 Samuel 23:22	[]
2 Samuel 23:23	[]
2 Samuel 23:24	[]
2 Samuel 23:25	[]
2 Samuel 23:26	[]
2 Samuel 23:27	[]
2 Samuel 23:28	[]
2 Samuel 23:29	[]
2 Samuel 23:30	[]
2 Samuel 23:31	[]
2 Samuel 23:32	[]
2 Samuel 23:33	[]
2 Samuel 23:34	[]
2 Samuel 23:35	[]
2 Samuel 23:36	[]
2 Samuel 23:37	[]
2 Samuel 23:38	[]
2 Samuel 23:39	[]
2 Samuel 24:1	[]
2 Samuel 24:2	[]
2 Samuel 24:3	[false]
2 Samuel 24:4	[]
2 Samuel 24:5	[]
2 Samuel 24:6	[]
2 Samuel 24:7	[]
2 Samuel 24:8	[]
2 Samuel 24:9	[]
2 Samuel 24:10	[false,false]
2 Samuel 24:11	[]
2 Samuel 24:12	[false,false]
2 Samuel 24:13	[false,false,false,false]
2 Samuel 24:14	[]
2 Samuel 24:15	[]
2 Samuel 24:16	[false]
2 Samuel 24:17	[false]
2 Samuel 24:18	[]
2 Samuel 24:19	[]
2 Samuel 24:20	[]
2 Samuel 24:21	[false]
2 Samuel 24:22	[]
2 Samuel 24:23	[false,false]
2 Samuel 24:24	[]
2 Samuel 24:25	[]
1 Kings 1:1	[]
1 Kings 1:2	[]
1 Kings 1:3	[]
1 Kings 1:4	[]
1 Kings 1:5	[]
1 Kings 1:6	[false]
1 Kings 1:7	[]
1 Kings 1:8	[]
1 Kings 1:9	[]
1 Kings 1:10	[]
1 Kings 1:11	[false]
1 Kings 1:12	[false,false,false]
1 Kings 1:13	[false,false,false]
1 Kings 1:14	[false,false,false]
1 Kings 1:15	[]
1 Kings 1:16	[false]
1 Kings 1:17	[false,false,false,false,false]
1 Kings 1:18	[false]
1 Kings 1:19	[false]
1 Kings 1:20	[false,false]
1 Kings 1:21	[]
1 Kings 1:22	[]
1 Kings 1:23	[]
1 Kings 1:24	[false]
1 Kings 1:25	[]
1 Kings 1:26	[false,false]
1 Kings 1:27	[false]
1 Kings 1:28	[]
1 Kings 1:29	[]
1 Kings 1:30	[false,false]
1 Kings 1:31	[]
1 Kings 1:32	[]
1 Kings 1:33	[true]
1 Kings 1:34	[true]
1 Kings 1:35	[true]
1 Kings 1:36	[]
1 Kings 1:37	[]
1 Kings 1:38	[]
1 Kings 1:39	[]
1 Kings 1:40	[]
1 Kings 1:41	[]
1 Kings 1:42	[false,false]
1 Kings 1:43	[]
1 Kings 1:44	[]
1 Kings 1:45	[true]
1 Kings 1:46	[]
1 Kings 1:47	[false,false,false]
1 Kings 1:48	[]
1 Kings 1:49	[]
1 Kings 1:50	[]
1 Kings 1:51	[]
1 Kings 1:52	[]
1 Kings 1:53	[false]
1 Kings 2:1	[]
1 Kings 2:2	[false]
1 Kings 2:3	[false,false,false,false]
1 Kings 2:4	[false,false]
1 Kings 2:5	[false]
1 Kings 2:6	[false]
1 Kings 2:7	[false,false]
1 Kings 2:8	[false,false]
1 Kings 2:9	[false,false,false]
1 Kings 2:10	[]
1 Kings 2:11	[]
1 Kings 2:12	[]
1 Kings 2:13	[false]
1 Kings 2:14	[false]
1 Kings 2:15	[false]
1 Kings 2:16	[false,false]
1 Kings 2:17	[false]
1 Kings 2:18	[false]
1 Kings 2:19	[]
1 Kings 2:20	[false,false,false]
1 Kings 2:21	[false]
1 Kings 2:22	[false,false]
1 Kings 2:23	[]
1 Kings 2:24	[]
1 Kings 2:25	[]
1 Kings 2:26	[false,false,false,false,false]
1 Kings 2:27	[]
1 Kings 2:28	[]
1 Kings 2:29	[]
1 Kings 2:30	[]
1 Kings 2:31	[]
1 Kings 2:32	[]
1 Kings 2:33	[]
1 Kings 2:34	[]
1 Kings 2:35	[]
1 Kings 2:36	[false]
1 Kings 2:37	[false,false,false,false]
1 Kings 2:38	[false]
1 Kings 2:39	[false]
1 Kings 2:40	[]
1 Kings 2:41	[]
1 Kings 2:42	[false,false,false,false,false]
1 Kings 2:43	[false,false,false]
1 Kings 2:44	[false,false,false,false,false]
1 Kings 2:45	[]
1 Kings 2:46	[]
1 Kings 3:1	[]
1 Kings 3:2	[]
1 Kings 3:3	[]
1 Kings 3:4	[]
1 Kings 3:5	[false]
1 Kings 3:6	[false,false,false,false]
1 Kings 3:7	[false,false]
1 Kings 3:8	[false,false]
1 Kings 3:9	[false,false,false]
1 Kings 3:10	[]
1 Kings 3:11	[false,false,false,false]
1 Kings 3:12	[false,false,false]
1 Kings 3:13	[false,false,false,false]
1 Kings 3:14	[false,false,false]
1 Kings 3:15	[]
1 Kings 3:16	[]
1 Kings 3:17	[]
1 Kings 3:18	[]
1 Kings 3:19	[]
1 Kings 3:20	[]
1 Kings 3:21	[]
1 Kings 3:22	[false,false]
1 Kings 3:23	[false,false]
1 Kings 3:24	[]
1 Kings 3:25	[]
1 Kings 3:26	[false]
1 Kings 3:27	[true]
1 Kings 3:28	[]
1 Kings 4:1	[]
1 Kings 4:2	[]
1 Kings 4:3	[]
1 Kings 4:4	[]
1 Kings 4:5	[]
1 Kings 4:6	[]
1 Kings 4:7	[]
1 Kings 4:8	[]
1 Kings 4:9	[]
1 Kings 4:10	[]
1 Kings 4:11	[]
1 Kings 4:12	[]
1 Kings 4:13	[]
1 Kings 4:14	[]
1 Kings 4:15	[]
1 Kings 4:16	[]
1 Kings 4:17	[]
1 Kings 4:18	[]
1 Kings 4:19	[]
1 Kings 4:20	[]
1 Kings 4:21	[]
1 Kings 4:22	[]
1 Kings 4:23	[]
1 Kings 4:24	[]
1 Kings 4:25	[]
1 Kings 4:26	[]
1 Kings 4:27	[]
1 Kings 4:28	[]
1 Kings 4:29	[]
1 Kings 4:30	[]
1 Kings 4:31	[]
1 Kings 4:32	[]
1 Kings 4:33	[]
1 Kings 4:34	[]
1 Kings 5:1	[]
1 Kings 5:2	[]
1 Kings 5:3	[false]
1 Kings 5:4	[]
1 Kings 5:5	[false,false,false]
1 Kings 5:6	[false,false,false,false]
1 Kings 5:7	[]
1 Kings 5:8	[false,false]
1 Kings 5:9	[false,false,false]
1 Kings 5:10	[]
1 Kings 5:11	[]
1 Kings 5:12	[]
1 Kings 5:13	[]
1 Kings 5:14	[]
1 Kings 5:15	[]
1 Kings 5:16	[]
1 Kings 5:17	[]
1 Kings 5:18	[]
1 Kings 6:1	[]
1 Kings 6:2	[]
1 Kings 6:3	[]
1 Kings 6:4	[]
1 Kings 6:5	[]
1 Kings 6:6	[]
1 Kings 6:7	[]
1 Kings 6:8	[]
1 Kings 6:9	[]
1 Kings 6:10	[]
1 Kings 6:11	[]
1 Kings 6:12	[false,false,false,false]
1 Kings 6:13	[]
1 Kings 6:14	[]
1 Kings 6:15	[]
1 Kings 6:16	[]
1 Kings 6:17	[]
1 Kings 6:18	[]
1 Kings 6:19	[]
1 Kings 6:20	[]
1 Kings 6:21	[]
1 Kings 6:22	[]
1 Kings 6:23	[]
1 Kings 6:24	[]
1 Kings 6:25	[]
1 Kings 6:26	[]
1 Kings 6:27	[]
1 Kings 6:28	[]
1 Kings 6:29	[]
1 Kings 6:30	[]
1 Kings 6:31	[]
1 Kings 6:32	[]
1 Kings 6:33	[]
1 Kings 6:34	[]
1 Kings 6:35	[]
1 Kings 6:36	[]
1 Kings 6:37	[]
1 Kings 6:38	[]
1 Kings 7:1	[]
1 Kings 7:2	[]
1 Kings 7:3	[]
1 Kings 7:4	[]
1 Kings 7:5	[]
1 Kings 7:6	[]
1 Kings 7:7	[]
1 Kings 7:8	[]
1 Kings 7:9	[]
1 Kings 7:10	[]
1 Kings 7:11	[]
1 Kings 7:12	[]
1 Kings 7:13	[]
1 Kings 7:14	[]
1 Kings 7:15	[]
1 Kings 7:16	[]
1 Kings 7:17	[]
1 Kings 7:18	[]
1 Kings 7:19	[]
1 Kings 7:20	[]
1 Kings 7:21	[]
1 Kings 7:22	[]
1 Kings 7:23	[]
1 Kings 7:24	[]
1 Kings 7:25	[]
1 Kings 7:26	[]
1 Kings 7:27	[]
1 Kings 7:28	[]
1 Kings 7:29	[]
1 Kings 7:30	[]
1 Kings 7:31	[]
1 Kings 7:32	[]
1 Kings 7:33	[]
1 Kings 7:34	[]
1 Kings 7:35	[]
1 Kings 7:36	[]
1 Kings 7:37	[]
1 Kings 7:38	[]
1 Kings 7:39	[]
1 Kings 7:40	[]
1 Kings 7:41	[]
1 Kings 7:42	[]
1 Kings 7:43	[]
1 Kings 7:44	[]
1 Kings 7:45	[]
1 Kings 7:46	[]
1 Kings 7:47	[]
1 Kings 7:48	[]
1 Kings 7:49	[]
1 Kings 7:50	[]
1 Kings 7:51	[]
1 Kings 8:1	[]
1 Kings 8:2	[]
1 Kings 8:3	[]
1 Kings 8:4	[]
1 Kings 8:5	[]
1 Kings 8:6	[]
1 Kings 8:7	[]
1 Kings 8:8	[]
1 Kings 8:9	[]
1 Kings 8:10	[]
1 Kings 8:11	[]
1 Kings 8:12	[]
1 Kings 8:13	[false,false]
1 Kings 8:14	[]
1 Kings 8:15	[]
1 Kings 8:16	[]
1 Kings 8:17	[]
1 Kings 8:18	[false,false,false]
1 Kings 8:19	[false,false,false]
1 Kings 8:20	[]
1 Kings 8:21	[]
1 Kings 8:22	[]
1 Kings 8:23	[false,false,false,false]
1 Kings 8:24	[false,false,false,false,false,false,false]
1 Kings 8:25	[false,false,false,false,false,false]
1 Kings 8:26	[false,false]
1 Kings 8:27	[false]
1 Kings 8:28	[false,false,false,false]
1 Kings 8:29	[false,false,false,false]
1 Kings 8:30	[false,false,false,false,false]
1 Kings 8:31	[false]
1 Kings 8:32	[false,false,false]
1 Kings 8:33	[false,false,false,false,false]
1 Kings 8:34	[false,false,false,false]
1 Kings 8:35	[false,false,false,false]
1 Kings 8:36	[false,false,false,false,false,false,false]
1 Kings 8:37	[]
1 Kings 8:38	[false]
1 Kings 8:39	[false,false,false,false,false]
1 Kings 8:40	[false,false]
1 Kings 8:41	[false,false]
1 Kings 8:42	[false]
1 Kings 8:43	[false,false,false,false,false,false,false]
1 Kings 8:44	[false,false,false,false]
1 Kings 8:45	[false,false]
1 Kings 8:46	[false,false]
1 Kings 8:47	[false]
1 Kings 8:48	[false,false,false,false,false]
1 Kings 8:49	[false,false,false]
1 Kings 8:50	[false,false,false,false,false]
1 Kings 8:51	[false,false,false]
1 Kings 8:52	[false,false,false,false,false]
1 Kings 8:53	[false,false,false,false,false]
1 Kings 8:54	[]
1 Kings 8:55	[]
1 Kings 8:56	[]
1 Kings 8:57	[]
1 Kings 8:58	[]
1 Kings 8:59	[]
1 Kings 8:60	[]
1 Kings 8:61	[true]
1 Kings 8:62	[]
1 Kings 8:63	[]
1 Kings 8:64	[]
1 Kings 8:65	[]
1 Kings 8:66	[]
1 Kings 9:1	[]
1 Kings 9:2	[]
1 Kings 9:3	[false,false]
1 Kings 9:4	[false,false,false,false,false]
1 Kings 9:5	[false,false,false]
1 Kings 9:6	[true,true,true,true]
1 Kings 9:7	[]
1 Kings 9:8	[]
1 Kings 9:9	[]
1 Kings 9:10	[]
1 Kings 9:11	[]
1 Kings 9:12	[]
1 Kings 9:13	[false]
1 Kings 9:14	[]
1 Kings 9:15	[]
1 Kings 9:16	[]
1 Kings 9:17	[]
1 Kings 9:18	[]
1 Kings 9:19	[]
1 Kings 9:20	[]
1 Kings 9:21	[]
1 Kings 9:22	[]
1 Kings 9:23	[]
1 Kings 9:24	[]
1 Kings 9:25	[]
1 Kings 9:26	[]
1 Kings 9:27	[]
1 Kings 9:28	[]
1 Kings 10:1	[]
1 Kings 10:2	[]
1 Kings 10:3	[]
1 Kings 10:4	[]
1 Kings 10:5	[]
1 Kings 10:6	[false]
1 Kings 10:7	[false]
1 Kings 10:8	[false,false,false,false]
1 Kings 10:9	[false,false,false,false]
1 Kings 10:10	[]
1 Kings 10:11	[]
1 Kings 10:12	[]
1 Kings 10:13	[]
1 Kings 10:14	[]
1 Kings 10:15	[]
1 Kings 10:16	[]
1 Kings 10:17	[]
1 Kings 10:18	[]
1 Kings 10:19	[]
1 Kings 10:20	[]
1 Kings 10:21	[]
1 Kings 10:22	[]
1 Kings 10:23	[]
1 Kings 10:24	[]
1 Kings 10:25	[]
1 Kings 10:26	[]
1 Kings 10:27	[]
1 Kings 10:28	[]
1 Kings 10:29	[]
1 Kings 11:1	[]
1 Kings 11:2	[true,true]
1 Kings 11:3	[]
1 Kings 11:4	[]
1 Kings 11:5	[]
1 Kings 11:6	[]
1 Kings 11:7	[]
1 Kings 11:8	[]
1 Kings 11:9	[]
1 Kings 11:10	[]
1 Kings 11:11	[false,false,false,false]
1 Kings 11:12	[false,false,false]
1 Kings 11:13	[false]
1 Kings 11:14	[]
1 Kings 11:15	[]
1 Kings 11:16	[]
1 Kings 11:17	[]
1 Kings 11:18	[]
1 Kings 11:19	[]
1 Kings 11:20	[]
1 Kings 11:21	[]
1 Kings 11:22	[false,false,false]
1 Kings 11:23	[]
1 Kings 11:24	[]
1 Kings 11:25	[]
1 Kings 11:26	[]
1 Kings 11:27	[]
1 Kings 11:28	[]
1 Kings 11:29	[]
1 Kings 11:30	[]
1 Kings 11:31	[false,false]
1 Kings 11:32	[]
1 Kings 11:33	[]
1 Kings 11:34	[]
1 Kings 11:35	[false]
1 Kings 11:36	[]
1 Kings 11:37	[false,false,false,false,false]
1 Kings 11:38	[false,false,false,false,false]
1 Kings 11:39	[]
1 Kings 11:40	[]
1 Kings 11:41	[]
1 Kings 11:42	[]
1 Kings 11:43	[]
1 Kings 12:1	[]
1 Kings 12:2	[]
1 Kings 12:3	[]
1 Kings 12:4	[false,false,false,false]
1 Kings 12:5	[]
1 Kings 12:6	[true]
1 Kings 12:7	[false,false,false]
1 Kings 12:8	[]
1 Kings 12:9	[true,false]
1 Kings 12:10	[false,false,false,false,false]
1 Kings 12:11	[true,true,true,true]
1 Kings 12:12	[]
1 Kings 12:13	[]
1 Kings 12:14	[true,true,true,true]
1 Kings 12:15	[]
1 Kings 12:16	[false,false]
1 Kings 12:17	[]
1 Kings 12:18	[]
1 Kings 12:19	[]
1 Kings 12:20	[]
1 Kings 12:21	[]
1 Kings 12:22	[]
1 Kings 12:23	[]
1 Kings 12:24	[true,true,true]
1 Kings 12:25	[]
1 Kings 12:26	[]
1 Kings 12:27	[]
1 Kings 12:28	[true,false,false]
1 Kings 12:29	[]
1 Kings 12:30	[]
1 Kings 12:31	[]
1 Kings 12:32	[]
1 Kings 12:33	[]
1 Kings 13:1	[]
1 Kings 13:2	[false,false,false]
1 Kings 13:3	[]
1 Kings 13:4	[]
1 Kings 13:5	[]
1 Kings 13:6	[false]
1 Kings 13:7	[false,false]
1 Kings 13:8	[false,false,false]
1 Kings 13:9	[false,false]
1 Kings 13:10	[]
1 Kings 13:11	[]
1 Kings 13:12	[]
1 Kings 13:13	[]
1 Kings 13:14	[false]
1 Kings 13:15	[]
1 Kings 13:16	[false,false]
1 Kings 13:17	[false,false]
1 Kings 13:18	[false,false,false]
1 Kings 13:19	[]
1 Kings 13:20	[]
1 Kings 13:21	[false,false,false]
1 Kings 13:22	[false,false,false,false]
1 Kings 13:23	[]
1 Kings 13:24	[]
1 Kings 13:25	[]
1 Kings 13:26	[]
1 Kings 13:27	[]
1 Kings 13:28	[]
1 Kings 13:29	[]
1 Kings 13:30	[]
1 Kings 13:31	[true]
1 Kings 13:32	[]
1 Kings 13:33	[]
1 Kings 13:34	[]
1 Kings 14:1	[]
1 Kings 14:2	[false,false]
1 Kings 14:3	[false,false]
1 Kings 14:4	[]
1 Kings 14:5	[false,false]
1 Kings 14:6	[false,false]
1 Kings 14:7	[false,false]
1 Kings 14:8	[false,false]
1 Kings 14:9	[false,false,false,false,false,false]
1 Kings 14:10	[]
1 Kings 14:11	[]
1 Kings 14:12	[false,false]
1 Kings 14:13	[]
1 Kings 14:14	[]
1 Kings 14:15	[]
1 Kings 14:16	[]
1 Kings 14:17	[]
1 Kings 14:18	[]
1 Kings 14:19	[]
1 Kings 14:20	[]
1 Kings 14:21	[]
1 Kings 14:22	[]
1 Kings 14:23	[]
1 Kings 14:24	[]
1 Kings 14:25	[]
1 Kings 14:26	[]
1 Kings 14:27	[]
1 Kings 14:28	[]
1 Kings 14:29	[]
1 Kings 14:30	[]
1 Kings 14:31	[]
1 Kings 15:1	[]
1 Kings 15:2	[]
1 Kings 15:3	[]
1 Kings 15:4	[]
1 Kings 15:5	[]
1 Kings 15:6	[]
1 Kings 15:7	[]
1 Kings 15:8	[]
1 Kings 15:9	[]
1 Kings 15:10	[]
1 Kings 15:11	[]
1 Kings 15:12	[]
1 Kings 15:13	[]
1 Kings 15:14	[]
1 Kings 15:15	[]
1 Kings 15:16	[]
1 Kings 15:17	[]
1 Kings 15:18	[]
1 Kings 15:19	[false,false,false,false]
1 Kings 15:20	[]
1 Kings 15:21	[]
1 Kings 15:22	[]
1 Kings 15:23	[]
1 Kings 15:24	[]
1 Kings 15:25	[]
1 Kings 15:26	[]
1 Kings 15:27	[]
1 Kings 15:28	[]
1 Kings 15:29	[]
1 Kings 15:30	[]
1 Kings 15:31	[]
1 Kings 15:32	[]
1 Kings 15:33	[]
1 Kings 15:34	[]
1 Kings 16:1	[]
1 Kings 16:2	[false,false,false]
1 Kings 16:3	[false]
1 Kings 16:4	[]
1 Kings 16:5	[]
1 Kings 16:6	[]
1 Kings 16:7	[]
1 Kings 16:8	[]
1 Kings 16:9	[]
1 Kings 16:10	[]
1 Kings 16:11	[]
1 Kings 16:12	[]
1 Kings 16:13	[]
1 Kings 16:14	[]
1 Kings 16:15	[]
1 Kings 16:16	[]
1 Kings 16:17	[]
1 Kings 16:18	[]
1 Kings 16:19	[]
1 Kings 16:20	[]
1 Kings 16:21	[]
1 Kings 16:22	[]
1 Kings 16:23	[]
1 Kings 16:24	[]
1 Kings 16:25	[]
1 Kings 16:26	[]
1 Kings 16:27	[]
1 Kings 16:28	[]
1 Kings 16:29	[]
1 Kings 16:30	[]
1 Kings 16:31	[]
1 Kings 16:32	[]
1 Kings 16:33	[]
1 Kings 16:34	[]
1 Kings 17:1	[]
1 Kings 17:2	[]
1 Kings 17:3	[false]
1 Kings 17:4	[false,false]
1 Kings 17:5	[]
1 Kings 17:6	[]
1 Kings 17:7	[]
1 Kings 17:8	[]
1 Kings 17:9	[false]
1 Kings 17:10	[]
1 Kings 17:11	[]
1 Kings 17:12	[false]
1 Kings 17:13	[false,false,false,false]
1 Kings 17:14	[]
1 Kings 17:15	[]
1 Kings 17:16	[]
1 Kings 17:17	[]
1 Kings 17:18	[false,false]
1 Kings 17:19	[false]
1 Kings 17:20	[false]
1 Kings 17:21	[]
1 Kings 17:22	[]
1 Kings 17:23	[false]
1 Kings 17:24	[false,false]
1 Kings 18:1	[false]
1 Kings 18:2	[]
1 Kings 18:3	[]
1 Kings 18:4	[]
1 Kings 18:5	[]
1 Kings 18:6	[]
1 Kings 18:7	[false]
1 Kings 18:8	[false]
1 Kings 18:9	[false,false]
1 Kings 18:10	[false,false,false]
1 Kings 18:11	[false,false]
1 Kings 18:12	[false,false,false,false]
1 Kings 18:13	[]
1 Kings 18:14	[false,false]
1 Kings 18:15	[]
1 Kings 18:16	[]
1 Kings 18:17	[false]
1 Kings 18:18	[false,false,true]
1 Kings 18:19	[]
1 Kings 18:20	[]
1 Kings 18:21	[true]
1 Kings 18:22	[]
1 Kings 18:23	[]
1 Kings 18:24	[true,true,true]
1 Kings 18:25	[true,true,true]
1 Kings 18:26	[]
1 Kings 18:27	[]
1 Kings 18:28	[]
1 Kings 18:29	[]
1 Kings 18:30	[]
1 Kings 18:31	[false]
1 Kings 18:32	[]
1 Kings 18:33	[]
1 Kings 18:34	[]
1 Kings 18:35	[]
1 Kings 18:36	[false,false,false]
1 Kings 18:37	[false,false]
1 Kings 18:38	[]
1 Kings 18:39	[]
1 Kings 18:40	[]
1 Kings 18:41	[]
1 Kings 18:42	[]
1 Kings 18:43	[]
1 Kings 18:44	[false,false]
1 Kings 18:45	[]
1 Kings 18:46	[]
1 Kings 19:1	[]
1 Kings 19:2	[false,false]
1 Kings 19:3	[]
1 Kings 19:4	[]
1 Kings 19:5	[]
1 Kings 19:6	[]
1 Kings 19:7	[false]
1 Kings 19:8	[]
1 Kings 19:9	[false]
1 Kings 19:10	[false,false,false]
1 Kings 19:11	[]
1 Kings 19:12	[]
1 Kings 19:13	[false]
1 Kings 19:14	[false,false,false]
1 Kings 19:15	[false,false,false]
1 Kings 19:16	[false,false]
1 Kings 19:17	[]
1 Kings 19:18	[]
1 Kings 19:19	[]
1 Kings 19:20	[false,false]
1 Kings 19:21	[]
1 Kings 20:1	[]
1 Kings 20:2	[]
1 Kings 20:3	[false,false]
1 Kings 20:4	[false,false]
1 Kings 20:5	[false,false,false,false,false]
1 Kings 20:6	[false,false,false]
1 Kings 20:7	[]
1 Kings 20:8	[]
1 Kings 20:9	[false,false]
1 Kings 20:10	[]
1 Kings 20:11	[]
1 Kings 20:12	[true]
1 Kings 20:13	[false,false,false]
1 Kings 20:14	[false]
1 Kings 20:15	[]
1 Kings 20:16	[]
1 Kings 20:17	[]
1 Kings 20:18	[]
1 Kings 20:19	[]
1 Kings 20:20	[]
1 Kings 20:21	[]
1 Kings 20:22	[false,false,false]
1 Kings 20:23	[]
1 Kings 20:24	[]
1 Kings 20:25	[false,false]
1 Kings 20:26	[]
1 Kings 20:27	[]
1 Kings 20:28	[false,true]
1 Kings 20:29	[]
1 Kings 20:30	[]
1 Kings 20:31	[false]
1 Kings 20:32	[false]
1 Kings 20:33	[false]
1 Kings 20:34	[false,false,false,false]
1 Kings 20:35	[]
1 Kings 20:36	[false,false,false]
1 Kings 20:37	[]
1 Kings 20:38	[]
1 Kings 20:39	[false,false,false]
1 Kings 20:40	[false,false,false,false]
1 Kings 20:41	[]
1 Kings 20:42	[false,false,false,false]
1 Kings 20:43	[]
1 Kings 21:1	[]
1 Kings 21:2	[false,false,false,false]
1 Kings 21:3	[false]
1 Kings 21:4	[false]
1 Kings 21:5	[false,false]
1 Kings 21:6	[false,false,false,false]
1 Kings 21:7	[false,false]
1 Kings 21:8	[]
1 Kings 21:9	[]
1 Kings 21:10	[false]
1 Kings 21:11	[]
1 Kings 21:12	[]
1 Kings 21:13	[]
1 Kings 21:14	[]
1 Kings 21:15	[false]
1 Kings 21:16	[]
1 Kings 21:17	[]
1 Kings 21:18	[]
1 Kings 21:19	[false,false,false]
1 Kings 21:20	[false,false,false,false]
1 Kings 21:21	[false,false]
1 Kings 21:22	[false,false]
1 Kings 21:23	[]
1 Kings 21:24	[]
1 Kings 21:25	[]
1 Kings 21:26	[]
1 Kings 21:27	[]
1 Kings 21:28	[]
1 Kings 21:29	[false]
1 Kings 22:1	[]
1 Kings 22:2	[]
1 Kings 22:3	[true]
1 Kings 22:4	[false,false,false,false]
1 Kings 22:5	[]
1 Kings 22:6	[]
1 Kings 22:7	[]
1 Kings 22:8	[]
1 Kings 22:9	[]
1 Kings 22:10	[]
1 Kings 22:11	[false]
1 Kings 22:12	[]
1 Kings 22:13	[false]
1 Kings 22:14	[]
1 Kings 22:15	[]
1 Kings 22:16	[false]
1 Kings 22:17	[]
1 Kings 22:18	[false]
1 Kings 22:19	[]
1 Kings 22:20	[]
1 Kings 22:21	[]
1 Kings 22:22	[false]
1 Kings 22:23	[false,false,false]
1 Kings 22:24	[false]
1 Kings 22:25	[false,false]
1 Kings 22:26	[]
1 Kings 22:27	[]
1 Kings 22:28	[false,false]
1 Kings 22:29	[]
1 Kings 22:30	[false,false]
1 Kings 22:31	[]
1 Kings 22:32	[]
1 Kings 22:33	[]
1 Kings 22:34	[]
1 Kings 22:35	[]
1 Kings 22:36	[]
1 Kings 22:37	[]
1 Kings 22:38	[]
1 Kings 22:39	[]
1 Kings 22:40	[]
1 Kings 22:41	[]
1 Kings 22:42	[]
1 Kings 22:43	[]
1 Kings 22:44	[]
1 Kings 22:45	[]
1 Kings 22:46	[]
1 Kings 22:47	[]
1 Kings 22:48	[]
1 Kings 22:49	[false]
1 Kings 22:50	[]
1 Kings 22:51	[]
1 Kings 22:52	[]
1 Kings 22:53	[]
2 Kings 1:1	[]
2 Kings 1:2	[]
2 Kings 1:3	[true,true]
2 Kings 1:4	[false,false,false]
2 Kings 1:5	[true]
2 Kings 1:6	[true,false,false,false,false]
2 Kings 1:7	[true,true]
2 Kings 1:8	[]
2 Kings 1:9	[]
2 Kings 1:10	[false,false]
2 Kings 1:11	[]
2 Kings 1:12	[false,false]
2 Kings 1:13	[false,false]
2 Kings 1:14	[false]
2 Kings 1:15	[]
2 Kings 1:16	[false,false,false,false,false]
2 Kings 1:17	[]
2 Kings 1:18	[]
2 Kings 2:1	[]
2 Kings 2:2	[false,false,false]
2 Kings 2:3	[false,false,false]
2 Kings 2:4	[false,false,false]
2 Kings 2:5	[false,false,false]
2 Kings 2:6	[false,false,false]
2 Kings 2:7	[]
2 Kings 2:8	[]
2 Kings 2:9	[false,false,false]
2 Kings 2:10	[false,false,false,false]
2 Kings 2:11	[]
2 Kings 2:12	[]
2 Kings 2:13	[]
2 Kings 2:14	[]
2 Kings 2:15	[]
2 Kings 2:16	[false,false]
2 Kings 2:17	[]
2 Kings 2:18	[true]
2 Kings 2:19	[false]
2 Kings 2:20	[]
2 Kings 2:21	[]
2 Kings 2:22	[]
2 Kings 2:23	[false,false]
2 Kings 2:24	[]
2 Kings 2:25	[]
2 Kings 3:1	[]
2 Kings 3:2	[]
2 Kings 3:3	[]
2 Kings 3:4	[]
2 Kings 3:5	[]
2 Kings 3:6	[]
2 Kings 3:7	[false,false,false,false]
2 Kings 3:8	[]
2 Kings 3:9	[]
2 Kings 3:10	[]
2 Kings 3:11	[]
2 Kings 3:12	[]
2 Kings 3:13	[false,false]
2 Kings 3:14	[false,false]
2 Kings 3:15	[]
2 Kings 3:16	[]
2 Kings 3:17	[true,true,true,true,true]
2 Kings 3:18	[true]
2 Kings 3:19	[true,true]
2 Kings 3:20	[]
2 Kings 3:21	[]
2 Kings 3:22	[]
2 Kings 3:23	[]
2 Kings 3:24	[]
2 Kings 3:25	[]
2 Kings 3:26	[]
2 Kings 3:27	[]
2 Kings 4:1	[false,false,false]
2 Kings 4:2	[false,false,false]
2 Kings 4:3	[false]
2 Kings 4:4	[false,false]
2 Kings 4:5	[]
2 Kings 4:6	[]
2 Kings 4:7	[false,false,false]
2 Kings 4:8	[]
2 Kings 4:9	[]
2 Kings 4:10	[]
2 Kings 4:11	[]
2 Kings 4:12	[]
2 Kings 4:13	[false,false,false]
2 Kings 4:14	[]
2 Kings 4:15	[]
2 Kings 4:16	[false,false,false]
2 Kings 4:17	[]
2 Kings 4:18	[]
2 Kings 4:19	[]
2 Kings 4:20	[]
2 Kings 4:21	[]
2 Kings 4:22	[]
2 Kings 4:23	[false]
2 Kings 4:24	[false]
2 Kings 4:25	[]
2 Kings 4:26	[false,false,false]
2 Kings 4:27	[]
2 Kings 4:28	[false]
2 Kings 4:29	[false,false,false,false]
2 Kings 4:30	[false,false,false]
2 Kings 4:31	[]
2 Kings 4:32	[]
2 Kings 4:33	[]
2 Kings 4:34	[]
2 Kings 4:35	[]
2 Kings 4:36	[false]
2 Kings 4:37	[]
2 Kings 4:38	[]
2 Kings 4:39	[]
2 Kings 4:40	[]
2 Kings 4:41	[]
2 Kings 4:42	[]
2 Kings 4:43	[]
2 Kings 4:44	[]
2 Kings 5:1	[]
2 Kings 5:2	[]
2 Kings 5:3	[]
2 Kings 5:4	[]
2 Kings 5:5	[false]
2 Kings 5:6	[false]
2 Kings 5:7	[true]
2 Kings 5:8	[false,false]
2 Kings 5:9	[]
2 Kings 5:10	[false,false,false]
2 Kings 5:11	[]
2 Kings 5:12	[]
2 Kings 5:13	[false,false,false]
2 Kings 5:14	[]
2 Kings 5:15	[false]
2 Kings 5:16	[]
2 Kings 5:17	[false,false,false]
2 Kings 5:18	[false,false]
2 Kings 5:19	[]
2 Kings 5:20	[]
2 Kings 5:21	[]
2 Kings 5:22	[]
2 Kings 5:23	[]
2 Kings 5:24	[]
2 Kings 5:25	[false,false]
2 Kings 5:26	[false,false]
2 Kings 5:27	[false,false]
2 Kings 6:1	[false]
2 Kings 6:2	[]
2 Kings 6:3	[false]
2 Kings 6:4	[]
2 Kings 6:5	[]
2 Kings 6:6	[]
2 Kings 6:7	[]
2 Kings 6:8	[]
2 Kings 6:9	[]
2 Kings 6:10	[]
2 Kings 6:11	[]
2 Kings 6:12	[false,false]
2 Kings 6:13	[]
2 Kings 6:14	[]
2 Kings 6:15	[]
2 Kings 6:16	[]
2 Kings 6:17	[]
2 Kings 6:18	[]
2 Kings 6:19	[true,true]
2 Kings 6:20	[]
2 Kings 6:21	[]
2 Kings 6:22	[false,false,false]
2 Kings 6:23	[]
2 Kings 6:24	[]
2 Kings 6:25	[]
2 Kings 6:26	[]
2 Kings 6:27	[false,false]
2 Kings 6:28	[false]
2 Kings 6:29	[false]
2 Kings 6:30	[]
2 Kings 6:31	[]
2 Kings 6:32	[true]
2 Kings 6:33	[]
2 Kings 7:1	[]
2 Kings 7:2	[false,false,false]
2 Kings 7:3	[]
2 Kings 7:4	[]
2 Kings 7:5	[]
2 Kings 7:6	[]
2 Kings 7:7	[]
2 Kings 7:8	[]
2 Kings 7:9	[]
2 Kings 7:10	[]
2 Kings 7:11	[]
2 Kings 7:12	[true]
2 Kings 7:13	[false]
2 Kings 7:14	[]
2 Kings 7:15	[]
2 Kings 7:16	[]
2 Kings 7:17	[]
2 Kings 7:18	[]
2 Kings 7:19	[false,false,false]
2 Kings 7:20	[]
2 Kings 8:1	[false,false,false]
2 Kings 8:2	[]
2 Kings 8:3	[]
2 Kings 8:4	[]
2 Kings 8:5	[]
2 Kings 8:6	[]
2 Kings 8:7	[]
2 Kings 8:8	[false]
2 Kings 8:9	[false]
2 Kings 8:10	[false]
2 Kings 8:11	[]
2 Kings 8:12	[false,false]
2 Kings 8:13	[false,false]
2 Kings 8:14	[false,false]
2 Kings 8:15	[]
2 Kings 8:16	[]
2 Kings 8:17	[]
2 Kings 8:18	[]
2 Kings 8:19	[]
2 Kings 8:20	[]
2 Kings 8:21	[]
2 Kings 8:22	[]
2 Kings 8:23	[]
2 Kings 8:24	[]
2 Kings 8:25	[]
2 Kings 8:26	[]
2 Kings 8:27	[]
2 Kings 8:28	[]
2 Kings 8:29	[]
2 Kings 9:1	[false,false]
2 Kings 9:2	[false]
2 Kings 9:3	[false]
2 Kings 9:4	[]
2 Kings 9:5	[false,false]
2 Kings 9:6	[false]
2 Kings 9:7	[false,false]
2 Kings 9:8	[]
2 Kings 9:9	[]
2 Kings 9:10	[]
2 Kings 9:11	[false,true]
2 Kings 9:12	[false]
2 Kings 9:13	[]
2 Kings 9:14	[]
2 Kings 9:15	[true]
2 Kings 9:16	[]
2 Kings 9:17	[false]
2 Kings 9:18	[false,false]
2 Kings 9:19	[false,false]
2 Kings 9:20	[]
2 Kings 9:21	[]
2 Kings 9:22	[false,false]
2 Kings 9:23	[]
2 Kings 9:24	[]
2 Kings 9:25	[false]
2 Kings 9:26	[false]
2 Kings 9:27	[]
2 Kings 9:28	[]
2 Kings 9:29	[]
2 Kings 9:30	[]
2 Kings 9:31	[false,false]
2 Kings 9:32	[]
2 Kings 9:33	[]
2 Kings 9:34	[]
2 Kings 9:35	[]
2 Kings 9:36	[]
2 Kings 9:37	[]
2 Kings 10:1	[]
2 Kings 10:2	[true,true,true]
2 Kings 10:3	[true,true]
2 Kings 10:4	[]
2 Kings 10:5	[false,false,false]
2 Kings 10:6	[true,true,true]
2 Kings 10:7	[]
2 Kings 10:8	[]
2 Kings 10:9	[true]
2 Kings 10:10	[]
2 Kings 10:11	[]
2 Kings 10:12	[]
2 Kings 10:13	[true]
2 Kings 10:14	[]
2 Kings 10:15	[false,false,false]
2 Kings 10:16	[]
2 Kings 10:17	[]
2 Kings 10:18	[]
2 Kings 10:19	[]
2 Kings 10:20	[]
2 Kings 10:21	[]
2 Kings 10:22	[]
2 Kings 10:23	[true]
2 Kings 10:24	[true]
2 Kings 10:25	[]
2 Kings 10:26	[]
2 Kings 10:27	[]
2 Kings 10:28	[]
2 Kings 10:29	[]
2 Kings 10:30	[false,false]
2 Kings 10:31	[]
2 Kings 10:32	[]
2 Kings 10:33	[]
2 Kings 10:34	[]
2 Kings 10:35	[]
2 Kings 10:36	[]
2 Kings 11:1	[]
2 Kings 11:2	[]
2 Kings 11:3	[]
2 Kings 11:4	[]
2 Kings 11:5	[true,true]
2 Kings 11:6	[false]
2 Kings 11:7	[]
2 Kings 11:8	[true,true]
2 Kings 11:9	[]
2 Kings 11:10	[]
2 Kings 11:11	[]
2 Kings 11:12	[]
2 Kings 11:13	[]
2 Kings 11:14	[]
2 Kings 11:15	[]
2 Kings 11:16	[]
2 Kings 11:17	[]
2 Kings 11:18	[]
2 Kings 11:19	[]
2 Kings 11:20	[]
2 Kings 11:21	[]
2 Kings 12:1	[]
2 Kings 12:2	[]
2 Kings 12:3	[]
2 Kings 12:4	[]
2 Kings 12:5	[]
2 Kings 12:6	[]
2 Kings 12:7	[true,true]
2 Kings 12:8	[]
2 Kings 12:9	[]
2 Kings 12:10	[]
2 Kings 12:11	[]
2 Kings 12:12	[]
2 Kings 12:13	[]
2 Kings 12:14	[]
2 Kings 12:15	[]
2 Kings 12:16	[]
2 Kings 12:17	[]
2 Kings 12:18	[]
2 Kings 12:19	[]
2 Kings 12:20	[]
2 Kings 12:21	[]
2 Kings 13:1	[]
2 Kings 13:2	[]
2 Kings 13:3	[]
2 Kings 13:4	[]
2 Kings 13:5	[]
2 Kings 13:6	[]
2 Kings 13:7	[]
2 Kings 13:8	[]
2 Kings 13:9	[]
2 Kings 13:10	[]
2 Kings 13:11	[]
2 Kings 13:12	[]
2 Kings 13:13	[]
2 Kings 13:14	[]
2 Kings 13:15	[]
2 Kings 13:16	[false]
2 Kings 13:17	[false,false]
2 Kings 13:18	[]
2 Kings 13:19	[false,false,false,false]
2 Kings 13:20	[]
2 Kings 13:21	[]
2 Kings 13:22	[]
2 Kings 13:23	[]
2 Kings 13:24	[]
2 Kings 13:25	[]
2 Kings 14:1	[]
2 Kings 14:2	[]
2 Kings 14:3	[]
2 Kings 14:4	[]
2 Kings 14:5	[]
2 Kings 14:6	[]
2 Kings 14:7	[]
2 Kings 14:8	[]
2 Kings 14:9	[false]
2 Kings 14:10	[false,false,false,false,false,false]
2 Kings 14:11	[]
2 Kings 14:12	[]
2 Kings 14:13	[]
2 Kings 14:14	[]
2 Kings 14:15	[]
2 Kings 14:16	[]
2 Kings 14:17	[]
2 Kings 14:18	[]
2 Kings 14:19	[]
2 Kings 14:20	[]
2 Kings 14:21	[]
2 Kings 14:22	[]
2 Kings 14:23	[]
2 Kings 14:24	[]
2 Kings 14:25	[]
2 Kings 14:26	[]
2 Kings 14:27	[]
2 Kings 14:28	[]
2 Kings 14:29	[]
2 Kings 15:1	[]
2 Kings 15:2	[]
2 Kings 15:3	[]
2 Kings 15:4	[]
2 Kings 15:5	[]
2 Kings 15:6	[]
2 Kings 15:7	[]
2 Kings 15:8	[]
2 Kings 15:9	[]
2 Kings 15:10	[]
2 Kings 15:11	[]
2 Kings 15:12	[false]
2 Kings 15:13	[]
2 Kings 15:14	[]
2 Kings 15:15	[]
2 Kings 15:16	[]
2 Kings 15:17	[]
2 Kings 15:18	[]
2 Kings 15:19	[]
2 Kings 15:20	[]
2 Kings 15:21	[]
2 Kings 15:22	[]
2 Kings 15:23	[]
2 Kings 15:24	[]
2 Kings 15:25	[]
2 Kings 15:26	[]
2 Kings 15:27	[]
2 Kings 15:28	[]
2 Kings 15:29	[]
2 Kings 15:30	[]
2 Kings 15:31	[]
2 Kings 15:32	[]
2 Kings 15:33	[]
2 Kings 15:34	[]
2 Kings 15:35	[]
2 Kings 15:36	[]
2 Kings 15:37	[]
2 Kings 15:38	[]
2 Kings 16:1	[]
2 Kings 16:2	[]
2 Kings 16:3	[]
2 Kings 16:4	[]
2 Kings 16:5	[]
2 Kings 16:6	[]
2 Kings 16:7	[false,false]
2 Kings 16:8	[]
2 Kings 16:9	[]
2 Kings 16:10	[]
2 Kings 16:11	[]
2 Kings 16:12	[]
2 Kings 16:13	[]
2 Kings 16:14	[]
2 Kings 16:15	[]
2 Kings 16:16	[]
2 Kings 16:17	[]
2 Kings 16:18	[]
2 Kings 16:19	[]
2 Kings 16:20	[]
2 Kings 17:1	[]
2 Kings 17:2	[]
2 Kings 17:3	[]
2 Kings 17:4	[]
2 Kings 17:5	[]
2 Kings 17:6	[]
2 Kings 17:7	[]
2 Kings 17:8	[]
2 Kings 17:9	[]
2 Kings 17:10	[]
2 Kings 17:11	[]
2 Kings 17:12	[false]
2 Kings 17:13	[true,true,true]
2 Kings 17:14	[]
2 Kings 17:15	[]
2 Kings 17:16	[]
2 Kings 17:17	[]
2 Kings 17:18	[]
2 Kings 17:19	[]
2 Kings 17:20	[]
2 Kings 17:21	[]
2 Kings 17:22	[]
2 Kings 17:23	[]
2 Kings 17:24	[]
2 Kings 17:25	[]
2 Kings 17:26	[false]
2 Kings 17:27	[true]
2 Kings 17:28	[]
2 Kings 17:29	[]
2 Kings 17:30	[]
2 Kings 17:31	[]
2 Kings 17:32	[]
2 Kings 17:33	[]
2 Kings 17:34	[]
2 Kings 17:35	[]
2 Kings 17:36	[true,true]
2 Kings 17:37	[true,true]
2 Kings 17:38	[true]
2 Kings 17:39	[true,true,true]
2 Kings 17:40	[]
2 Kings 17:41	[]
2 Kings 18:1	[]
2 Kings 18:2	[]
2 Kings 18:3	[]
2 Kings 18:4	[]
2 Kings 18:5	[]
2 Kings 18:6	[]
2 Kings 18:7	[]
2 Kings 18:8	[]
2 Kings 18:9	[]
2 Kings 18:10	[]
2 Kings 18:11	[]
2 Kings 18:12	[]
2 Kings 18:13	[]
2 Kings 18:14	[false]
2 Kings 18:15	[]
2 Kings 18:16	[]
2 Kings 18:17	[]
2 Kings 18:18	[]
2 Kings 18:19	[false]
2 Kings 18:20	[false,false,false]
2 Kings 18:21	[false]
2 Kings 18:22	[true,true]
2 Kings 18:23	[false,false]
2 Kings 18:24	[false,false]
2 Kings 18:25	[]
2 Kings 18:26	[false]
2 Kings 18:27	[false,true,true]
2 Kings 18:28	[]
2 Kings 18:29	[true,true]
2 Kings 18:30	[false]
2 Kings 18:31	[false]
2 Kings 18:32	[true,true,true,true]
2 Kings 18:33	[]
2 Kings 18:34	[]
2 Kings 18:35	[]
2 Kings 18:36	[]
2 Kings 18:37	[]
2 Kings 19:1	[]
2 Kings 19:2	[]
2 Kings 19:3	[]
2 Kings 19:4	[false,false]
2 Kings 19:5	[]
2 Kings 19:6	[true,false]
2 Kings 19:7	[]
2 Kings 19:8	[]
2 Kings 19:9	[false]
2 Kings 19:10	[false,false,false]
2 Kings 19:11	[false,false]
2 Kings 19:12	[]
2 Kings 19:13	[]
2 Kings 19:14	[]
2 Kings 19:15	[false,false]
2 Kings 19:16	[false,false]
2 Kings 19:17	[]
2 Kings 19:18	[]
2 Kings 19:19	[false]
2 Kings 19:20	[false]
2 Kings 19:21	[false,false,false]
2 Kings 19:22	[false,false,false,false]
2 Kings 19:23	[false,false,false]
2 Kings 19:24	[]
2 Kings 19:25	[false,false]
2 Kings 19:26	[]
2 Kings 19:27	[false,false,false]
2 Kings 19:28	[false,false,false,false,false]
2 Kings 19:29	[false,true,true,true]
2 Kings 19:30	[]
2 Kings 19:31	[]
2 Kings 19:32	[]
2 Kings 19:33	[]
2 Kings 19:34	[]
2 Kings 19:35	[]
2 Kings 19:36	[]
2 Kings 19:37	[]
2 Kings 20:1	[false,false,false]
2 Kings 20:2	[]
2 Kings 20:3	[false,false]
2 Kings 20:4	[]
2 Kings 20:5	[false,false,false,false,false]
2 Kings 20:6	[false,false]
2 Kings 20:7	[]
2 Kings 20:8	[]
2 Kings 20:9	[false,false]
2 Kings 20:10	[]
2 Kings 20:11	[]
2 Kings 20:12	[]
2 Kings 20:13	[]
2 Kings 20:14	[false]
2 Kings 20:15	[false]
2 Kings 20:16	[]
2 Kings 20:17	[false,false]
2 Kings 20:18	[false,false]
2 Kings 20:19	[false]
2 Kings 20:20	[]
2 Kings 20:21	[]
2 Kings 21:1	[]
2 Kings 21:2	[]
2 Kings 21:3	[]
2 Kings 21:4	[]
2 Kings 21:5	[]
2 Kings 21:6	[]
2 Kings 21:7	[]
2 Kings 21:8	[]
2 Kings 21:9	[]
2 Kings 21:10	[]
2 Kings 21:11	[]
2 Kings 21:12	[]
2 Kings 21:13	[]
2 Kings 21:14	[]
2 Kings 21:15	[]
2 Kings 21:16	[]
2 Kings 21:17	[]
2 Kings 21:18	[]
2 Kings 21:19	[]
2 Kings 21:20	[]
2 Kings 21:21	[]
2 Kings 21:22	[]
2 Kings 21:23	[]
2 Kings 21:24	[]
2 Kings 21:25	[]
2 Kings 21:26	[]
2 Kings 22:1	[]
2 Kings 22:2	[]
2 Kings 22:3	[]
2 Kings 22:4	[]
2 Kings 22:5	[]
2 Kings 22:6	[]
2 Kings 22:7	[]
2 Kings 22:8	[]
2 Kings 22:9	[false]
2 Kings 22:10	[]
2 Kings 22:11	[]
2 Kings 22:12	[]
2 Kings 22:13	[]
2 Kings 22:14	[]
2 Kings 22:15	[true]
2 Kings 22:16	[]
2 Kings 22:17	[]
2 Kings 22:18	[true,false]
2 Kings 22:19	[false,false,false,false,false,false,false]
2 Kings 22:20	[false,false,false,false,false]
2 Kings 23:1	[]
2 Kings 23:2	[]
2 Kings 23:3	[]
2 Kings 23:4	[]
2 Kings 23:5	[]
2 Kings 23:6	[]
2 Kings 23:7	[]
2 Kings 23:8	[]
2 Kings 23:9	[]
2 Kings 23:10	[]
2 Kings 23:11	[]
2 Kings 23:12	[]
2 Kings 23:13	[]
2 Kings 23:14	[]
2 Kings 23:15	[]
2 Kings 23:16	[]
2 Kings 23:17	[false]
2 Kings 23:18	[]
2 Kings 23:19	[]
2 Kings 23:20	[]
2 Kings 23:21	[true]
2 Kings 23:22	[]
2 Kings 23:23	[]
2 Kings 23:24	[]
2 Kings 23:25	[]
2 Kings 23:26	[]
2 Kings 23:27	[]
2 Kings 23:28	[]
2 Kings 23:29	[]
2 Kings 23:30	[]
2 Kings 23:31	[]
2 Kings 23:32	[]
2 Kings 23:33	[]
2 Kings 23:34	[]
2 Kings 23:35	[]
2 Kings 23:36	[]
2 Kings 23:37	[]
2 Kings 24:1	[]
2 Kings 24:2	[]
2 Kings 24:3	[]
2 Kings 24:4	[]
2 Kings 24:5	[]
2 Kings 24:6	[]
2 Kings 24:7	[]
2 Kings 24:8	[]
2 Kings 24:9	[]
2 Kings 24:10	[]
2 Kings 24:11	[]
2 Kings 24:12	[]
2 Kings 24:13	[]
2 Kings 24:14	[]
2 Kings 24:15	[]
2 Kings 24:16	[]
2 Kings 24:17	[]
2 Kings 24:18	[]
2 Kings 24:19	[]
2 Kings 24:20	[]
2 Kings 25:1	[]
2 Kings 25:2	[]
2 Kings 25:3	[]
2 Kings 25:4	[]
2 Kings 25:5	[]
2 Kings 25:6	[]
2 Kings 25:7	[]
2 Kings 25:8	[]
2 Kings 25:9	[]
2 Kings 25:10	[]
2 Kings 25:11	[]
2 Kings 25:12	[]
2 Kings 25:13	[]
2 Kings 25:14	[]
2 Kings 25:15	[]
2 Kings 25:16	[]
2 Kings 25:17	[]
2 Kings 25:18	[]
2 Kings 25:19	[]
2 Kings 25:20	[]
2 Kings 25:21	[]
2 Kings 25:22	[]
2 Kings 25:23	[]
2 Kings 25:24	[true]
2 Kings 25:25	[]
2 Kings 25:26	[]
2 Kings 25:27	[]
2 Kings 25:28	[]
2 Kings 25:29	[]
2 Kings 25:30	[]
1 Chronicles 1:1	[]
1 Chronicles 1:2	[]
1 Chronicles 1:3	[]
1 Chronicles 1:4	[]
1 Chronicles 1:5	[]
1 Chronicles 1:6	[]
1 Chronicles 1:7	[]
1 Chronicles 1:8	[]
1 Chronicles 1:9	[]
1 Chronicles 1:10	[]
1 Chronicles 1:11	[]
1 Chronicles 1:12	[]
1 Chronicles 1:13	[]
1 Chronicles 1:14	[]
1 Chronicles 1:15	[]
1 Chronicles 1:16	[]
1 Chronicles 1:17	[]
1 Chronicles 1:18	[]
1 Chronicles 1:19	[]
1 Chronicles 1:20	[]
1 Chronicles 1:21	[]
1 Chronicles 1:22	[]
1 Chronicles 1:23	[]
1 Chronicles 1:24	[]
1 Chronicles 1:25	[]
1 Chronicles 1:26	[]
1 Chronicles 1:27	[]
1 Chronicles 1:28	[]
1 Chronicles 1:29	[]
1 Chronicles 1:30	[]
1 Chronicles 1:31	[]
1 Chronicles 1:32	[]
1 Chronicles 1:33	[]
1 Chronicles 1:34	[]
1 Chronicles 1:35	[]
1 Chronicles 1:36	[]
1 Chronicles 1:37	[]
1 Chronicles 1:38	[]
1 Chronicles 1:39	[]
1 Chronicles 1:40	[]
1 Chronicles 1:41	[]
1 Chronicles 1:42	[]
1 Chronicles 1:43	[]
1 Chronicles 1:44	[]
1 Chronicles 1:45	[]
1 Chronicles 1:46	[]
1 Chronicles 1:47	[]
1 Chronicles 1:48	[]
1 Chronicles 1:49	[]
1 Chronicles 1:50	[]
1 Chronicles 1:51	[]
1 Chronicles 1:52	[]
1 Chronicles 1:53	[]
1 Chronicles 1:54	[]
1 Chronicles 2:1	[]
1 Chronicles 2:2	[]
1 Chronicles 2:3	[]
1 Chronicles 2:4	[]
1 Chronicles 2:5	[]
1 Chronicles 2:6	[]
1 Chronicles 2:7	[]
1 Chronicles 2:8	[]
1 Chronicles 2:9	[]
1 Chronicles 2:10	[]
1 Chronicles 2:11	[]
1 Chronicles 2:12	[]
1 Chronicles 2:13	[]
1 Chronicles 2:14	[]
1 Chronicles 2:15	[]
1 Chronicles 2:16	[]
1 Chronicles 2:17	[]
1 Chronicles 2:18	[]
1 Chronicles 2:19	[]
1 Chronicles 2:20	[]
1 Chronicles 2:21	[]
1 Chronicles 2:22	[]
1 Chronicles 2:23	[]
1 Chronicles 2:24	[]
1 Chronicles 2:25	[]
1 Chronicles 2:26	[]
1 Chronicles 2:27	[]
1 Chronicles 2:28	[]
1 Chronicles 2:29	[]
1 Chronicles 2:30	[]
1 Chronicles 2:31	[]
1 Chronicles 2:32	[]
1 Chronicles 2:33	[]
1 Chronicles 2:34	[]
1 Chronicles 2:35	[]
1 Chronicles 2:36	[]
1 Chronicles 2:37	[]
1 Chronicles 2:38	[]
1 Chronicles 2:39	[]
1 Chronicles 2:40	[]
1 Chronicles 2:41	[]
1 Chronicles 2:42	[]
1 Chronicles 2:43	[]
1 Chronicles 2:44	[]
1 Chronicles 2:45	[]
1 Chronicles 2:46	[]
1 Chronicles 2:47	[]
1 Chronicles 2:48	[]
1 Chronicles 2:49	[]
1 Chronicles 2:50	[]
1 Chronicles 2:51	[]
1 Chronicles 2:52	[]
1 Chronicles 2:53	[]
1 Chronicles 2:54	[]
1 Chronicles 2:55	[]
1 Chronicles 3:1	[]
1 Chronicles 3:2	[]
1 Chronicles 3:3	[]
1 Chronicles 3:4	[]
1 Chronicles 3:5	[]
1 Chronicles 3:6	[]
1 Chronicles 3:7	[]
1 Chronicles 3:8	[]
1 Chronicles 3:9	[]
1 Chronicles 3:10	[]
1 Chronicles 3:11	[]
1 Chronicles 3:12	[]
1 Chronicles 3:13	[]
1 Chronicles 3:14	[]
1 Chronicles 3:15	[]
1 Chronicles 3:16	[]
1 Chronicles 3:17	[]
1 Chronicles 3:18	[]
1 Chronicles 3:19	[]
1 Chronicles 3:20	[]
1 Chronicles 3:21	[]
1 Chronicles 3:22	[]
1 Chronicles 3:23	[]
1 Chronicles 3:24	[]
1 Chronicles 4:1	[]
1 Chronicles 4:2	[]
1 Chronicles 4:3	[]
1 Chronicles 4:4	[]
1 Chronicles 4:5	[]
1 Chronicles 4:6	[]
1 Chronicles 4:7	[]
1 Chronicles 4:8	[]
1 Chronicles 4:9	[]
1 Chronicles 4:10	[false,false]
1 Chronicles 4:11	[]
1 Chronicles 4:12	[]
1 Chronicles 4:13	[]
1 Chronicles 4:14	[]
1 Chronicles 4:15	[]
1 Chronicles 4:16	[]
1 Chronicles 4:17	[]
1 Chronicles 4:18	[]
1 Chronicles 4:19	[]
1 Chronicles 4:20	[]
1 Chronicles 4:21	[]
1 Chronicles 4:22	[]
1 Chronicles 4:23	[]
1 Chronicles 4:24	[]
1 Chronicles 4:25	[]
1 Chronicles 4:26	[]
1 Chronicles 4:27	[]
1 Chronicles 4:28	[]
1 Chronicles 4:29	[]
1 Chronicles 4:30	[]
1 Chronicles 4:31	[]
1 Chronicles 4:32	[]
1 Chronicles 4:33	[]
1 Chronicles 4:34	[]
1 Chronicles 4:35	[]
1 Chronicles 4:36	[]
1 Chronicles 4:37	[]
1 Chronicles 4:38	[]
1 Chronicles 4:39	[]
1 Chronicles 4:40	[]
1 Chronicles 4:41	[]
1 Chronicles 4:42	[]
1 Chronicles 4:43	[]
1 Chronicles 5:1	[]
1 Chronicles 5:2	[]
1 Chronicles 5:3	[]
1 Chronicles 5:4	[]
1 Chronicles 5:5	[]
1 Chronicles 5:6	[]
1 Chronicles 5:7	[]
1 Chronicles 5:8	[]
1 Chronicles 5:9	[]
1 Chronicles 5:10	[]
1 Chronicles 5:11	[]
1 Chronicles 5:12	[]
1 Chronicles 5:13	[]
1 Chronicles 5:14	[]
1 Chronicles 5:15	[]
1 Chronicles 5:16	[]
1 Chronicles 5:17	[]
1 Chronicles 5:18	[]
1 Chronicles 5:19	[]
1 Chronicles 5:20	[]
1 Chronicles 5:21	[]
1 Chronicles 5:22	[]
1 Chronicles 5:23	[]
1 Chronicles 5:24	[]
1 Chronicles 5:25	[]
1 Chronicles 5:26	[]
1 Chronicles 6:1	[]
1 Chronicles 6:2	[]
1 Chronicles 6:3	[]
1 Chronicles 6:4	[]
1 Chronicles 6:5	[]
1 Chronicles 6:6	[]
1 Chronicles 6:7	[]
1 Chronicles 6:8	[]
1 Chronicles 6:9	[]
1 Chronicles 6:10	[]
1 Chronicles 6:11	[]
1 Chronicles 6:12	[]
1 Chronicles 6:13	[]
1 Chronicles 6:14	[]
1 Chronicles 6:15	[]
1 Chronicles 6:16	[]
1 Chronicles 6:17	[]
1 Chronicles 6:18	[]
1 Chronicles 6:19	[]
1 Chronicles 6:20	[]
1 Chronicles 6:21	[]
1 Chronicles 6:22	[]
1 Chronicles 6:23	[]
1 Chronicles 6:24	[]
1 Chronicles 6:25	[]
1 Chronicles 6:26	[]
1 Chronicles 6:27	[]
1 Chronicles 6:28	[]
1 Chronicles 6:29	[]
1 Chronicles 6:30	[]
1 Chronicles 6:31	[]
1 Chronicles 6:32	[]
1 Chronicles 6:33	[]
1 Chronicles 6:34	[]
1 Chronicles 6:35	[]
1 Chronicles 6:36	[]
1 Chronicles 6:37	[]
1 Chronicles 6:38	[]
1 Chronicles 6:39	[]
1 Chronicles 6:40	[]
1 Chronicles 6:41	[]
1 Chronicles 6:42	[]
1 Chronicles 6:43	[]
1 Chronicles 6:44	[]
1 Chronicles 6:45	[]
1 Chronicles 6:46	[]
1 Chronicles 6:47	[]
1 Chronicles 6:48	[]
1 Chronicles 6:49	[]
1 Chronicles 6:50	[]
1 Chronicles 6:51	[]
1 Chronicles 6:52	[]
1 Chronicles 6:53	[]
1 Chronicles 6:54	[]
1 Chronicles 6:55	[]
1 Chronicles 6:56	[]
1 Chronicles 6:57	[]
1 Chronicles 6:58	[]
1 Chronicles 6:59	[]
1 Chronicles 6:60	[]
1 Chronicles 6:61	[]
1 Chronicles 6:62	[]
1 Chronicles 6:63	[]
1 Chronicles 6:64	[]
1 Chronicles 6:65	[]
1 Chronicles 6:66	[]
1 Chronicles 6:67	[]
1 Chronicles 6:68	[]
1 Chronicles 6:69	[]
1 Chronicles 6:70	[]
1 Chronicles 6:71	[]
1 Chronicles 6:72	[]
1 Chronicles 6:73	[]
1 Chronicles 6:74	[]
1 Chronicles 6:75	[]
1 Chronicles 6:76	[]
1 Chronicles 6:77	[]
1 Chronicles 6:78	[]
1 Chronicles 6:79	[]
1 Chronicles 6:80	[]
1 Chronicles 6:81	[]
1 Chronicles 7:1	[]
1 Chronicles 7:2	[]
1 Chronicles 7:3	[]
1 Chronicles 7:4	[]
1 Chronicles 7:5	[]
1 Chronicles 7:6	[]
1 Chronicles 7:7	[]
1 Chronicles 7:8	[]
1 Chronicles 7:9	[]
1 Chronicles 7:10	[]
1 Chronicles 7:11	[]
1 Chronicles 7:12	[]
1 Chronicles 7:13	[]
1 Chronicles 7:14	[]
1 Chronicles 7:15	[]
1 Chronicles 7:16	[]
1 Chronicles 7:17	[]
1 Chronicles 7:18	[]
1 Chronicles 7:19	[]
1 Chronicles 7:20	[]
1 Chronicles 7:21	[]
1 Chronicles 7:22	[]
1 Chronicles 7:23	[]
1 Chronicles 7:24	[]
1 Chronicles 7:25	[]
1 Chronicles 7:26	[]
1 Chronicles 7:27	[]
1 Chronicles 7:28	[]
1 Chronicles 7:29	[]
1 Chronicles 7:30	[]
1 Chronicles 7:31	[]
1 Chronicles 7:32	[]
1 Chronicles 7:33	[]
1 Chronicles 7:34	[]
1 Chronicles 7:35	[]
1 Chronicles 7:36	[]
1 Chronicles 7:37	[]
1 Chronicles 7:38	[]
1 Chronicles 7:39	[]
1 Chronicles 7:40	[]
1 Chronicles 8:1	[]
1 Chronicles 8:2	[]
1 Chronicles 8:3	[]
1 Chronicles 8:4	[]
1 Chronicles 8:5	[]
1 Chronicles 8:6	[]
1 Chronicles 8:7	[]
1 Chronicles 8:8	[]
1 Chronicles 8:9	[]
1 Chronicles 8:10	[]
1 Chronicles 8:11	[]
1 Chronicles 8:12	[]
1 Chronicles 8:13	[]
1 Chronicles 8:14	[]
1 Chronicles 8:15	[]
1 Chronicles 8:16	[]
1 Chronicles 8:17	[]
1 Chronicles 8:18	[]
1 Chronicles 8:19	[]
1 Chronicles 8:20	[]
1 Chronicles 8:21	[]
1 Chronicles 8:22	[]
1 Chronicles 8:23	[]
1 Chronicles 8:24	[]
1 Chronicles 8:25	[]
1 Chronicles 8:26	[]
1 Chronicles 8:27	[]
1 Chronicles 8:28	[]
1 Chronicles 8:29	[]
1 Chronicles 8:30	[]
1 Chronicles 8:31	[]
1 Chronicles 8:32	[]
1 Chronicles 8:33	[]
1 Chronicles 8:34	[]
1 Chronicles 8:35	[]
1 Chronicles 8:36	[]
1 Chronicles 8:37	[]
1 Chronicles 8:38	[]
1 Chronicles 8:39	[]
1 Chronicles 8:40	[]
1 Chronicles 9:1	[]
1 Chronicles 9:2	[]
1 Chronicles 9:3	[]
1 Chronicles 9:4	[]
1 Chronicles 9:5	[]
1 Chronicles 9:6	[]
1 Chronicles 9:7	[]
1 Chronicles 9:8	[]
1 Chronicles 9:9	[]
1 Chronicles 9:10	[]
1 Chronicles 9:11	[]
1 Chronicles 9:12	[]
1 Chronicles 9:13	[]
1 Chronicles 9:14	[]
1 Chronicles 9:15	[]
1 Chronicles 9:16	[]
1 Chronicles 9:17	[]
1 Chronicles 9:18	[]
1 Chronicles 9:19	[]
1 Chronicles 9:20	[]
1 Chronicles 9:21	[]
1 Chronicles 9:22	[]
1 Chronicles 9:23	[]
1 Chronicles 9:24	[]
1 Chronicles 9:25	[]
1 Chronicles 9:26	[]
1 Chronicles 9:27	[]
1 Chronicles 9:28	[]
1 Chronicles 9:29	[]
1 Chronicles 9:30	[]
1 Chronicles 9:31	[]
1 Chronicles 9:32	[]
1 Chronicles 9:33	[]
1 Chronicles 9:34	[]
1 Chronicles 9:35	[]
1 Chronicles 9:36	[]
1 Chronicles 9:37	[]
1 Chronicles 9:38	[]
1 Chronicles 9:39	[]
1 Chronicles 9:40	[]
1 Chronicles 9:41	[]
1 Chronicles 9:42	[]
1 Chronicles 9:43	[]
1 Chronicles 9:44	[]
1 Chronicles 10:1	[]
1 Chronicles 10:2	[]
1 Chronicles 10:3	[]
1 Chronicles 10:4	[false]
1 Chronicles 10:5	[]
1 Chronicles 10:6	[]
1 Chronicles 10:7	[]
1 Chronicles 10:8	[]
1 Chronicles 10:9	[]
1 Chronicles 10:10	[]
1 Chronicles 10:11	[]
1 Chronicles 10:12	[]
1 Chronicles 10:13	[]
1 Chronicles 10:14	[]
1 Chronicles 11:1	[false]
1 Chronicles 11:2	[false,false,false,false]
1 Chronicles 11:3	[]
1 Chronicles 11:4	[]
1 Chronicles 11:5	[false]
1 Chronicles 11:6	[]
1 Chronicles 11:7	[]
1 Chronicles 11:8	[]
1 Chronicles 11:9	[]
1 Chronicles 11:10	[]
1 Chronicles 11:11	[]
1 Chronicles 11:12	[]
1 Chronicles 11:13	[]
1 Chronicles 11:14	[]
1 Chronicles 11:15	[]
1 Chronicles 11:16	[]
1 Chronicles 11:17	[]
1 Chronicles 11:18	[]
1 Chronicles 11:19	[]
1 Chronicles 11:20	[]
1 Chronicles 11:21	[]
1 Chronicles 11:22	[]
1 Chronicles 11:23	[]
1 Chronicles 11:24	[]
1 Chronicles 11:25	[]
1 Chronicles 11:26	[]
1 Chronicles 11:27	[]
1 Chronicles 11:28	[]
1 Chronicles 11:29	[]
1 Chronicles 11:30	[]
1 Chronicles 11:31	[]
1 Chronicles 11:32	[]
1 Chronicles 11:33	[]
1 Chronicles 11:34	[]
1 Chronicles 11:35	[]
1 Chronicles 11:36	[]
1 Chronicles 11:37	[]
1 Chronicles 11:38	[]
1 Chronicles 11:39	[]
1 Chronicles 11:40	[]
1 Chronicles 11:41	[]
1 Chronicles 11:42	[]
1 Chronicles 11:43	[]
1 Chronicles 11:44	[]
1 Chronicles 11:45	[]
1 Chronicles 11:46	[]
1 Chronicles 11:47	[]
1 Chronicles 12:1	[]
1 Chronicles 12:2	[]
1 Chronicles 12:3	[]
1 Chronicles 12:4	[]
1 Chronicles 12:5	[]
1 Chronicles 12:6	[]
1 Chronicles 12:7	[]
1 Chronicles 12:8	[]
1 Chronicles 12:9	[]
1 Chronicles 12:10	[]
1 Chronicles 12:11	[]
1 Chronicles 12:12	[]
1 Chronicles 12:13	[]
1 Chronicles 12:14	[]
1 Chronicles 12:15	[]
1 Chronicles 12:16	[]
1 Chronicles 12:17	[true,true,true,true]
1 Chronicles 12:18	[false,false,false,false,false,false]
1 Chronicles 12:19	[]
1 Chronicles 12:20	[]
1 Chronicles 12:21	[]
1 Chronicles 12:22	[]
1 Chronicles 12:23	[]
1 Chronicles 12:24	[]
1 Chronicles 12:25	[]
1 Chronicles 12:26	[]
1 Chronicles 12:27	[]
1 Chronicles 12:28	[]
1 Chronicles 12:29	[]
1 Chronicles 12:30	[]
1 Chronicles 12:31	[]
1 Chronicles 12:32	[]
1 Chronicles 12:33	[]
1 Chronicles 12:34	[]
1 Chronicles 12:35	[]
1 Chronicles 12:36	[]
1 Chronicles 12:37	[]
1 Chronicles 12:38	[]
1 Chronicles 12:39	[]
1 Chronicles 12:40	[]
1 Chronicles 13:1	[]
1 Chronicles 13:2	[true]
1 Chronicles 13:3	[]
1 Chronicles 13:4	[]
1 Chronicles 13:5	[]
1 Chronicles 13:6	[]
1 Chronicles 13:7	[]
1 Chronicles 13:8	[]
1 Chronicles 13:9	[]
1 Chronicles 13:10	[]
1 Chronicles 13:11	[]
1 Chronicles 13:12	[]
1 Chronicles 13:13	[]
1 Chronicles 13:14	[]
1 Chronicles 14:1	[]
1 Chronicles 14:2	[]
1 Chronicles 14:3	[]
1 Chronicles 14:4	[]
1 Chronicles 14:5	[]
1 Chronicles 14:6	[]
1 Chronicles 14:7	[]
1 Chronicles 14:8	[]
1 Chronicles 14:9	[]
1 Chronicles 14:10	[false,false]
1 Chronicles 14:11	[]
1 Chronicles 14:12	[]
1 Chronicles 14:13	[]
1 Chronicles 14:14	[]
1 Chronicles 14:15	[false,false]
1 Chronicles 14:16	[]
1 Chronicles 14:17	[]
1 Chronicles 15:1	[]
1 Chronicles 15:2	[]
1 Chronicles 15:3	[]
1 Chronicles 15:4	[]
1 Chronicles 15:5	[]
1 Chronicles 15:6	[]
1 Chronicles 15:7	[]
1 Chronicles 15:8	[]
1 Chronicles 15:9	[]
1 Chronicles 15:10	[]
1 Chronicles 15:11	[]
1 Chronicles 15:12	[true,true,true,true,true]
1 Chronicles 15:13	[true]
1 Chronicles 15:14	[]
1 Chronicles 15:15	[]
1 Chronicles 15:16	[]
1 Chronicles 15:17	[]
1 Chronicles 15:18	[]
1 Chronicles 15:19	[]
1 Chronicles 15:20	[]
1 Chronicles 15:21	[]
1 Chronicles 15:22	[]
1 Chronicles 15:23	[]
1 Chronicles 15:24	[]
1 Chronicles 15:25	[]
1 Chronicles 15:26	[]
1 Chronicles 15:27	[]
1 Chronicles 15:28	[]
1 Chronicles 15:29	[]
1 Chronicles 16:1	[]
1 Chronicles 16:2	[]
1 Chronicles 16:3	[]
1 Chronicles 16:4	[]
1 Chronicles 16:5	[]
1 Chronicles 16:6	[]
1 Chronicles 16:7	[]
1 Chronicles 16:8	[]
1 Chronicles 16:9	[]
1 Chronicles 16:10	[]
1 Chronicles 16:11	[]
1 Chronicles 16:12	[]
1 Chronicles 16:13	[]
1 Chronicles 16:14	[]
1 Chronicles 16:15	[]
1 Chronicles 16:16	[]
1 Chronicles 16:17	[]
1 Chronicles 16:18	[false,true]
1 Chronicles 16:19	[]
1 Chronicles 16:20	[]
1 Chronicles 16:21	[]
1 Chronicles 16:22	[]
1 Chronicles 16:23	[]
1 Chronicles 16:24	[]
1 Chronicles 16:25	[]
1 Chronicles 16:26	[]
1 Chronicles 16:27	[]
1 Chronicles 16:28	[]
1 Chronicles 16:29	[]
1 Chronicles 16:30	[]
1 Chronicles 16:31	[]
1 Chronicles 16:32	[]
1 Chronicles 16:33	[]
1 Chronicles 16:34	[]
1 Chronicles 16:35	[false,false]
1 Chronicles 16:36	[]
1 Chronicles 16:37	[]
1 Chronicles 16:38	[]
1 Chronicles 16:39	[]
1 Chronicles 16:40	[]
1 Chronicles 16:41	[]
1 Chronicles 16:42	[]
1 Chronicles 16:43	[]
1 Chronicles 17:1	[]
1 Chronicles 17:2	[false,false]
1 Chronicles 17:3	[]
1 Chronicles 17:4	[false]
1 Chronicles 17:5	[]
1 Chronicles 17:6	[true]
1 Chronicles 17:7	[false,false]
1 Chronicles 17:8	[false,false,false,false,false]
1 Chronicles 17:9	[]
1 Chronicles 17:10	[false,false,false]
1 Chronicles 17:11	[false,false,false,false,false,false]
1 Chronicles 17:12	[]
1 Chronicles 17:13	[false]
1 Chronicles 17:14	[]
1 Chronicles 17:15	[]
1 Chronicles 17:16	[false]
1 Chronicles 17:17	[false,false,false]
1 Chronicles 17:18	[false,false,false,false]
1 Chronicles 17:19	[false,false,false]
1 Chronicles 17:20	[false,false]
1 Chronicles 17:21	[false,false,false,false,false]
1 Chronicles 17:22	[false,false,false,false]
1 Chronicles 17:23	[false,false,false]
1 Chronicles 17:24	[false,false,false]
1 Chronicles 17:25	[false,false,false,false,false]
1 Chronicles 17:26	[false,false,false]
1 Chronicles 17:27	[false,false,false,false]
1 Chronicles 18:1	[]
1 Chronicles 18:2	[]
1 Chronicles 18:3	[]
1 Chronicles 18:4	[]
1 Chronicles 18:5	[]
1 Chronicles 18:6	[]
1 Chronicles 18:7	[]
1 Chronicles 18:8	[]
1 Chronicles 18:9	[]
1 Chronicles 18:10	[]
1 Chronicles 18:11	[]
1 Chronicles 18:12	[]
1 Chronicles 18:13	[]
1 Chronicles 18:14	[]
1 Chronicles 18:15	[]
1 Chronicles 18:16	[]
1 Chronicles 18:17	[]
1 Chronicles 19:1	[]
1 Chronicles 19:2	[]
1 Chronicles 19:3	[false,false,false,false]
1 Chronicles 19:4	[]
1 Chronicles 19:5	[true]
1 Chronicles 19:6	[]
1 Chronicles 19:7	[]
1 Chronicles 19:8	[]
1 Chronicles 19:9	[]
1 Chronicles 19:10	[]
1 Chronicles 19:11	[]
1 Chronicles 19:12	[false,false,false]
1 Chronicles 19:13	[]
1 Chronicles 19:14	[]
1 Chronicles 19:15	[]
1 Chronicles 19:16	[]
1 Chronicles 19:17	[]
1 Chronicles 19:18	[]
1 Chronicles 19:19	[]
1 Chronicles 20:1	[]
1 Chronicles 20:2	[]
1 Chronicles 20:3	[]
1 Chronicles 20:4	[]
1 Chronicles 20:5	[]
1 Chronicles 20:6	[]
1 Chronicles 20:7	[]
1 Chronicles 20:8	[]
1 Chronicles 21:1	[]
1 Chronicles 21:2	[]
1 Chronicles 21:3	[]
1 Chronicles 21:4	[]
1 Chronicles 21:5	[]
1 Chronicles 21:6	[]
1 Chronicles 21:7	[]
1 Chronicles 21:8	[false,false]
1 Chronicles 21:9	[]
1 Chronicles 21:10	[false,false]
1 Chronicles 21:11	[false]
1 Chronicles 21:12	[false]
1 Chronicles 21:13	[]
1 Chronicles 21:14	[]
1 Chronicles 21:15	[false]
1 Chronicles 21:16	[]
1 Chronicles 21:17	[false,false]
1 Chronicles 21:18	[]
1 Chronicles 21:19	[]
1 Chronicles 21:20	[]
1 Chronicles 21:21	[]
1 Chronicles 21:22	[]
1 Chronicles 21:23	[]
1 Chronicles 21:24	[false]
1 Chronicles 21:25	[]
1 Chronicles 21:26	[]
1 Chronicles 21:27	[]
1 Chronicles 21:28	[]
1 Chronicles 21:29	[]
1 Chronicles 21:30	[]
1 Chronicles 22:1	[]
1 Chronicles 22:2	[]
1 Chronicles 22:3	[]
1 Chronicles 22:4	[]
1 Chronicles 22:5	[]
1 Chronicles 22:6	[]
1 Chronicles 22:7	[]
1 Chronicles 22:8	[false,false,false]
1 Chronicles 22:9	[false]
1 Chronicles 22:10	[]
1 Chronicles 22:11	[false,false,false,false]
1 Chronicles 22:12	[false,false,false,false]
1 Chronicles 22:13	[false,false]
1 Chronicles 22:14	[false]
1 Chronicles 22:15	[false]
1 Chronicles 22:16	[false]
1 Chronicles 22:17	[]
1 Chronicles 22:18	[true,true,true]
1 Chronicles 22:19	[true,true,true]
1 Chronicles 23:1	[]
1 Chronicles 23:2	[]
1 Chronicles 23:3	[]
1 Chronicles 23:4	[]
1 Chronicles 23:5	[]
1 Chronicles 23:6	[]
1 Chronicles 23:7	[]
1 Chronicles 23:8	[]
1 Chronicles 23:9	[]
1 Chronicles 23:10	[]
1 Chronicles 23:11	[]
1 Chronicles 23:12	[]
1 Chronicles 23:13	[]
1 Chronicles 23:14	[]
1 Chronicles 23:15	[]
1 Chronicles 23:16	[]
1 Chronicles 23:17	[]
1 Chronicles 23:18	[]
1 Chronicles 23:19	[]
1 Chronicles 23:20	[]
1 Chronicles 23:21	[]
1 Chronicles 23:22	[]
1 Chronicles 23:23	[]
1 Chronicles 23:24	[]
1 Chronicles 23:25	[]
1 Chronicles 23:26	[]
1 Chronicles 23:27	[]
1 Chronicles 23:28	[]
1 Chronicles 23:29	[]
1 Chronicles 23:30	[]
1 Chronicles 23:31	[]
1 Chronicles 23:32	[]
1 Chronicles 24:1	[]
1 Chronicles 24:2	[]
1 Chronicles 24:3	[]
1 Chronicles 24:4	[]
1 Chronicles 24:5	[]
1 Chronicles 24:6	[]
1 Chronicles 24:7	[]
1 Chronicles 24:8	[]
1 Chronicles 24:9	[]
1 Chronicles 24:10	[]
1 Chronicles 24:11	[]
1 Chronicles 24:12	[]
1 Chronicles 24:13	[]
1 Chronicles 24:14	[]
1 Chronicles 24:15	[]
1 Chronicles 24:16	[]
1 Chronicles 24:17	[]
1 Chronicles 24:18	[]
1 Chronicles 24:19	[]
1 Chronicles 24:20	[]
1 Chronicles 24:21	[]
1 Chronicles 24:22	[]
1 Chronicles 24:23	[]
1 Chronicles 24:24	[]
1 Chronicles 24:25	[]
1 Chronicles 24:26	[]
1 Chronicles 24:27	[]
1 Chronicles 24:28	[]
1 Chronicles 24:29	[]
1 Chronicles 24:30	[]
1 Chronicles 24:31	[]
1 Chronicles 25:1	[]
1 Chronicles 25:2	[]
1 Chronicles 25:3	[]
1 Chronicles 25:4	[]
1 Chronicles 25:5	[]
1 Chronicles 25:6	[]
1 Chronicles 25:7	[]
1 Chronicles 25:8	[]
1 Chronicles 25:9	[]
1 Chronicles 25:10	[]
1 Chronicles 25:11	[]
1 Chronicles 25:12	[]
1 Chronicles 25:13	[]
1 Chronicles 25:14	[]
1 Chronicles 25:15	[]
1 Chronicles 25:16	[]
1 Chronicles 25:17	[]
1 Chronicles 25:18	[]
1 Chronicles 25:19	[]
1 Chronicles 25:20	[]
1 Chronicles 25:21	[]
1 Chronicles 25:22	[]
1 Chronicles 25:23	[]
1 Chronicles 25:24	[]
1 Chronicles 25:25	[]
1 Chronicles 25:26	[]
1 Chronicles 25:27	[]
1 Chronicles 25:28	[]
1 Chronicles 25:29	[]
1 Chronicles 25:30	[]
1 Chronicles 25:31	[]
1 Chronicles 26:1	[]
1 Chronicles 26:2	[]
1 Chronicles 26:3	[]
1 Chronicles 26:4	[]
1 Chronicles 26:5	[]
1 Chronicles 26:6	[]
1 Chronicles 26:7	[]
1 Chronicles 26:8	[]
1 Chronicles 26:9	[]
1 Chronicles 26:10	[]
1 Chronicles 26:11	[]
1 Chronicles 26:12	[]
1 Chronicles 26:13	[]
1 Chronicles 26:14	[]
1 Chronicles 26:15	[]
1 Chronicles 26:16	[]
1 Chronicles 26:17	[]
1 Chronicles 26:18	[]
1 Chronicles 26:19	[]
1 Chronicles 26:20	[]
1 Chronicles 26:21	[]
1 Chronicles 26:22	[]
1 Chronicles 26:23	[]
1 Chronicles 26:24	[]
1 Chronicles 26:25	[]
1 Chronicles 26:26	[]
1 Chronicles 26:27	[]
1 Chronicles 26:28	[]
1 Chronicles 26:29	[]
1 Chronicles 26:30	[]
1 Chronicles 26:31	[]
1 Chronicles 26:32	[]
1 Chronicles 27:1	[]
1 Chronicles 27:2	[]
1 Chronicles 27:3	[]
1 Chronicles 27:4	[]
1 Chronicles 27:5	[]
1 Chronicles 27:6	[]
1 Chronicles 27:7	[]
1 Chronicles 27:8	[]
1 Chronicles 27:9	[]
1 Chronicles 27:10	[]
1 Chronicles 27:11	[]
1 Chronicles 27:12	[]
1 Chronicles 27:13	[]
1 Chronicles 27:14	[]
1 Chronicles 27:15	[]
1 Chronicles 27:16	[]
1 Chronicles 27:17	[]
1 Chronicles 27:18	[]
1 Chronicles 27:19	[]
1 Chronicles 27:20	[]
1 Chronicles 27:21	[]
1 Chronicles 27:22	[]
1 Chronicles 27:23	[]
1 Chronicles 27:24	[]
1 Chronicles 27:25	[]
1 Chronicles 27:26	[]
1 Chronicles 27:27	[]
1 Chronicles 27:28	[]
1 Chronicles 27:29	[]
1 Chronicles 27:30	[]
1 Chronicles 27:31	[]
1 Chronicles 27:32	[]
1 Chronicles 27:33	[]
1 Chronicles 27:34	[]
1 Chronicles 28:1	[]
1 Chronicles 28:2	[]
1 Chronicles 28:3	[false,false]
1 Chronicles 28:4	[]
1 Chronicles 28:5	[]
1 Chronicles 28:6	[false]
1 Chronicles 28:7	[]
1 Chronicles 28:8	[true,true,true]
1 Chronicles 28:9	[false,false,false,false,false,false]
1 Chronicles 28:10	[false]
1 Chronicles 28:11	[]
1 Chronicles 28:12	[]
1 Chronicles 28:13	[]
1 Chronicles 28:14	[]
1 Chronicles 28:15	[]
1 Chronicles 28:16	[]
1 Chronicles 28:17	[]
1 Chronicles 28:18	[]
1 Chronicles 28:19	[]
1 Chronicles 28:20	[false,false,false]
1 Chronicles 28:21	[false,false]
1 Chronicles 29:1	[]
1 Chronicles 29:2	[]
1 Chronicles 29:3	[]
1 Chronicles 29:4	[]
1 Chronicles 29:5	[]
1 Chronicles 29:6	[]
1 Chronicles 29:7	[]
1 Chronicles 29:8	[]
1 Chronicles 29:9	[]
1 Chronicles 29:10	[false]
1 Chronicles 29:11	[false,false,false,false]
1 Chronicles 29:12	[false,false,false]
1 Chronicles 29:13	[false,false]
1 Chronicles 29:14	[false,false,false]
1 Chronicles 29:15	[false]
1 Chronicles 29:16	[false,false,false,false]
1 Chronicles 29:17	[false,false,false]
1 Chronicles 29:18	[false,false]
1 Chronicles 29:19	[false,false]
1 Chronicles 29:20	[true]
1 Chronicles 29:21	[]
1 Chronicles 29:22	[]
1 Chronicles 29:23	[]
1 Chronicles 29:24	[]
1 Chronicles 29:25	[]
1 Chronicles 29:26	[]
1 Chronicles 29:27	[]
1 Chronicles 29:28	[]
1 Chronicles 29:29	[]
1 Chronicles 29:30	[]
2 Chronicles 1:1	[]
2 Chronicles 1:2	[]
2 Chronicles 1:3	[]
2 Chronicles 1:4	[]
2 Chronicles 1:5	[]
2 Chronicles 1:6	[]
2 Chronicles 1:7	[false]
2 Chronicles 1:8	[false,false]
2 Chronicles 1:9	[false,false]
2 Chronicles 1:10	[false]
2 Chronicles 1:11	[false,false,false,false,false]
2 Chronicles 1:12	[false,false,false,false]
2 Chronicles 1:13	[]
2 Chronicles 1:14	[]
2 Chronicles 1:15	[]
2 Chronicles 1:16	[]
2 Chronicles 1:17	[]
2 Chronicles 2:1	[]
2 Chronicles 2:2	[]
2 Chronicles 2:3	[false,false]
2 Chronicles 2:4	[]
2 Chronicles 2:5	[]
2 Chronicles 2:6	[]
2 Chronicles 2:7	[]
2 Chronicles 2:8	[false,false]
2 Chronicles 2:9	[]
2 Chronicles 2:10	[false]
2 Chronicles 2:11	[false]
2 Chronicles 2:12	[]
2 Chronicles 2:13	[false]
2 Chronicles 2:14	[false,false]
2 Chronicles 2:15	[]
2 Chronicles 2:16	[false,false,false]
2 Chronicles 2:17	[]
2 Chronicles 2:18	[]
2 Chronicles 3:1	[]
2 Chronicles 3:2	[]
2 Chronicles 3:3	[]
2 Chronicles 3:4	[]
2 Chronicles 3:5	[]
2 Chronicles 3:6	[]
2 Chronicles 3:7	[]
2 Chronicles 3:8	[]
2 Chronicles 3:9	[]
2 Chronicles 3:10	[]
2 Chronicles 3:11	[]
2 Chronicles 3:12	[]
2 Chronicles 3:13	[]
2 Chronicles 3:14	[]
2 Chronicles 3:15	[]
2 Chronicles 3:16	[]
2 Chronicles 3:17	[]
2 Chronicles 4:1	[]
2 Chronicles 4:2	[]
2 Chronicles 4:3	[]
2 Chronicles 4:4	[]
2 Chronicles 4:5	[]
2 Chronicles 4:6	[]
2 Chronicles 4:7	[]
2 Chronicles 4:8	[]
2 Chronicles 4:9	[]
2 Chronicles 4:10	[]
2 Chronicles 4:11	[]
2 Chronicles 4:12	[]
2 Chronicles 4:13	[]
2 Chronicles 4:14	[]
2 Chronicles 4:15	[]
2 Chronicles 4:16	[]
2 Chronicles 4:17	[]
2 Chronicles 4:18	[]
2 Chronicles 4:19	[]
2 Chronicles 4:20	[]
2 Chronicles 4:21	[]
2 Chronicles 4:22	[]
2 Chronicles 5:1	[]
2 Chronicles 5:2	[]
2 Chronicles 5:3	[]
2 Chronicles 5:4	[]
2 Chronicles 5:5	[]
2 Chronicles 5:6	[]
2 Chronicles 5:7	[]
2 Chronicles 5:8	[]
2 Chronicles 5:9	[]
2 Chronicles 5:10	[]
2 Chronicles 5:11	[]
2 Chronicles 5:12	[]
2 Chronicles 5:13	[]
2 Chronicles 5:14	[]
2 Chronicles 6:1	[]
2 Chronicles 6:2	[false,false]
2 Chronicles 6:3	[]
2 Chronicles 6:4	[]
2 Chronicles 6:5	[]
2 Chronicles 6:6	[]
2 Chronicles 6:7	[]
2 Chronicles 6:8	[false,false,false]
2 Chronicles 6:9	[false,false,false]
2 Chronicles 6:10	[]
2 Chronicles 6:11	[]
2 Chronicles 6:12	[]
2 Chronicles 6:13	[]
2 Chronicles 6:14	[false,false,false,false]
2 Chronicles 6:15	[false,false,false,false,false,false,false]
2 Chronicles 6:16	[false,false,false,false,false,false]
2 Chronicles 6:17	[false,false]
2 Chronicles 6:18	[false]
2 Chronicles 6:19	[false,false,false,false]
2 Chronicles 6:20	[false,false,false,false,false,false]
2 Chronicles 6:21	[false,false,false,false,false]
2 Chronicles 6:22	[false]
2 Chronicles 6:23	[false,false,false]
2 Chronicles 6:24	[false,false,false,false,false]
2 Chronicles 6:25	[false,false,false,false]
2 Chronicles 6:26	[false,false,false,false]
2 Chronicles 6:27	[false,false,false,false,false,false,false]
2 Chronicles 6:28	[]
2 Chronicles 6:29	[false]
2 Chronicles 6:30	[false,false,false,false,false]
2 Chronicles 6:31	[false,false,false]
2 Chronicles 6:32	[false,false,false]
2 Chronicles 6:33	[false,false,false,false,false,false,false]
2 Chronicles 6:34	[false,false,false,false,false]
2 Chronicles 6:35	[false,false]
2 Chronicles 6:36	[false,false]
2 Chronicles 6:37	[false]
2 Chronicles 6:38	[false,false,false,false]
2 Chronicles 6:39	[false,false,false,false,false,false]
2 Chronicles 6:40	[false,false]
2 Chronicles 6:41	[false,false,false,false,false]
2 Chronicles 6:42	[false,false,false]
2 Chronicles 7:1	[]
2 Chronicles 7:2	[]
2 Chronicles 7:3	[]
2 Chronicles 7:4	[]
2 Chronicles 7:5	[]
2 Chronicles 7:6	[]
2 Chronicles 7:7	[]
2 Chronicles 7:8	[]
2 Chronicles 7:9	[]
2 Chronicles 7:10	[]
2 Chronicles 7:11	[]
2 Chronicles 7:12	[false]
2 Chronicles 7:13	[]
2 Chronicles 7:14	[]
2 Chronicles 7:15	[]
2 Chronicles 7:16	[]
2 Chronicles 7:17	[false,false,false,false,false]
2 Chronicles 7:18	[false,false,false]
2 Chronicles 7:19	[true,true,true]
2 Chronicles 7:20	[]
2 Chronicles 7:21	[]
2 Chronicles 7:22	[]
2 Chronicles 8:1	[]
2 Chronicles 8:2	[]
2 Chronicles 8:3	[]
2 Chronicles 8:4	[]
2 Chronicles 8:5	[]
2 Chronicles 8:6	[]
2 Chronicles 8:7	[]
2 Chronicles 8:8	[]
2 Chronicles 8:9	[]
2 Chronicles 8:10	[]
2 Chronicles 8:11	[]
2 Chronicles 8:12	[]
2 Chronicles 8:13	[]
2 Chronicles 8:14	[]
2 Chronicles 8:15	[]
2 Chronicles 8:16	[]
2 Chronicles 8:17	[]
2 Chronicles 8:18	[]
2 Chronicles 9:1	[]
2 Chronicles 9:2	[]
2 Chronicles 9:3	[]
2 Chronicles 9:4	[]
2 Chronicles 9:5	[false]
2 Chronicles 9:6	[false,false]
2 Chronicles 9:7	[false,false,false,false]
2 Chronicles 9:8	[false,false,false,false,false,false]
2 Chronicles 9:9	[]
2 Chronicles 9:10	[]
2 Chronicles 9:11	[]
2 Chronicles 9:12	[]
2 Chronicles 9:13	[]
2 Chronicles 9:14	[]
2 Chronicles 9:15	[]
2 Chronicles 9:16	[]
2 Chronicles 9:17	[]
2 Chronicles 9:18	[]
2 Chronicles 9:19	[]
2 Chronicles 9:20	[]
2 Chronicles 9:21	[]
2 Chronicles 9:22	[]
2 Chronicles 9:23	[]
2 Chronicles 9:24	[]
2 Chronicles 9:25	[]
2 Chronicles 9:26	[]
2 Chronicles 9:27	[]
2 Chronicles 9:28	[]
2 Chronicles 9:29	[]
2 Chronicles 9:30	[]
2 Chronicles 9:31	[]
2 Chronicles 10:1	[]
2 Chronicles 10:2	[]
2 Chronicles 10:3	[]
2 Chronicles 10:4	[false,false,false,false]
2 Chronicles 10:5	[]
2 Chronicles 10:6	[true]
2 Chronicles 10:7	[false,false]
2 Chronicles 10:8	[]
2 Chronicles 10:9	[true,false]
2 Chronicles 10:10	[false,false,false,false,false]
2 Chronicles 10:11	[true,true,true,true]
2 Chronicles 10:12	[]
2 Chronicles 10:13	[]
2 Chronicles 10:14	[true,true,true,true]
2 Chronicles 10:15	[]
2 Chronicles 10:16	[false,false]
2 Chronicles 10:17	[]
2 Chronicles 10:18	[]
2 Chronicles 10:19	[]
2 Chronicles 11:1	[]
2 Chronicles 11:2	[]
2 Chronicles 11:3	[]
2 Chronicles 11:4	[true,true,true]
2 Chronicles 11:5	[]
2 Chronicles 11:6	[]
2 Chronicles 11:7	[]
2 Chronicles 11:8	[]
2 Chronicles 11:9	[]
2 Chronicles 11:10	[]
2 Chronicles 11:11	[]
2 Chronicles 11:12	[]
2 Chronicles 11:13	[]
2 Chronicles 11:14	[]
2 Chronicles 11:15	[]
2 Chronicles 11:16	[]
2 Chronicles 11:17	[]
2 Chronicles 11:18	[]
2 Chronicles 11:19	[]
2 Chronicles 11:20	[]
2 Chronicles 11:21	[]
2 Chronicles 11:22	[]
2 Chronicles 11:23	[]
2 Chronicles 12:1	[]
2 Chronicles 12:2	[]
2 Chronicles 12:3	[]
2 Chronicles 12:4	[]
2 Chronicles 12:5	[true,true]
2 Chronicles 12:6	[]
2 Chronicles 12:7	[]
2 Chronicles 12:8	[]
2 Chronicles 12:9	[]
2 Chronicles 12:10	[]
2 Chronicles 12:11	[]
2 Chronicles 12:12	[]
2 Chronicles 12:13	[]
2 Chronicles 12:14	[]
2 Chronicles 12:15	[]
2 Chronicles 12:16	[]
2 Chronicles 13:1	[]
2 Chronicles 13:2	[]
2 Chronicles 13:3	[]
2 Chronicles 13:4	[]
2 Chronicles 13:5	[false]
2 Chronicles 13:6	[]
2 Chronicles 13:7	[]
2 Chronicles 13:8	[true,true,true,true,true,true]
2 Chronicles 13:9	[true,true,true]
2 Chronicles 13:10	[]
2 Chronicles 13:11	[true]
2 Chronicles 13:12	[true,true,true]
2 Chronicles 13:13	[]
2 Chronicles 13:14	[]
2 Chronicles 13:15	[]
2 Chronicles 13:16	[]
2 Chronicles 13:17	[]
2 Chronicles 13:18	[]
2 Chronicles 13:19	[]
2 Chronicles 13:20	[]
2 Chronicles 13:21	[]
2 Chronicles 13:22	[]
2 Chronicles 14:1	[]
2 Chronicles 14:2	[]
2 Chronicles 14:3	[]
2 Chronicles 14:4	[]
2 Chronicles 14:5	[]
2 Chronicles 14:6	[]
2 Chronicles 14:7	[]
2 Chronicles 14:8	[]
2 Chronicles 14:9	[]
2 Chronicles 14:10	[]
2 Chronicles 14:11	[false,false,false,false,false]
2 Chronicles 14:12	[]
2 Chronicles 14:13	[]
2 Chronicles 14:14	[]
2 Chronicles 14:15	[]
2 Chronicles 15:1	[]
2 Chronicles 15:2	[true,true,true,true,true,true]
2 Chronicles 15:3	[]
2 Chronicles 15:4	[]
2 Chronicles 15:5	[]
2 Chronicles 15:6	[]
2 Chronicles 15:7	[true,true]
2 Chronicles 15:8	[]
2 Chronicles 15:9	[]
2 Chronicles 15:10	[]
2 Chronicles 15:11	[]
2 Chronicles 15:12	[]
2 Chronicles 15:13	[]
2 Chronicles 15:14	[]
2 Chronicles 15:15	[]
2 Chronicles 15:16	[]
2 Chronicles 15:17	[]
2 Chronicles 15:18	[]
2 Chronicles 15:19	[]
2 Chronicles 16:1	[]
2 Chronicles 16:2	[]
2 Chronicles 16:3	[false,false,false,false]
2 Chronicles 16:4	[]
2 Chronicles 16:5	[]
2 Chronicles 16:6	[]
2 Chronicles 16:7	[false,false,false]
2 Chronicles 16:8	[false,false]
2 Chronicles 16:9	[false,false]
2 Chronicles 16:10	[]
2 Chronicles 16:11	[]
2 Chronicles 16:12	[]
2 Chronicles 16:13	[]
2 Chronicles 16:14	[]
2 Chronicles 17:1	[]
2 Chronicles 17:2	[]
2 Chronicles 17:3	[]
2 Chronicles 17:4	[]
2 Chronicles 17:5	[]
2 Chronicles 17:6	[]
2 Chronicles 17:7	[]
2 Chronicles 17:8	[]
2 Chronicles 17:9	[]
2 Chronicles 17:10	[]
2 Chronicles 17:11	[]
2 Chronicles 17:12	[]
2 Chronicles 17:13	[]
2 Chronicles 17:14	[]
2 Chronicles 17:15	[]
2 Chronicles 17:16	[]
2 Chronicles 17:17	[]
2 Chronicles 17:18	[]
2 Chronicles 17:19	[]
2 Chronicles 18:1	[]
2 Chronicles 18:2	[]
2 Chronicles 18:3	[false,false,false,false]
2 Chronicles 18:4	[]
2 Chronicles 18:5	[]
2 Chronicles 18:6	[]
2 Chronicles 18:7	[]
2 Chronicles 18:8	[]
2 Chronicles 18:9	[]
2 Chronicles 18:10	[false]
2 Chronicles 18:11	[]
2 Chronicles 18:12	[false]
2 Chronicles 18:13	[]
2 Chronicles 18:14	[true]
2 Chronicles 18:15	[false]
2 Chronicles 18:16	[]
2 Chronicles 18:17	[false]
2 Chronicles 18:18	[]
2 Chronicles 18:19	[]
2 Chronicles 18:20	[]
2 Chronicles 18:21	[false]
2 Chronicles 18:22	[false,false,false]
2 Chronicles 18:23	[false]
2 Chronicles 18:24	[false,false]
2 Chronicles 18:25	[]
2 Chronicles 18:26	[]
2 Chronicles 18:27	[false,false]
2 Chronicles 18:28	[]
2 Chronicles 18:29	[false,false]
2 Chronicles 18:30	[]
2 Chronicles 18:31	[]
2 Chronicles 18:32	[]
2 Chronicles 18:33	[]
2 Chronicles 18:34	[]
2 Chronicles 19:1	[]
2 Chronicles 19:2	[false,false]
2 Chronicles 19:3	[false,false,false]
2 Chronicles 19:4	[]
2 Chronicles 19:5	[]
2 Chronicles 19:6	[true,true,true,true]
2 Chronicles 19:7	[true,true]
2 Chronicles 19:8	[]
2 Chronicles 19:9	[true]
2 Chronicles 19:10	[true,true,true,true,true,true]
2 Chronicles 19:11	[true,true]
2 Chronicles 20:1	[]
2 Chronicles 20:2	[false]
2 Chronicles 20:3	[]
2 Chronicles 20:4	[]
2 Chronicles 20:5	[]
2 Chronicles 20:6	[false,false,false,false]
2 Chronicles 20:7	[false,false,false]
2 Chronicles 20:8	[false]
2 Chronicles 20:9	[false,false,false,false]
2 Chronicles 20:10	[false]
2 Chronicles 20:11	[false]
2 Chronicles 20:12	[false,false]
2 Chronicles 20:13	[]
2 Chronicles 20:14	[]
2 Chronicles 20:15	[true,true]
2 Chronicles 20:16	[true,true,true]
2 Chronicles 20:17	[true,true,true,true]
2 Chronicles 20:18	[]
2 Chronicles 20:19	[]
2 Chronicles 20:20	[true,true,true]
2 Chronicles 20:21	[]
2 Chronicles 20:22	[]
2 Chronicles 20:23	[]
2 Chronicles 20:24	[]
2 Chronicles 20:25	[]
2 Chronicles 20:26	[]
2 Chronicles 20:27	[]
2 Chronicles 20:28	[]
2 Chronicles 20:29	[]
2 Chronicles 20:30	[]
2 Chronicles 20:31	[]
2 Chronicles 20:32	[]
2 Chronicles 20:33	[]
2 Chronicles 20:34	[]
2 Chronicles 20:35	[]
2 Chronicles 20:36	[]
2 Chronicles 20:37	[false,false,false]
2 Chronicles 21:1	[]
2 Chronicles 21:2	[]
2 Chronicles 21:3	[]
2 Chronicles 21:4	[]
2 Chronicles 21:5	[]
2 Chronicles 21:6	[]
2 Chronicles 21:7	[]
2 Chronicles 21:8	[]
2 Chronicles 21:9	[]
2 Chronicles 21:10	[]
2 Chronicles 21:11	[]
2 Chronicles 21:12	[false,false,false]
2 Chronicles 21:13	[false,false,false,false,false]
2 Chronicles 21:14	[false,false,false,false]
2 Chronicles 21:15	[false,false,false,false]
2 Chronicles 21:16	[]
2 Chronicles 21:17	[]
2 Chronicles 21:18	[]
2 Chronicles 21:19	[]
2 Chronicles 21:20	[]
2 Chronicles 22:1	[]
2 Chronicles 22:2	[]
2 Chronicles 22:3	[]
2 Chronicles 22:4	[]
2 Chronicles 22:5	[]
2 Chronicles 22:6	[]
2 Chronicles 22:7	[]
2 Chronicles 22:8	[]
2 Chronicles 22:9	[]
2 Chronicles 22:10	[]
2 Chronicles 22:11	[]
2 Chronicles 22:12	[]
2 Chronicles 23:1	[]
2 Chronicles 23:2	[]
2 Chronicles 23:3	[]
2 Chronicles 23:4	[true,true]
2 Chronicles 23:5	[]
2 Chronicles 23:6	[]
2 Chronicles 23:7	[true]
2 Chronicles 23:8	[]
2 Chronicles 23:9	[]
2 Chronicles 23:10	[]
2 Chronicles 23:11	[]
2 Chronicles 23:12	[]
2 Chronicles 23:13	[]
2 Chronicles 23:14	[]
2 Chronicles 23:15	[]
2 Chronicles 23:16	[]
2 Chronicles 23:17	[]
2 Chronicles 23:18	[]
2 Chronicles 23:19	[]
2 Chronicles 23:20	[]
2 Chronicles 23:21	[]
2 Chronicles 24:1	[]
2 Chronicles 24:2	[]
2 Chronicles 24:3	[]
2 Chronicles 24:4	[]
2 Chronicles 24:5	[true]
2 Chronicles 24:6	[false]
2 Chronicles 24:7	[]
2 Chronicles 24:8	[]
2 Chronicles 24:9	[]
2 Chronicles 24:10	[]
2 Chronicles 24:11	[]
2 Chronicles 24:12	[]
2 Chronicles 24:13	[]
2 Chronicles 24:14	[]
2 Chronicles 24:15	[]
2 Chronicles 24:16	[]
2 Chronicles 24:17	[]
2 Chronicles 24:18	[]
2 Chronicles 24:19	[]
2 Chronicles 24:20	[true,true,true,true]
2 Chronicles 24:21	[]
2 Chronicles 24:22	[false]
2 Chronicles 24:23	[]
2 Chronicles 24:24	[]
2 Chronicles 24:25	[]
2 Chronicles 24:26	[]
2 Chronicles 24:27	[]
2 Chronicles 25:1	[]
2 Chronicles 25:2	[]
2 Chronicles 25:3	[]
2 Chronicles 25:4	[]
2 Chronicles 25:5	[]
2 Chronicles 25:6	[]
2 Chronicles 25:7	[false]
2 Chronicles 25:8	[false,false]
2 Chronicles 25:9	[false]
2 Chronicles 25:10	[]
2 Chronicles 25:11	[]
2 Chronicles 25:12	[]
2 Chronicles 25:13	[]
2 Chronicles 25:14	[]
2 Chronicles 25:15	[false,false]
2 Chronicles 25:16	[false,false,false]
2 Chronicles 25:17	[]
2 Chronicles 25:18	[false]
2 Chronicles 25:19	[false,false,false,false,false,false]
2 Chronicles 25:20	[]
2 Chronicles 25:21	[]
2 Chronicles 25:22	[]
2 Chronicles 25:23	[]
2 Chronicles 25:24	[]
2 Chronicles 25:25	[]
2 Chronicles 25:26	[]
2 Chronicles 25:27	[]
2 Chronicles 25:28	[]
2 Chronicles 26:1	[]
2 Chronicles 26:2	[]
2 Chronicles 26:3	[]
2 Chronicles 26:4	[]
2 Chronicles 26:5	[]
2 Chronicles 26:6	[]
2 Chronicles 26:7	[]
2 Chronicles 26:8	[]
2 Chronicles 26:9	[]
2 Chronicles 26:10	[]
2 Chronicles 26:11	[]
2 Chronicles 26:12	[]
2 Chronicles 26:13	[]
2 Chronicles 26:14	[]
2 Chronicles 26:15	[]
2 Chronicles 26:16	[]
2 Chronicles 26:17	[]
2 Chronicles 26:18	[false,false,false]
2 Chronicles 26:19	[]
2 Chronicles 26:20	[]
2 Chronicles 26:21	[]
2 Chronicles 26:22	[]
2 Chronicles 26:23	[]
2 Chronicles 27:1	[]
2 Chronicles 27:2	[]
2 Chronicles 27:3	[]
2 Chronicles 27:4	[]
2 Chronicles 27:5	[]
2 Chronicles 27:6	[]
2 Chronicles 27:7	[]
2 Chronicles 27:8	[]
2 Chronicles 27:9	[]
2 Chronicles 28:1	[]
2 Chronicles 28:2	[]
2 Chronicles 28:3	[]
2 Chronicles 28:4	[]
2 Chronicles 28:5	[]
2 Chronicles 28:6	[]
2 Chronicles 28:7	[]
2 Chronicles 28:8	[]
2 Chronicles 28:9	[true,true,true]
2 Chronicles 28:10	[true,true,true]
2 Chronicles 28:11	[true,true,true]
2 Chronicles 28:12	[]
2 Chronicles 28:13	[true,true]
2 Chronicles 28:14	[]
2 Chronicles 28:15	[]
2 Chronicles 28:16	[]
2 Chronicles 28:17	[]
2 Chronicles 28:18	[]
2 Chronicles 28:19	[]
2 Chronicles 28:20	[]
2 Chronicles 28:21	[]
2 Chronicles 28:22	[]
2 Chronicles 28:23	[]
2 Chronicles 28:24	[]
2 Chronicles 28:25	[]
2 Chronicles 28:26	[]
2 Chronicles 28:27	[]
2 Chronicles 29:1	[]
2 Chronicles 29:2	[]
2 Chronicles 29:3	[]
2 Chronicles 29:4	[]
2 Chronicles 29:5	[true,true]
2 Chronicles 29:6	[]
2 Chronicles 29:7	[]
2 Chronicles 29:8	[true,true]
2 Chronicles 29:9	[]
2 Chronicles 29:10	[]
2 Chronicles 29:11	[true]
2 Chronicles 29:12	[]
2 Chronicles 29:13	[]
2 Chronicles 29:14	[]
2 Chronicles 29:15	[]
2 Chronicles 29:16	[]
2 Chronicles 29:17	[]
2 Chronicles 29:18	[]
2 Chronicles 29:19	[]
2 Chronicles 29:20	[]
2 Chronicles 29:21	[]
2 Chronicles 29:22	[]
2 Chronicles 29:23	[]
2 Chronicles 29:24	[]
2 Chronicles 29:25	[]
2 Chronicles 29:26	[]
2 Chronicles 29:27	[]
2 Chronicles 29:28	[]
2 Chronicles 29:29	[]
2 Chronicles 29:30	[]
2 Chronicles 29:31	[true,true]
2 Chronicles 29:32	[]
2 Chronicles 29:33	[]
2 Chronicles 29:34	[]
2 Chronicles 29:35	[]
2 Chronicles 29:36	[]
2 Chronicles 30:1	[]
2 Chronicles 30:2	[]
2 Chronicles 30:3	[]
2 Chronicles 30:4	[]
2 Chronicles 30:5	[]
2 Chronicles 30:6	[false]
2 Chronicles 30:7	[true,true]
2 Chronicles 30:8	[true,true,true,true]
2 Chronicles 30:9	[true,true,true,true,true]
2 Chronicles 30:10	[]
2 Chronicles 30:11	[]
2 Chronicles 30:12	[]
2 Chronicles 30:13	[]
2 Chronicles 30:14	[]
2 Chronicles 30:15	[]
2 Chronicles 30:16	[]
2 Chronicles 30:17	[]
2 Chronicles 30:18	[]
2 Chronicles 30:19	[]
2 Chronicles 30:20	[]
2 Chronicles 30:21	[]
2 Chronicles 30:22	[]
2 Chronicles 30:23	[]
2 Chronicles 30:24	[]
2 Chronicles 30:25	[]
2 Chronicles 30:26	[]
2 Chronicles 30:27	[]
2 Chronicles 31:1	[]
2 Chronicles 31:2	[]
2 Chronicles 31:3	[]
2 Chronicles 31:4	[]
2 Chronicles 31:5	[]
2 Chronicles 31:6	[]
2 Chronicles 31:7	[]
2 Chronicles 31:8	[]
2 Chronicles 31:9	[]
2 Chronicles 31:10	[]
2 Chronicles 31:11	[]
2 Chronicles 31:12	[]
2 Chronicles 31:13	[]
2 Chronicles 31:14	[]
2 Chronicles 31:15	[]
2 Chronicles 31:16	[]
2 Chronicles 31:17	[]
2 Chronicles 31:18	[]
2 Chronicles 31:19	[]
2 Chronicles 31:20	[]
2 Chronicles 31:21	[]
2 Chronicles 32:1	[]
2 Chronicles 32:2	[]
2 Chronicles 32:3	[]
2 Chronicles 32:4	[]
2 Chronicles 32:5	[]
2 Chronicles 32:6	[]
2 Chronicles 32:7	[]
2 Chronicles 32:8	[]
2 Chronicles 32:9	[]
2 Chronicles 32:10	[true,true]
2 Chronicles 32:11	[true,true]
2 Chronicles 32:12	[true,true]
2 Chronicles 32:13	[false]
2 Chronicles 32:14	[true,true]
2 Chronicles 32:15	[true,true,true,true]
2 Chronicles 32:16	[]
2 Chronicles 32:17	[]
2 Chronicles 32:18	[]
2 Chronicles 32:19	[]
2 Chronicles 32:20	[]
2 Chronicles 32:21	[]
2 Chronicles 32:22	[]
2 Chronicles 32:23	[]
2 Chronicles 32:24	[]
2 Chronicles 32:25	[]
2 Chronicles 32:26	[]
2 Chronicles 32:27	[]
2 Chronicles 32:28	[]
2 Chronicles 32:29	[]
2 Chronicles 32:30	[]
2 Chronicles 32:31	[]
2 Chronicles 32:32	[]
2 Chronicles 32:33	[]
2 Chronicles 33:1	[]
2 Chronicles 33:2	[]
2 Chronicles 33:3	[]
2 Chronicles 33:4	[]
2 Chronicles 33:5	[]
2 Chronicles 33:6	[]
2 Chronicles 33:7	[]
2 Chronicles 33:8	[true]
2 Chronicles 33:9	[]
2 Chronicles 33:10	[]
2 Chronicles 33:11	[]
2 Chronicles 33:12	[]
2 Chronicles 33:13	[]
2 Chronicles 33:14	[]
2 Chronicles 33:15	[]
2 Chronicles 33:16	[]
2 Chronicles 33:17	[]
2 Chronicles 33:18	[]
2 Chronicles 33:19	[]
2 Chronicles 33:20	[]
2 Chronicles 33:21	[]
2 Chronicles 33:22	[]
2 Chronicles 33:23	[]
2 Chronicles 33:24	[]
2 Chronicles 33:25	[]
2 Chronicles 34:1	[]
2 Chronicles 34:2	[]
2 Chronicles 34:3	[]
2 Chronicles 34:4	[]
2 Chronicles 34:5	[]
2 Chronicles 34:6	[]
2 Chronicles 34:7	[]
2 Chronicles 34:8	[]
2 Chronicles 34:9	[]
2 Chronicles 34:10	[]
2 Chronicles 34:11	[]
2 Chronicles 34:12	[]
2 Chronicles 34:13	[]
2 Chronicles 34:14	[]
2 Chronicles 34:15	[]
2 Chronicles 34:16	[false]
2 Chronicles 34:17	[]
2 Chronicles 34:18	[]
2 Chronicles 34:19	[]
2 Chronicles 34:20	[]
2 Chronicles 34:21	[]
2 Chronicles 34:22	[]
2 Chronicles 34:23	[true]
2 Chronicles 34:24	[]
2 Chronicles 34:25	[]
2 Chronicles 34:26	[true,false]
2 Chronicles 34:27	[false,false,false,false,false,false,false,false]
2 Chronicles 34:28	[false,false,false,false,false]
2 Chronicles 34:29	[]
2 Chronicles 34:30	[]
2 Chronicles 34:31	[]
2 Chronicles 34:32	[]
2 Chronicles 34:33	[]
2 Chronicles 35:1	[]
2 Chronicles 35:2	[]
2 Chronicles 35:3	[true,true]
2 Chronicles 35:4	[true,true]
2 Chronicles 35:5	[true]
2 Chronicles 35:6	[true,true]
2 Chronicles 35:7	[]
2 Chronicles 35:8	[]
2 Chronicles 35:9	[]
2 Chronicles 35:10	[]
2 Chronicles 35:11	[]
2 Chronicles 35:12	[]
2 Chronicles 35:13	[]
2 Chronicles 35:14	[]
2 Chronicles 35:15	[]
2 Chronicles 35:16	[]
2 Chronicles 35:17	[]
2 Chronicles 35:18	[]
2 Chronicles 35:19	[]
2 Chronicles 35:20	[]
2 Chronicles 35:21	[false,false,false]
2 Chronicles 35:22	[]
2 Chronicles 35:23	[]
2 Chronicles 35:24	[]
2 Chronicles 35:25	[]
2 Chronicles 35:26	[]
2 Chronicles 35:27	[]
2 Chronicles 36:1	[]
2 Chronicles 36:2	[]
2 Chronicles 36:3	[]
2 Chronicles 36:4	[]
2 Chronicles 36:5	[]
2 Chronicles 36:6	[]
2 Chronicles 36:7	[]
2 Chronicles 36:8	[]
2 Chronicles 36:9	[]
2 Chronicles 36:10	[]
2 Chronicles 36:11	[]
2 Chronicles 36:12	[]
2 Chronicles 36:13	[]
2 Chronicles 36:14	[]
2 Chronicles 36:15	[]
2 Chronicles 36:16	[]
2 Chronicles 36:17	[]
2 Chronicles 36:18	[]
2 Chronicles 36:19	[]
2 Chronicles 36:20	[]
2 Chronicles 36:21	[]
2 Chronicles 36:22	[]
2 Chronicles 36:23	[true]
Ezra 1:1	[]
Ezra 1:2	[]
Ezra 1:3	[true]
Ezra 1:4	[]
Ezra 1:5	[]
Ezra 1:6	[]
Ezra 1:7	[]
Ezra 1:8	[]
Ezra 1:9	[]
Ezra 1:10	[]
Ezra 1:11	[]
Ezra 2:1	[]
Ezra 2:2	[]
Ezra 2:3	[]
Ezra 2:4	[]
Ezra 2:5	[]
Ezra 2:6	[]
Ezra 2:7	[]
Ezra 2:8	[]
Ezra 2:9	[]
Ezra 2:10	[]
Ezra 2:11	[]
Ezra 2:12	[]
Ezra 2:13	[]
Ezra 2:14	[]
Ezra 2:15	[]
Ezra 2:16	[]
Ezra 2:17	[]
Ezra 2:18	[]
Ezra 2:19	[]
Ezra 2:20	[]
Ezra 2:21	[]
Ezra 2:22	[]
Ezra 2:23	[]
Ezra 2:24	[]
Ezra 2:25	[]
Ezra 2:26	[]
Ezra 2:27	[]
Ezra 2:28	[]
Ezra 2:29	[]
Ezra 2:30	[]
Ezra 2:31	[]
Ezra 2:32	[]
Ezra 2:33	[]
Ezra 2:34	[]
Ezra 2:35	[]
Ezra 2:36	[]
Ezra 2:37	[]
Ezra 2:38	[]
Ezra 2:39	[]
Ezra 2:40	[]
Ezra 2:41	[]
Ezra 2:42	[]
Ezra 2:43	[]
Ezra 2:44	[]
Ezra 2:45	[]
Ezra 2:46	[]
Ezra 2:47	[]
Ezra 2:48	[]
Ezra 2:49	[]
Ezra 2:50	[]
Ezra 2:51	[]
Ezra 2:52	[]
Ezra 2:53	[]
Ezra 2:54	[]
Ezra 2:55	[]
Ezra 2:56	[]
Ezra 2:57	[]
Ezra 2:58	[]
Ezra 2:59	[]
Ezra 2:60	[]
Ezra 2:61	[]
Ezra 2:62	[]
Ezra 2:63	[]
Ezra 2:64	[]
Ezra 2:65	[]
Ezra 2:66	[]
Ezra 2:67	[]
Ezra 2:68	[]
Ezra 2:69	[]
Ezra 2:70	[]
Ezra 3:1	[]
Ezra 3:2	[]
Ezra 3:3	[]
Ezra 3:4	[]
Ezra 3:5	[]
Ezra 3:6	[]
Ezra 3:7	[]
Ezra 3:8	[]
Ezra 3:9	[]
Ezra 3:10	[]
Ezra 3:11	[]
Ezra 3:12	[]
Ezra 3:13	[]
Ezra 4:1	[]
Ezra 4:2	[true,true,true]
Ezra 4:3	[false]
Ezra 4:4	[]
Ezra 4:5	[]
Ezra 4:6	[]
Ezra 4:7	[]
Ezra 4:8	[]
Ezra 4:9	[]
Ezra 4:10	[]
Ezra 4:11	[false]
Ezra 4:12	[false]
Ezra 4:13	[]
Ezra 4:14	[]
Ezra 4:15	[false,false]
Ezra 4:16	[false]
Ezra 4:17	[false]
Ezra 4:18	[true]
Ezra 4:19	[]
Ezra 4:20	[]
Ezra 4:21	[]
Ezra 4:22	[true]
Ezra 4:23	[]
Ezra 4:24	[]
Ezra 5:1	[]
Ezra 5:2	[]
Ezra 5:3	[false]
Ezra 5:4	[]
Ezra 5:5	[]
Ezra 5:6	[]
Ezra 5:7	[]
Ezra 5:8	[]
Ezra 5:9	[true]
Ezra 5:10	[false]
Ezra 5:11	[]
Ezra 5:12	[]
Ezra 5:13	[]
Ezra 5:14	[]
Ezra 5:15	[]
Ezra 5:16	[]
Ezra 5:17	[]
Ezra 6:1	[]
Ezra 6:2	[]
Ezra 6:3	[]
Ezra 6:4	[]
Ezra 6:5	[]
Ezra 6:6	[true,true]
Ezra 6:7	[]
Ezra 6:8	[true]
Ezra 6:9	[]
Ezra 6:10	[]
Ezra 6:11	[]
Ezra 6:12	[]
Ezra 6:13	[]
Ezra 6:14	[]
Ezra 6:15	[]
Ezra 6:16	[]
Ezra 6:17	[]
Ezra 6:18	[]
Ezra 6:19	[]
Ezra 6:20	[]
Ezra 6:21	[]
Ezra 6:22	[]
Ezra 7:1	[]
Ezra 7:2	[]
Ezra 7:3	[]
Ezra 7:4	[]
Ezra 7:5	[]
Ezra 7:6	[]
Ezra 7:7	[]
Ezra 7:8	[]
Ezra 7:9	[]
Ezra 7:10	[]
Ezra 7:11	[]
Ezra 7:12	[]
Ezra 7:13	[false]
Ezra 7:14	[false,false,false]
Ezra 7:15	[false,false]
Ezra 7:16	[false]
Ezra 7:17	[false,true]
Ezra 7:18	[false,false,true]
Ezra 7:19	[false,false,false]
Ezra 7:20	[false,false,false]
Ezra 7:21	[true]
Ezra 7:22	[]
Ezra 7:23	[]
Ezra 7:24	[false]
Ezra 7:25	[false,false,false,false,false]
Ezra 7:26	[false]
Ezra 7:27	[]
Ezra 7:28	[]
Ezra 8:1	[]
Ezra 8:2	[]
Ezra 8:3	[]
Ezra 8:4	[]
Ezra 8:5	[]
Ezra 8:6	[]
Ezra 8:7	[]
Ezra 8:8	[]
Ezra 8:9	[]
Ezra 8:10	[]
Ezra 8:11	[]
Ezra 8:12	[]
Ezra 8:13	[]
Ezra 8:14	[]
Ezra 8:15	[]
Ezra 8:16	[]
Ezra 8:17	[]
Ezra 8:18	[]
Ezra 8:19	[]
Ezra 8:20	[]
Ezra 8:21	[]
Ezra 8:22	[]
Ezra 8:23	[]
Ezra 8:24	[]
Ezra 8:25	[]
Ezra 8:26	[]
Ezra 8:27	[]
Ezra 8:28	[true,true]
Ezra 8:29	[true]
Ezra 8:30	[]
Ezra 8:31	[]
Ezra 8:32	[]
Ezra 8:33	[]
Ezra 8:34	[]
Ezra 8:35	[]
Ezra 8:36	[]
Ezra 9:1	[]
Ezra 9:2	[]
Ezra 9:3	[]
Ezra 9:4	[]
Ezra 9:5	[]
Ezra 9:6	[false]
Ezra 9:7	[]
Ezra 9:8	[]
Ezra 9:9	[]
Ezra 9:10	[]
Ezra 9:11	[false,false,true]
Ezra 9:12	[true,true,true,true]
Ezra 9:13	[false]
Ezra 9:14	[false,false]
Ezra 9:15	[false,false,false]
Ezra 10:1	[]
Ezra 10:2	[]
Ezra 10:3	[]
Ezra 10:4	[false,false]
Ezra 10:5	[]
Ezra 10:6	[]
Ezra 10:7	[]
Ezra 10:8	[]
Ezra 10:9	[]
Ezra 10:10	[true]
Ezra 10:11	[true,true,true]
Ezra 10:12	[false]
Ezra 10:13	[]
Ezra 10:14	[]
Ezra 10:15	[]
Ezra 10:16	[]
Ezra 10:17	[]
Ezra 10:18	[]
Ezra 10:19	[]
Ezra 10:20	[]
Ezra 10:21	[]
Ezra 10:22	[]
Ezra 10:23	[]
Ezra 10:24	[]
Ezra 10:25	[]
Ezra 10:26	[]
Ezra 10:27	[]
Ezra 10:28	[]
Ezra 10:29	[]
Ezra 10:30	[]
Ezra 10:31	[]
Ezra 10:32	[]
Ezra 10:33	[]
Ezra 10:34	[]
Ezra 10:35	[]
Ezra 10:36	[]
Ezra 10:37	[]
Ezra 10:38	[]
Ezra 10:39	[]
Ezra 10:40	[]
Ezra 10:41	[]
Ezra 10:42	[]
Ezra 10:43	[]
Ezra 10:44	[]
Nehemiah 1:1	[]
Nehemiah 1:2	[]
Nehemiah 1:3	[]
Nehemiah 1:4	[]
Nehemiah 1:5	[]
Nehemiah 1:6	[false,false,false,false,false,false]
Nehemiah 1:7	[false,false,false]
Nehemiah 1:8	[false,false,true,true,true]
Nehemiah 1:9	[true,true]
Nehemiah 1:10	[false,false,false,false]
Nehemiah 1:11	[false,false,false,false]
Nehemiah 2:1	[]
Nehemiah 2:2	[false,false]
Nehemiah 2:3	[]
Nehemiah 2:4	[false]
Nehemiah 2:5	[false,false,false]
Nehemiah 2:6	[false,false]
Nehemiah 2:7	[]
Nehemiah 2:8	[]
Nehemiah 2:9	[]
Nehemiah 2:10	[]
Nehemiah 2:11	[]
Nehemiah 2:12	[]
Nehemiah 2:13	[]
Nehemiah 2:14	[]
Nehemiah 2:15	[]
Nehemiah 2:16	[]
Nehemiah 2:17	[true]
Nehemiah 2:18	[]
Nehemiah 2:19	[true,true]
Nehemiah 2:20	[true]
Nehemiah 3:1	[]
Nehemiah 3:2	[]
Nehemiah 3:3	[]
Nehemiah 3:4	[]
Nehemiah 3:5	[]
Nehemiah 3:6	[]
Nehemiah 3:7	[]
Nehemiah 3:8	[]
Nehemiah 3:9	[]
Nehemiah 3:10	[]
Nehemiah 3:11	[]
Nehemiah 3:12	[]
Nehemiah 3:13	[]
Nehemiah 3:14	[]
Nehemiah 3:15	[]
Nehemiah 3:16	[]
Nehemiah 3:17	[]
Nehemiah 3:18	[]
Nehemiah 3:19	[]
Nehemiah 3:20	[]
Nehemiah 3:21	[]
Nehemiah 3:22	[]
Nehemiah 3:23	[]
Nehemiah 3:24	[]
Nehemiah 3:25	[]
Nehemiah 3:26	[]
Nehemiah 3:27	[]
Nehemiah 3:28	[]
Nehemiah 3:29	[]
Nehemiah 3:30	[]
Nehemiah 3:31	[]
Nehemiah 3:32	[]
Nehemiah 4:1	[]
Nehemiah 4:2	[]
Nehemiah 4:3	[]
Nehemiah 4:4	[]
Nehemiah 4:5	[false]
Nehemiah 4:6	[]
Nehemiah 4:7	[]
Nehemiah 4:8	[]
Nehemiah 4:9	[]
Nehemiah 4:10	[]
Nehemiah 4:11	[]
Nehemiah 4:12	[true]
Nehemiah 4:13	[]
Nehemiah 4:14	[true,true,true,true,true]
Nehemiah 4:15	[]
Nehemiah 4:16	[]
Nehemiah 4:17	[]
Nehemiah 4:18	[]
Nehemiah 4:19	[]
Nehemiah 4:20	[true]
Nehemiah 4:21	[]
Nehemiah 4:22	[]
Nehemiah 4:23	[]
Nehemiah 5:1	[]
Nehemiah 5:2	[]
Nehemiah 5:3	[]
Nehemiah 5:4	[]
Nehemiah 5:5	[]
Nehemiah 5:6	[]
Nehemiah 5:7	[true,true]
Nehemiah 5:8	[true,true]
Nehemiah 5:9	[true,true]
Nehemiah 5:10	[]
Nehemiah 5:11	[true]
Nehemiah 5:12	[false]
Nehemiah 5:13	[]
Nehemiah 5:14	[]
Nehemiah 5:15	[]
Nehemiah 5:16	[]
Nehemiah 5:17	[]
Nehemiah 5:18	[]
Nehemiah 5:19	[]
Nehemiah 6:1	[]
Nehemiah 6:2	[]
Nehemiah 6:3	[true]
Nehemiah 6:4	[]
Nehemiah 6:5	[]
Nehemiah 6:6	[false,false,false]
Nehemiah 6:7	[false,false]
Nehemiah 6:8	[false,false,false]
Nehemiah 6:9	[]
Nehemiah 6:10	[false,false]
Nehemiah 6:11	[]
Nehemiah 6:12	[]
Nehemiah 6:13	[]
Nehemiah 6:14	[]
Nehemiah 6:15	[]
Nehemiah 6:16	[]
Nehemiah 6:17	[]
Nehemiah 6:18	[]
Nehemiah 6:19	[]
Nehemiah 7:1	[]
Nehemiah 7:2	[]
Nehemiah 7:3	[]
Nehemiah 7:4	[]
Nehemiah 7:5	[]
Nehemiah 7:6	[]
Nehemiah 7:7	[]
Nehemiah 7:8	[]
Nehemiah 7:9	[]
Nehemiah 7:10	[]
Nehemiah 7:11	[]
Nehemiah 7:12	[]
Nehemiah 7:13	[]
Nehemiah 7:14	[]
Nehemiah 7:15	[]
Nehemiah 7:16	[]
Nehemiah 7:17	[]
Nehemiah 7:18	[]
Nehemiah 7:19	[]
Nehemiah 7:20	[]
Nehemiah 7:21	[]
Nehemiah 7:22	[]
Nehemiah 7:23	[]
Nehemiah 7:24	[]
Nehemiah 7:25	[]
Nehemiah 7:26	[]
Nehemiah 7:27	[]
Nehemiah 7:28	[]
Nehemiah 7:29	[]
Nehemiah 7:30	[]
Nehemiah 7:31	[]
Nehemiah 7:32	[]
Nehemiah 7:33	[]
Nehemiah 7:34	[]
Nehemiah 7:35	[]
Nehemiah 7:36	[]
Nehemiah 7:37	[]
Nehemiah 7:38	[]
Nehemiah 7:39	[]
Nehemiah 7:40	[]
Nehemiah 7:41	[]
Nehemiah 7:42	[]
Nehemiah 7:43	[]
Nehemiah 7:44	[]
Nehemiah 7:45	[]
Nehemiah 7:46	[]
Nehemiah 7:47	[]
Nehemiah 7:48	[]
Nehemiah 7:49	[]
Nehemiah 7:50	[]
Nehemiah 7:51	[]
Nehemiah 7:52	[]
Nehemiah 7:53	[]
Nehemiah 7:54	[]
Nehemiah 7:55	[]
Nehemiah 7:56	[]
Nehemiah 7:57	[]
Nehemiah 7:58	[]
Nehemiah 7:59	[]
Nehemiah 7:60	[]
Nehemiah 7:61	[]
Nehemiah 7:62	[]
Nehemiah 7:63	[]
Nehemiah 7:64	[]
Nehemiah 7:65	[]
Nehemiah 7:66	[]
Nehemiah 7:67	[]
Nehemiah 7:68	[]
Nehemiah 7:69	[]
Nehemiah 7:70	[]
Nehemiah 7:71	[]
Nehemiah 7:72	[]
Nehemiah 7:73	[]
Nehemiah 8:1	[]
Nehemiah 8:2	[]
Nehemiah 8:3	[]
Nehemiah 8:4	[]
Nehemiah 8:5	[]
Nehemiah 8:6	[]
Nehemiah 8:7	[]
Nehemiah 8:8	[]
Nehemiah 8:9	[true]
Nehemiah 8:10	[true]
Nehemiah 8:11	[]
Nehemiah 8:12	[]
Nehemiah 8:13	[]
Nehemiah 8:14	[]
Nehemiah 8:15	[]
Nehemiah 8:16	[]
Nehemiah 8:17	[]
Nehemiah 8:18	[]
Nehemiah 9:1	[]
Nehemiah 9:2	[]
Nehemiah 9:3	[]
Nehemiah 9:4	[]
Nehemiah 9:5	[true,false]
Nehemiah 9:6	[false,false,false,false]
Nehemiah 9:7	[false]
Nehemiah 9:8	[false,false,false,false,false]
Nehemiah 9:9	[false,false]
Nehemiah 9:10	[false,false,false,false]
Nehemiah 9:11	[false,false]
Nehemiah 9:12	[false]
Nehemiah 9:13	[false,false]
Nehemiah 9:14	[false,false,false]
Nehemiah 9:15	[false,false,false,false]
Nehemiah 9:16	[false]
Nehemiah 9:17	[false,false,false]
Nehemiah 9:18	[false,false]
Nehemiah 9:19	[false,false]
Nehemiah 9:20	[false,false,false,false,false]
Nehemiah 9:21	[false]
Nehemiah 9:22	[false]
Nehemiah 9:23	[false,false]
Nehemiah 9:24	[false,false]
Nehemiah 9:25	[false]
Nehemiah 9:26	[false,false,false,false]
Nehemiah 9:27	[false,false,false,false,false]
Nehemiah 9:28	[false,false,false,false,false,false]
Nehemiah 9:29	[false,false,false,false]
Nehemiah 9:30	[false,false,false,false]
Nehemiah 9:31	[false,false,false,false]
Nehemiah 9:32	[false]
Nehemiah 9:33	[false,false]
Nehemiah 9:34	[false,false,false]
Nehemiah 9:35	[false,false,false]
Nehemiah 9:36	[false]
Nehemiah 9:37	[false]
Nehemiah 9:38	[]
Nehemiah 10:1	[]
Nehemiah 10:2	[]
Nehemiah 10:3	[]
Nehemiah 10:4	[]
Nehemiah 10:5	[]
Nehemiah 10:6	[]
Nehemiah 10:7	[]
Nehemiah 10:8	[]
Nehemiah 10:9	[]
Nehemiah 10:10	[]
Nehemiah 10:11	[]
Nehemiah 10:12	[]
Nehemiah 10:13	[]
Nehemiah 10:14	[]
Nehemiah 10:15	[]
Nehemiah 10:16	[]
Nehemiah 10:17	[]
Nehemiah 10:18	[]
Nehemiah 10:19	[]
Nehemiah 10:20	[]
Nehemiah 10:21	[]
Nehemiah 10:22	[]
Nehemiah 10:23	[]
Nehemiah 10:24	[]
Nehemiah 10:25	[]
Nehemiah 10:26	[]
Nehemiah 10:27	[]
Nehemiah 10:28	[]
Nehemiah 10:29	[]
Nehemiah 10:30	[]
Nehemiah 10:31	[]
Nehemiah 10:32	[]
Nehemiah 10:33	[]
Nehemiah 10:34	[]
Nehemiah 10:35	[]
Nehemiah 10:36	[]
Nehemiah 10:37	[]
Nehemiah 10:38	[]
Nehemiah 10:39	[]
Nehemiah 11:1	[]
Nehemiah 11:2	[]
Nehemiah 11:3	[]
Nehemiah 11:4	[]
Nehemiah 11:5	[]
Nehemiah 11:6	[]
Nehemiah 11:7	[]
Nehemiah 11:8	[]
Nehemiah 11:9	[]
Nehemiah 11:10	[]
Nehemiah 11:11	[]
Nehemiah 11:12	[]
Nehemiah 11:13	[]
Nehemiah 11:14	[]
Nehemiah 11:15	[]
Nehemiah 11:16	[]
Nehemiah 11:17	[]
Nehemiah 11:18	[]
Nehemiah 11:19	[]
Nehemiah 11:20	[]
Nehemiah 11:21	[]
Nehemiah 11:22	[]
Nehemiah 11:23	[]
Nehemiah 11:24	[]
Nehemiah 11:25	[]
Nehemiah 11:26	[]
Nehemiah 11:27	[]
Nehemiah 11:28	[]
Nehemiah 11:29	[]
Nehemiah 11:30	[]
Nehemiah 11:31	[]
Nehemiah 11:32	[]
Nehemiah 11:33	[]
Nehemiah 11:34	[]
Nehemiah 11:35	[]
Nehemiah 11:36	[]
Nehemiah 12:1	[]
Nehemiah 12:2	[]
Nehemiah 12:3	[]
Nehemiah 12:4	[]
Nehemiah 12:5	[]
Nehemiah 12:6	[]
Nehemiah 12:7	[]
Nehemiah 12:8	[]
Nehemiah 12:9	[]
Nehemiah 12:10	[]
Nehemiah 12:11	[]
Nehemiah 12:12	[]
Nehemiah 12:13	[]
Nehemiah 12:14	[]
Nehemiah 12:15	[]
Nehemiah 12:16	[]
Nehemiah 12:17	[]
Nehemiah 12:18	[]
Nehemiah 12:19	[]
Nehemiah 12:20	[]
Nehemiah 12:21	[]
Nehemiah 12:22	[]
Nehemiah 12:23	[]
Nehemiah 12:24	[]
Nehemiah 12:25	[]
Nehemiah 12:26	[]
Nehemiah 12:27	[]
Nehemiah 12:28	[]
Nehemiah 12:29	[]
Nehemiah 12:30	[]
Nehemiah 12:31	[]
Nehemiah 12:32	[]
Nehemiah 12:33	[]
Nehemiah 12:34	[]
Nehemiah 12:35	[]
Nehemiah 12:36	[]
Nehemiah 12:37	[]
Nehemiah 12:38	[]
Nehemiah 12:39	[]
Nehemiah 12:40	[]
Nehemiah 12:41	[]
Nehemiah 12:42	[]
Nehemiah 12:43	[]
Nehemiah 12:44	[]
Nehemiah 12:45	[]
Nehemiah 12:46	[]
Nehemiah 12:47	[]
Nehemiah 13:1	[]
Nehemiah 13:2	[]
Nehemiah 13:3	[]
Nehemiah 13:4	[]
Nehemiah 13:5	[]
Nehemiah 13:6	[]
Nehemiah 13:7	[]
Nehemiah 13:8	[]
Nehemiah 13:9	[]
Nehemiah 13:10	[]
Nehemiah 13:11	[]
Nehemiah 13:12	[]
Nehemiah 13:13	[]
Nehemiah 13:14	[]
Nehemiah 13:15	[]
Nehemiah 13:16	[]
Nehemiah 13:17	[true]
Nehemiah 13:18	[true,true]
Nehemiah 13:19	[]
Nehemiah 13:20	[]
Nehemiah 13:21	[true,true,true]
Nehemiah 13:22	[false]
Nehemiah 13:23	[]
Nehemiah 13:24	[]
Nehemiah 13:25	[true,true,true,true]
Nehemiah 13:26	[]
Nehemiah 13:27	[false]
Nehemiah 13:28	[]
Nehemiah 13:29	[]
Nehemiah 13:30	[]
Nehemiah 13:31	[]
Esther 1:1	[]
Esther 1:2	[]
Esther 1:3	[]
Esther 1:4	[]
Esther 1:5	[]
Esther 1:6	[]
Esther 1:7	[]
Esther 1:8	[]
Esther 1:9	[]
Esther 1:10	[]
Esther 1:11	[]
Esther 1:12	[]
Esther 1:13	[]
Esther 1:14	[]
Esther 1:15	[]
Esther 1:16	[]
Esther 1:17	[]
Esther 1:18	[]
Esther 1:19	[]
Esther 1:20	[]
Esther 1:21	[]
Esther 1:22	[]
Esther 2:1	[]
Esther 2:2	[]
Esther 2:3	[]
Esther 2:4	[]
Esther 2:5	[]
Esther 2:6	[]
Esther 2:7	[]
Esther 2:8	[]
Esther 2:9	[]
Esther 2:10	[]
Esther 2:11	[]
Esther 2:12	[]
Esther 2:13	[]
Esther 2:14	[]
Esther 2:15	[]
Esther 2:16	[]
Esther 2:17	[]
Esther 2:18	[]
Esther 2:19	[]
Esther 2:20	[]
Esther 2:21	[]
Esther 2:22	[]
Esther 2:23	[]
Esther 3:1	[]
Esther 3:2	[]
Esther 3:3	[false]
Esther 3:4	[]
Esther 3:5	[]
Esther 3:6	[]
Esther 3:7	[]
Esther 3:8	[false]
Esther 3:9	[]
Esther 3:10	[]
Esther 3:11	[false,false,false]
Esther 3:12	[]
Esther 3:13	[]
Esther 3:14	[]
Esther 3:15	[]
Esther 4:1	[]
Esther 4:2	[]
Esther 4:3	[]
Esther 4:4	[]
Esther 4:5	[]
Esther 4:6	[]
Esther 4:7	[]
Esther 4:8	[]
Esther 4:9	[]
Esther 4:10	[]
Esther 4:11	[]
Esther 4:12	[]
Esther 4:13	[false,false]
Esther 4:14	[false,false,false,false]
Esther 4:15	[]
Esther 4:16	[false]
Esther 4:17	[]
Esther 5:1	[]
Esther 5:2	[]
Esther 5:3	[false,false]
Esther 5:4	[]
Esther 5:5	[]
Esther 5:6	[false,false,false]
Esther 5:7	[]
Esther 5:8	[]
Esther 5:9	[]
Esther 5:10	[]
Esther 5:11	[]
Esther 5:12	[]
Esther 5:13	[]
Esther 5:14	[false]
Esther 6:1	[]
Esther 6:2	[]
Esther 6:3	[]
Esther 6:4	[]
Esther 6:5	[]
Esther 6:6	[]
Esther 6:7	[]
Esther 6:8	[]
Esther 6:9	[]
Esther 6:10	[false,false]
Esther 6:11	[]
Esther 6:12	[]
Esther 6:13	[false,false,false]
Esther 6:14	[]
Esther 7:1	[]
Esther 7:2	[false,false,false]
Esther 7:3	[false]
Esther 7:4	[]
Esther 7:5	[]
Esther 7:6	[]
Esther 7:7	[]
Esther 7:8	[]
Esther 7:9	[]
Esther 7:10	[]
Esther 8:1	[]
Esther 8:2	[]
Esther 8:3	[]
Esther 8:4	[]
Esther 8:5	[]
Esther 8:6	[]
Esther 8:7	[]
Esther 8:8	[true,true]
Esther 8:9	[]
Esther 8:10	[]
Esther 8:11	[]
Esther 8:12	[]
Esther 8:13	[]
Esther 8:14	[]
Esther 8:15	[]
Esther 8:16	[]
Esther 8:17	[]
Esther 9:1	[]
Esther 9:2	[]
Esther 9:3	[]
Esther 9:4	[]
Esther 9:5	[]
Esther 9:6	[]
Esther 9:7	[]
Esther 9:8	[]
Esther 9:9	[]
Esther 9:10	[]
Esther 9:11	[]
Esther 9:12	[false,false,false]
Esther 9:13	[]
Esther 9:14	[]
Esther 9:15	[]
Esther 9:16	[]
Esther 9:17	[]
Esther 9:18	[]
Esther 9:19	[]
Esther 9:20	[]
Esther 9:21	[]
Esther 9:22	[]
Esther 9:23	[]
Esther 9:24	[]
Esther 9:25	[]
Esther 9:26	[]
Esther 9:27	[]
Esther 9:28	[]
Esther 9:29	[]
Esther 9:30	[]
Esther 9:31	[]
Esther 9:32	[]
Esther 10:1	[]
Esther 10:2	[]
Esther 10:3	[]
Job 1:1	[]
Job 1:2	[]
Job 1:3	[]
Job 1:4	[]
Job 1:5	[]
Job 1:6	[]
Job 1:7	[false]
Job 1:8	[false]
Job 1:9	[]
Job 1:10	[false,false]
Job 1:11	[false,false,false]
Job 1:12	[false,false]
Job 1:13	[]
Job 1:14	[]
Job 1:15	[false]
Job 1:16	[false]
Job 1:17	[false]
Job 1:18	[false]
Job 1:19	[false]
Job 1:20	[]
Job 1:21	[]
Job 1:22	[]
Job 2:1	[]
Job 2:2	[false]
Job 2:3	[false,false]
Job 2:4	[]
Job 2:5	[false,false,false]
Job 2:6	[false,false]
Job 2:7	[]
Job 2:8	[]
Job 2:9	[false,false]
Job 2:10	[false]
Job 2:11	[]
Job 2:12	[]
Job 2:13	[]
Job 3:1	[]
Job 3:2	[]
Job 3:3	[]
Job 3:4	[]
Job 3:5	[]
Job 3:6	[]
Job 3:7	[]
Job 3:8	[]
Job 3:9	[]
Job 3:10	[]
Job 3:11	[]
Job 3:12	[]
Job 3:13	[]
Job 3:14	[]
Job 3:15	[]
Job 3:16	[]
Job 3:17	[]
Job 3:18	[]
Job 3:19	[]
Job 3:20	[]
Job 3:21	[]
Job 3:22	[]
Job 3:23	[]
Job 3:24	[]
Job 3:25	[]
Job 3:26	[]
Job 4:1	[]
Job 4:2	[false,false]
Job 4:3	[false]
Job 4:4	[false,false]
Job 4:5	[false,false,false,false]
Job 4:6	[false,false,false,false]
Job 4:7	[]
Job 4:8	[]
Job 4:9	[]
Job 4:10	[]
Job 4:11	[]
Job 4:12	[]
Job 4:13	[]
Job 4:14	[]
Job 4:15	[]
Job 4:16	[]
Job 4:17	[]
Job 4:18	[]
Job 4:19	[]
Job 4:20	[]
Job 4:21	[]
Job 5:1	[false,false]
Job 5:2	[]
Job 5:3	[]
Job 5:4	[]
Job 5:5	[]
Job 5:6	[]
Job 5:7	[]
Job 5:8	[false]
Job 5:9	[]
Job 5:10	[]
Job 5:11	[]
Job 5:12	[]
Job 5:13	[]
Job 5:14	[]
Job 5:15	[]
Job 5:16	[]
Job 5:17	[]
Job 5:18	[]
Job 5:19	[false,false]
Job 5:20	[false]
Job 5:21	[false]
Job 5:22	[false]
Job 5:23	[false,false]
Job 5:24	[false,false,false]
Job 5:25	[false,false,false]
Job 5:26	[false]
Job 5:27	[false]
Job 6:1	[]
Job 6:2	[]
Job 6:3	[]
Job 6:4	[]
Job 6:5	[]
Job 6:6	[]
Job 6:7	[]
Job 6:8	[]
Job 6:9	[]
Job 6:10	[]
Job 6:11	[]
Job 6:12	[]
Job 6:13	[]
Job 6:14	[]
Job 6:15	[]
Job 6:16	[]
Job 6:17	[]
Job 6:18	[]
Job 6:19	[]
Job 6:20	[]
Job 6:21	[true,true,true]
Job 6:22	[true]
Job 6:23	[]
Job 6:24	[]
Job 6:25	[false]
Job 6:26	[true]
Job 6:27	[true,true]
Job 6:28	[true]
Job 6:29	[]
Job 6:30	[]
Job 7:1	[]
Job 7:2	[]
Job 7:3	[]
Job 7:4	[]
Job 7:5	[]
Job 7:6	[]
Job 7:7	[]
Job 7:8	[false]
Job 7:9	[]
Job 7:10	[]
Job 7:11	[]
Job 7:12	[false]
Job 7:13	[]
Job 7:14	[false]
Job 7:15	[]
Job 7:16	[]
Job 7:17	[false,false,false]
Job 7:18	[false]
Job 7:19	[false]
Job 7:20	[false,false,false,false]
Job 7:21	[false,false]
Job 8:1	[]
Job 8:2	[false,false]
Job 8:3	[]
Job 8:4	[false]
Job 8:5	[false]
Job 8:6	[false,false,false]
Job 8:7	[false,false]
Job 8:8	[]
Job 8:9	[]
Job 8:10	[false,false]
Job 8:11	[]
Job 8:12	[]
Job 8:13	[]
Job 8:14	[]
Job 8:15	[]
Job 8:16	[]
Job 8:17	[]
Job 8:18	[false]
Job 8:19	[]
Job 8:20	[]
Job 8:21	[false,false]
Job 8:22	[false]
Job 9:1	[]
Job 9:2	[]
Job 9:3	[]
Job 9:4	[]
Job 9:5	[]
Job 9:6	[]
Job 9:7	[]
Job 9:8	[]
Job 9:9	[]
Job 9:10	[]
Job 9:11	[]
Job 9:12	[false]
Job 9:13	[]
Job 9:14	[]
Job 9:15	[]
Job 9:16	[]
Job 9:17	[]
Job 9:18	[]
Job 9:19	[]
Job 9:20	[]
Job 9:21	[]
Job 9:22	[]
Job 9:23	[]
Job 9:24	[]
Job 9:25	[]
Job 9:26	[]
Job 9:27	[]
Job 9:28	[false]
Job 9:29	[]
Job 9:30	[]
Job 9:31	[false]
Job 9:32	[]
Job 9:33	[]
Job 9:34	[]
Job 9:35	[]
Job 10:1	[]
Job 10:2	[false]
Job 10:3	[false,false]
Job 10:4	[false,false]
Job 10:5	[false,false]
Job 10:6	[false]
Job 10:7	[false,false]
Job 10:8	[false,false]
Job 10:9	[false,false]
Job 10:10	[false]
Job 10:11	[false]
Job 10:12	[false,false]
Job 10:13	[false,false,false]
Job 10:14	[false]
Job 10:15	[]
Job 10:16	[false,false]
Job 10:17	[false,false]
Job 10:18	[false]
Job 10:19	[]
Job 10:20	[]
Job 10:21	[]
Job 10:22	[]
Job 11:1	[]
Job 11:2	[]
Job 11:3	[false,false]
Job 11:4	[false,false]
Job 11:5	[false]
Job 11:6	[false,false,false]
Job 11:7	[false]
Job 11:8	[false,false]
Job 11:9	[]
Job 11:10	[false]
Job 11:11	[]
Job 11:12	[]
Job 11:13	[false,false,false,false]
Job 11:14	[false,false,false]
Job 11:15	[false,false,false]
Job 11:16	[false,false]
Job 11:17	[false]
Job 11:18	[false,false]
Job 11:19	[false,false]
Job 11:20	[]
Job 12:1	[]
Job 12:2	[true]
Job 12:3	[true]
Job 12:4	[]
Job 12:5	[]
Job 12:6	[]
Job 12:7	[false,false]
Job 12:8	[false,false]
Job 12:9	[]
Job 12:10	[]
Job 12:11	[]
Job 12:12	[]
Job 12:13	[]
Job 12:14	[]
Job 12:15	[]
Job 12:16	[]
Job 12:17	[]
Job 12:18	[]
Job 12:19	[]
Job 12:20	[]
Job 12:21	[]
Job 12:22	[]
Job 12:23	[]
Job 12:24	[]
Job 12:25	[]
Job 13:1	[]
Job 13:2	[true,true]
Job 13:3	[]
Job 13:4	[true,true]
Job 13:5	[true,true]
Job 13:6	[]
Job 13:7	[true]
Job 13:8	[false]
Job 13:9	[true,true,true]
Job 13:10	[true,true]
Job 13:11	[true,true]
Job 13:12	[true,true]
Job 13:13	[]
Job 13:14	[]
Job 13:15	[]
Job 13:16	[]
Job 13:17	[true]
Job 13:18	[]
Job 13:19	[]
Job 13:20	[false]
Job 13:21	[false,false]
Job 13:22	[false]
Job 13:23	[]
Job 13:24	[false,false,false]
Job 13:25	[false,false]
Job 13:26	[false]
Job 13:27	[false,false]
Job 13:28	[]
Job 14:1	[]
Job 14:2	[]
Job 14:3	[false,false,false,false]
Job 14:4	[]
Job 14:5	[false,false]
Job 14:6	[]
Job 14:7	[]
Job 14:8	[]
Job 14:9	[]
Job 14:10	[]
Job 14:11	[]
Job 14:12	[]
Job 14:13	[false,false,false]
Job 14:14	[]
Job 14:15	[false,false,false]
Job 14:16	[false]
Job 14:17	[false]
Job 14:18	[]
Job 14:19	[false]
Job 14:20	[false,false]
Job 14:21	[]
Job 14:22	[]
Job 15:1	[]
Job 15:2	[]
Job 15:3	[]
Job 15:4	[false]
Job 15:5	[false,false,false]
Job 15:6	[false,false,false,false]
Job 15:7	[false,false]
Job 15:8	[false,false]
Job 15:9	[false,false]
Job 15:10	[false]
Job 15:11	[false,false]
Job 15:12	[false,false,false]
Job 15:13	[false,false,false]
Job 15:14	[]
Job 15:15	[]
Job 15:16	[]
Job 15:17	[false]
Job 15:18	[]
Job 15:19	[]
Job 15:20	[]
Job 15:21	[]
Job 15:22	[]
Job 15:23	[]
Job 15:24	[]
Job 15:25	[]
Job 15:26	[]
Job 15:27	[]
Job 15:28	[]
Job 15:29	[]
Job 15:30	[]
Job 15:31	[]
Job 15:32	[]
Job 15:33	[]
Job 15:34	[]
Job 15:35	[]
Job 16:1	[]
Job 16:2	[true]
Job 16:3	[false,false]
Job 16:4	[true,true,true,true]
Job 16:5	[true]
Job 16:6	[]
Job 16:7	[false]
Job 16:8	[false]
Job 16:9	[]
Job 16:10	[]
Job 16:11	[]
Job 16:12	[]
Job 16:13	[]
Job 16:14	[]
Job 16:15	[]
Job 16:16	[]
Job 16:17	[]
Job 16:18	[]
Job 16:19	[]
Job 16:20	[]
Job 16:21	[]
Job 16:22	[]
Job 17:1	[]
Job 17:2	[]
Job 17:3	[false]
Job 17:4	[false,false]
Job 17:5	[]
Job 17:6	[]
Job 17:7	[]
Job 17:8	[]
Job 17:9	[]
Job 17:10	[true,true]
Job 17:11	[]
Job 17:12	[]
Job 17:13	[]
Job 17:14	[false]
Job 17:15	[]
Job 17:16	[]
Job 18:1	[]
Job 18:2	[true]
Job 18:3	[true]
Job 18:4	[false,false,false]
Job 18:5	[]
Job 18:6	[]
Job 18:7	[]
Job 18:8	[]
Job 18:9	[]
Job 18:10	[]
Job 18:11	[]
Job 18:12	[]
Job 18:13	[]
Job 18:14	[]
Job 18:15	[]
Job 18:16	[]
Job 18:17	[]
Job 18:18	[]
Job 18:19	[]
Job 18:20	[]
Job 18:21	[]
Job 19:1	[]
Job 19:2	[true,true]
Job 19:3	[true,true]
Job 19:4	[]
Job 19:5	[true,true]
Job 19:6	[]
Job 19:7	[]
Job 19:8	[]
Job 19:9	[]
Job 19:10	[]
Job 19:11	[]
Job 19:12	[]
Job 19:13	[]
Job 19:14	[]
Job 19:15	[]
Job 19:16	[]
Job 19:17	[]
Job 19:18	[]
Job 19:19	[]
Job 19:20	[]
Job 19:21	[]
Job 19:22	[true,true]
Job 19:23	[]
Job 19:24	[]
Job 19:25	[]
Job 19:26	[]
Job 19:27	[]
Job 19:28	[true]
Job 19:29	[true,true,true]
Job 20:1	[]
Job 20:2	[]
Job 20:3	[]
Job 20:4	[false]
Job 20:5	[]
Job 20:6	[]
Job 20:7	[]
Job 20:8	[]
Job 20:9	[]
Job 20:10	[]
Job 20:11	[]
Job 20:12	[]
Job 20:13	[]
Job 20:14	[]
Job 20:15	[]
Job 20:16	[]
Job 20:17	[]
Job 20:18	[]
Job 20:19	[]
Job 20:20	[]
Job 20:21	[]
Job 20:22	[]
Job 20:23	[]
Job 20:24	[]
Job 20:25	[]
Job 20:26	[]
Job 20:27	[]
Job 20:28	[]
Job 20:29	[]
Job 21:1	[]
Job 21:2	[true]
Job 21:3	[false]
Job 21:4	[]
Job 21:5	[false,false]
Job 21:6	[]
Job 21:7	[]
Job 21:8	[]
Job 21:9	[]
Job 21:10	[]
Job 21:11	[]
Job 21:12	[]
Job 21:13	[]
Job 21:14	[false]
Job 21:15	[]
Job 21:16	[]
Job 21:17	[]
Job 21:18	[]
Job 21:19	[]
Job 21:20	[]
Job 21:21	[]
Job 21:22	[]
Job 21:23	[]
Job 21:24	[]
Job 21:25	[]
Job 21:26	[]
Job 21:27	[true,true]
Job 21:28	[true]
Job 21:29	[false,false]
Job 21:30	[]
Job 21:31	[]
Job 21:32	[]
Job 21:33	[]
Job 21:34	[true,true]
Job 22:1	[]
Job 22:2	[]
Job 22:3	[false,false]
Job 22:4	[false,false,false]
Job 22:5	[false,false]
Job 22:6	[false,false]
Job 22:7	[false]
Job 22:8	[]
Job 22:9	[false]
Job 22:10	[false,false]
Job 22:11	[false,false]
Job 22:12	[]
Job 22:13	[false]
Job 22:14	[]
Job 22:15	[false]
Job 22:16	[]
Job 22:17	[]
Job 22:18	[]
Job 22:19	[]
Job 22:20	[]
Job 22:21	[false]
Job 22:22	[false]
Job 22:23	[false,false,false,false]
Job 22:24	[false]
Job 22:25	[false,false]
Job 22:26	[false,false]
Job 22:27	[false,false,false,false]
Job 22:28	[false,false]
Job 22:29	[false]
Job 22:30	[false]
Job 23:1	[]
Job 23:2	[]
Job 23:3	[]
Job 23:4	[]
Job 23:5	[]
Job 23:6	[]
Job 23:7	[]
Job 23:8	[]
Job 23:9	[]
Job 23:10	[]
Job 23:11	[]
Job 23:12	[]
Job 23:13	[]
Job 23:14	[]
Job 23:15	[]
Job 23:16	[]
Job 23:17	[]
Job 24:1	[]
Job 24:2	[]
Job 24:3	[]
Job 24:4	[]
Job 24:5	[]
Job 24:6	[]
Job 24:7	[]
Job 24:8	[]
Job 24:9	[]
Job 24:10	[]
Job 24:11	[]
Job 24:12	[]
Job 24:13	[]
Job 24:14	[]
Job 24:15	[]
Job 24:16	[]
Job 24:17	[]
Job 24:18	[]
Job 24:19	[]
Job 24:20	[]
Job 24:21	[]
Job 24:22	[]
Job 24:23	[]
Job 24:24	[]
Job 24:25	[]
Job 25:1	[]
Job 25:2	[]
Job 25:3	[]
Job 25:4	[]
Job 25:5	[]
Job 25:6	[]
Job 26:1	[]
Job 26:2	[false]
Job 26:3	[false]
Job 26:4	[false,false]
Job 26:5	[]
Job 26:6	[]
Job 26:7	[]
Job 26:8	[]
Job 26:9	[]
Job 26:10	[]
Job 26:11	[]
Job 26:12	[]
Job 26:13	[]
Job 26:14	[]
Job 27:1	[]
Job 27:2	[]
Job 27:3	[]
Job 27:4	[]
Job 27:5	[false]
Job 27:6	[]
Job 27:7	[]
Job 27:8	[]
Job 27:9	[]
Job 27:10	[]
Job 27:11	[true]
Job 27:12	[true,true,true]
Job 27:13	[]
Job 27:14	[]
Job 27:15	[]
Job 27:16	[]
Job 27:17	[]
Job 27:18	[]
Job 27:19	[]
Job 27:20	[]
Job 27:21	[]
Job 27:22	[]
Job 27:23	[]
Job 28:1	[]
Job 28:2	[]
Job 28:3	[]
Job 28:4	[]
Job 28:5	[]
Job 28:6	[]
Job 28:7	[]
Job 28:8	[]
Job 28:9	[]
Job 28:10	[]
Job 28:11	[]
Job 28:12	[]
Job 28:13	[]
Job 28:14	[]
Job 28:15	[]
Job 28:16	[]
Job 28:17	[]
Job 28:18	[]
Job 28:19	[]
Job 28:20	[]
Job 28:21	[]
Job 28:22	[]
Job 28:23	[]
Job 28:24	[]
Job 28:25	[]
Job 28:26	[]
Job 28:27	[]
Job 28:28	[]
Job 29:1	[]
Job 29:2	[]
Job 29:3	[]
Job 29:4	[]
Job 29:5	[]
Job 29:6	[]
Job 29:7	[]
Job 29:8	[]
Job 29:9	[]
Job 29:10	[]
Job 29:11	[]
Job 29:12	[]
Job 29:13	[]
Job 29:14	[]
Job 29:15	[]
Job 29:16	[]
Job 29:17	[]
Job 29:18	[]
Job 29:19	[]
Job 29:20	[]
Job 29:21	[]
Job 29:22	[]
Job 29:23	[]
Job 29:24	[]
Job 29:25	[]
Job 30:1	[]
Job 30:2	[]
Job 30:3	[]
Job 30:4	[]
Job 30:5	[]
Job 30:6	[]
Job 30:7	[]
Job 30:8	[]
Job 30:9	[]
Job 30:10	[]
Job 30:11	[]
Job 30:12	[]
Job 30:13	[]
Job 30:14	[]
Job 30:15	[]
Job 30:16	[]
Job 30:17	[]
Job 30:18	[]
Job 30:19	[]
Job 30:20	[false,false,false]
Job 30:21	[false,false,false]
Job 30:22	[false,false]
Job 30:23	[false]
Job 30:24	[]
Job 30:25	[]
Job 30:26	[]
Job 30:27	[]
Job 30:28	[]
Job 30:29	[]
Job 30:30	[]
Job 30:31	[]
Job 31:1	[]
Job 31:2	[]
Job 31:3	[]
Job 31:4	[]
Job 31:5	[]
Job 31:6	[]
Job 31:7	[]
Job 31:8	[]
Job 31:9	[]
Job 31:10	[]
Job 31:11	[]
Job 31:12	[]
Job 31:13	[]
Job 31:14	[]
Job 31:15	[]
Job 31:16	[]
Job 31:17	[]
Job 31:18	[]
Job 31:19	[]
Job 31:20	[]
Job 31:21	[]
Job 31:22	[]
Job 31:23	[]
Job 31:24	[]
Job 31:25	[]
Job 31:26	[]
Job 31:27	[]
Job 31:28	[]
Job 31:29	[]
Job 31:30	[]
Job 31:31	[]
Job 31:32	[]
Job 31:33	[]
Job 31:34	[]
Job 31:35	[]
Job 31:36	[]
Job 31:37	[]
Job 31:38	[]
Job 31:39	[]
Job 31:40	[]
Job 32:1	[]
Job 32:2	[]
Job 32:3	[]
Job 32:4	[]
Job 32:5	[]
Job 32:6	[true,true]
Job 32:7	[]
Job 32:8	[]
Job 32:9	[]
Job 32:10	[]
Job 32:11	[true,true,true]
Job 32:12	[false,false]
Job 32:13	[]
Job 32:14	[true]
Job 32:15	[]
Job 32:16	[]
Job 32:17	[]
Job 32:18	[]
Job 32:19	[]
Job 32:20	[]
Job 32:21	[]
Job 32:22	[]
Job 33:1	[]
Job 33:2	[]
Job 33:3	[]
Job 33:4	[]
Job 33:5	[false,false]
Job 33:6	[false]
Job 33:7	[false,false]
Job 33:8	[false]
Job 33:9	[]
Job 33:10	[]
Job 33:11	[]
Job 33:12	[false,false]
Job 33:13	[false]
Job 33:14	[]
Job 33:15	[]
Job 33:16	[]
Job 33:17	[]
Job 33:18	[]
Job 33:19	[]
Job 33:20	[]
Job 33:21	[]
Job 33:22	[]
Job 33:23	[]
Job 33:24	[]
Job 33:25	[]
Job 33:26	[]
Job 33:27	[]
Job 33:28	[]
Job 33:29	[]
Job 33:30	[]
Job 33:31	[]
Job 33:32	[false,false]
Job 33:33	[false]
Job 34:1	[]
Job 34:2	[]
Job 34:3	[]
Job 34:4	[]
Job 34:5	[]
Job 34:6	[]
Job 34:7	[]
Job 34:8	[]
Job 34:9	[]
Job 34:10	[]
Job 34:11	[]
Job 34:12	[]
Job 34:13	[]
Job 34:14	[]
Job 34:15	[]
Job 34:16	[false]
Job 34:17	[false]
Job 34:18	[false,false]
Job 34:19	[]
Job 34:20	[]
Job 34:21	[]
Job 34:22	[]
Job 34:23	[]
Job 34:24	[]
Job 34:25	[]
Job 34:26	[]
Job 34:27	[]
Job 34:28	[]
Job 34:29	[]
Job 34:30	[]
Job 34:31	[]
Job 34:32	[]
Job 34:33	[false,false,false,false,false]
Job 34:34	[]
Job 34:35	[]
Job 34:36	[]
Job 34:37	[]
Job 35:1	[]
Job 35:2	[false,false]
Job 35:3	[false]
Job 35:4	[false,false]
Job 35:5	[false]
Job 35:6	[false,false,false,false,false]
Job 35:7	[false,false,false]
Job 35:8	[false,false,false]
Job 35:9	[]
Job 35:10	[]
Job 35:11	[]
Job 35:12	[]
Job 35:13	[]
Job 35:14	[false,false,false,false]
Job 35:15	[]
Job 35:16	[]
Job 36:1	[]
Job 36:2	[false]
Job 36:3	[]
Job 36:4	[false]
Job 36:5	[]
Job 36:6	[]
Job 36:7	[]
Job 36:8	[]
Job 36:9	[]
Job 36:10	[]
Job 36:11	[]
Job 36:12	[]
Job 36:13	[]
Job 36:14	[]
Job 36:15	[]
Job 36:16	[false]
Job 36:17	[false,false]
Job 36:18	[false,false]
Job 36:19	[false,false,false]
Job 36:20	[]
Job 36:21	[false]
Job 36:22	[]
Job 36:23	[false]
Job 36:24	[]
Job 36:25	[]
Job 36:26	[]
Job 36:27	[]
Job 36:28	[]
Job 36:29	[]
Job 36:30	[]
Job 36:31	[]
Job 36:32	[]
Job 36:33	[]
Job 37:1	[]
Job 37:2	[]
Job 37:3	[]
Job 37:4	[]
Job 37:5	[]
Job 37:6	[]
Job 37:7	[]
Job 37:8	[]
Job 37:9	[]
Job 37:10	[]
Job 37:11	[]
Job 37:12	[]
Job 37:13	[]
Job 37:14	[]
Job 37:15	[false]
Job 37:16	[false]
Job 37:17	[false]
Job 37:18	[false]
Job 37:19	[]
Job 37:20	[]
Job 37:21	[]
Job 37:22	[]
Job 37:23	[]
Job 37:24	[]
Job 38:1	[]
Job 38:2	[]
Job 38:3	[false,false,false]
Job 38:4	[false,false]
Job 38:5	[false]
Job 38:6	[]
Job 38:7	[]
Job 38:8	[]
Job 38:9	[]
Job 38:10	[]
Job 38:11	[false,false]
Job 38:12	[false,false]
Job 38:13	[]
Job 38:14	[]
Job 38:15	[]
Job 38:16	[false]
Job 38:17	[false,false]
Job 38:18	[false,false]
Job 38:19	[false]
Job 38:20	[false,false]
Job 38:21	[false,false,false]
Job 38:22	[false]
Job 38:23	[]
Job 38:24	[]
Job 38:25	[]
Job 38:26	[]
Job 38:27	[]
Job 38:28	[]
Job 38:29	[]
Job 38:30	[]
Job 38:31	[false]
Job 38:32	[false]
Job 38:33	[false,false]
Job 38:34	[false,false]
Job 38:35	[false,false]
Job 38:36	[]
Job 38:37	[]
Job 38:38	[]
Job 38:39	[false]
Job 38:40	[]
Job 38:41	[]
Job 39:1	[false,false]
Job 39:2	[false,false]
Job 39:3	[]
Job 39:4	[]
Job 39:5	[]
Job 39:6	[]
Job 39:7	[]
Job 39:8	[]
Job 39:9	[false,false]
Job 39:10	[false,false]
Job 39:11	[false,false,false]
Job 39:12	[false,false,false]
Job 39:13	[]
Job 39:14	[]
Job 39:15	[]
Job 39:16	[]
Job 39:17	[]
Job 39:18	[]
Job 39:19	[false]
Job 39:20	[false]
Job 39:21	[]
Job 39:22	[]
Job 39:23	[]
Job 39:24	[]
Job 39:25	[]
Job 39:26	[false]
Job 39:27	[false]
Job 39:28	[]
Job 39:29	[]
Job 39:30	[]
Job 40:1	[]
Job 40:2	[]
Job 40:3	[]
Job 40:4	[false]
Job 40:5	[]
Job 40:6	[]
Job 40:7	[false,false,false]
Job 40:8	[false,false,false]
Job 40:9	[false,false]
Job 40:10	[false,false]
Job 40:11	[false]
Job 40:12	[]
Job 40:13	[]
Job 40:14	[false,false,false]
Job 40:15	[false]
Job 40:16	[]
Job 40:17	[]
Job 40:18	[]
Job 40:19	[]
Job 40:20	[]
Job 40:21	[]
Job 40:22	[]
Job 40:23	[]
Job 40:24	[]
Job 41:1	[false]
Job 41:2	[false]
Job 41:3	[false,false]
Job 41:4	[false]
Job 41:5	[false,false]
Job 41:6	[]
Job 41:7	[false]
Job 41:8	[false,false]
Job 41:9	[]
Job 41:10	[]
Job 41:11	[]
Job 41:12	[]
Job 41:13	[]
Job 41:14	[]
Job 41:15	[]
Job 41:16	[]
Job 41:17	[]
Job 41:18	[]
Job 41:19	[]
Job 41:20	[]
Job 41:21	[]
Job 41:22	[]
Job 41:23	[]
Job 41:24	[]
Job 41:25	[]
Job 41:26	[]
Job 41:27	[]
Job 41:28	[]
Job 41:29	[]
Job 41:30	[]
Job 41:31	[]
Job 41:32	[]
Job 41:33	[]
Job 41:34	[]
Job 42:1	[]
Job 42:2	[false,false]
Job 42:3	[false]
Job 42:4	[false,false,false]
Job 42:5	[false,false]
Job 42:6	[]
Job 42:7	[false,false,false]
Job 42:8	[true,true,true,true,true]
Job 42:9	[]
Job 42:10	[]
Job 42:11	[]
Job 42:12	[]
Job 42:13	[]
Job 42:14	[]
Job 42:15	[]
Job 42:16	[]
Job 42:17	[]
Psalm 1:1	[]
Psalm 1:2	[]
Psalm 1:3	[]
Psalm 1:4	[]
Psalm 1:5	[]
Psalm 1:6	[]
Psalm 2:1	[]
Psalm 2:2	[]
Psalm 2:3	[]
Psalm 2:4	[]
Psalm 2:5	[]
Psalm 2:6	[]
Psalm 2:7	[false,false]
Psalm 2:8	[false,false]
Psalm 2:9	[false,false]
Psalm 2:10	[]
Psalm 2:11	[]
Psalm 2:12	[true,true]
Psalm 3:1	[]
Psalm 3:2	[]
Psalm 3:3	[false]
Psalm 3:4	[]
Psalm 3:5	[]
Psalm 3:6	[]
Psalm 3:7	[]
Psalm 3:8	[false,false]
Psalm 4:1	[false]
Psalm 4:2	[true]
Psalm 4:3	[]
Psalm 4:4	[true,true]
Psalm 4:5	[]
Psalm 4:6	[false]
Psalm 4:7	[false]
Psalm 4:8	[false]
Psalm 5:1	[]
Psalm 5:2	[false]
Psalm 5:3	[false,false]
Psalm 5:4	[false,false]
Psalm 5:5	[false,false]
Psalm 5:6	[false]
Psalm 5:7	[false,false,false]
Psalm 5:8	[false,false]
Psalm 5:9	[]
Psalm 5:10	[false]
Psalm 5:11	[false,false,false,false]
Psalm 5:12	[false,false,false]
Psalm 6:1	[false,false]
Psalm 6:2	[]
Psalm 6:3	[]
Psalm 6:4	[false]
Psalm 6:5	[false,false]
Psalm 6:6	[]
Psalm 6:7	[]
Psalm 6:8	[false]
Psalm 6:9	[]
Psalm 6:10	[]
Psalm 7:1	[false]
Psalm 7:2	[]
Psalm 7:3	[]
Psalm 7:4	[]
Psalm 7:5	[]
Psalm 7:6	[false]
Psalm 7:7	[false,false]
Psalm 7:8	[]
Psalm 7:9	[]
Psalm 7:10	[]
Psalm 7:11	[]
Psalm 7:12	[]
Psalm 7:13	[]
Psalm 7:14	[]
Psalm 7:15	[]
Psalm 7:16	[]
Psalm 7:17	[]
Psalm 8:1	[false,false,false]
Psalm 8:2	[false,false]
Psalm 8:3	[false,false,false]
Psalm 8:4	[false,false]
Psalm 8:5	[false,false]
Psalm 8:6	[false,false,false]
Psalm 8:7	[]
Psalm 8:8	[]
Psalm 8:9	[false]
Psalm 9:1	[false]
Psalm 9:2	[false,false]
Psalm 9:3	[false]
Psalm 9:4	[false,false,false]
Psalm 9:5	[false,false,false]
Psalm 9:6	[false]
Psalm 9:7	[]
Psalm 9:8	[]
Psalm 9:9	[]
Psalm 9:10	[false,false,false,false]
Psalm 9:11	[]
Psalm 9:12	[]
Psalm 9:13	[]
Psalm 9:14	[false,false]
Psalm 9:15	[]
Psalm 9:16	[]
Psalm 9:17	[]
Psalm 9:18	[]
Psalm 9:19	[false]
Psalm 9:20	[]
Psalm 10:1	[false,false]
Psalm 10:2	[]
Psalm 10:3	[]
Psalm 10:4	[]
Psalm 10:5	[false]
Psalm 10:6	[]
Psalm 10:7	[]
Psalm 10:8	[]
Psalm 10:9	[]
Psalm 10:10	[]
Psalm 10:11	[]
Psalm 10:12	[false]
Psalm 10:13	[false]
Psalm 10:14	[false,false,false,false,false]
Psalm 10:15	[]
Psalm 10:16	[]
Psalm 10:17	[false,false,false,false]
Psalm 10:18	[]
Psalm 11:1	[true,true]
Psalm 11:2	[]
Psalm 11:3	[]
Psalm 11:4	[]
Psalm 11:5	[]
Psalm 11:6	[]
Psalm 11:7	[]
Psalm 12:1	[]
Psalm 12:2	[]
Psalm 12:3	[]
Psalm 12:4	[]
Psalm 12:5	[]
Psalm 12:6	[]
Psalm 12:7	[false,false]
Psalm 12:8	[]
Psalm 13:1	[false,false,false]
Psalm 13:2	[]
Psalm 13:3	[]
Psalm 13:4	[]
Psalm 13:5	[false,false]
Psalm 13:6	[]
Psalm 14:1	[]
Psalm 14:2	[]
Psalm 14:3	[]
Psalm 14:4	[]
Psalm 14:5	[]
Psalm 14:6	[true]
Psalm 14:7	[]
Psalm 15:1	[false,false]
Psalm 15:2	[]
Psalm 15:3	[]
Psalm 15:4	[]
Psalm 15:5	[]
Psalm 16:1	[false]
Psalm 16:2	[false,false]
Psalm 16:3	[]
Psalm 16:4	[]
Psalm 16:5	[false]
Psalm 16:6	[]
Psalm 16:7	[]
Psalm 16:8	[]
Psalm 16:9	[]
Psalm 16:10	[false,false,false]
Psalm 16:11	[false,false,false,false]
Psalm 17:1	[]
Psalm 17:2	[false,false]
Psalm 17:3	[false,false,false]
Psalm 17:4	[false]
Psalm 17:5	[false]
Psalm 17:6	[false,false,false]
Psalm 17:7	[false,false,false]
Psalm 17:8	[false,false]
Psalm 17:9	[]
Psalm 17:10	[]
Psalm 17:11	[]
Psalm 17:12	[]
Psalm 17:13	[false]
Psalm 17:14	[false,false,false]
Psalm 17:15	[false,false]
Psalm 18:1	[false]
Psalm 18:2	[]
Psalm 18:3	[]
Psalm 18:4	[]
Psalm 18:5	[]
Psalm 18:6	[]
Psalm 18:7	[]
Psalm 18:8	[]
Psalm 18:9	[]
Psalm 18:10	[]
Psalm 18:11	[]
Psalm 18:12	[]
Psalm 18:13	[]
Psalm 18:14	[]
Psalm 18:15	[false,false]
Psalm 18:16	[]
Psalm 18:17	[]
Psalm 18:18	[]
Psalm 18:19	[]
Psalm 18:20	[]
Psalm 18:21	[]
Psalm 18:22	[]
Psalm 18:23	[]
Psalm 18:24	[]
Psalm 18:25	[false,false,false,false]
Psalm 18:26	[false,false,false,false]
Psalm 18:27	[false,false]
Psalm 18:28	[false]
Psalm 18:29	[false]
Psalm 18:30	[]
Psalm 18:31	[]
Psalm 18:32	[]
Psalm 18:33	[]
Psalm 18:34	[]
Psalm 18:35	[false,false,false,false]
Psalm 18:36	[false]
Psalm 18:37	[]
Psalm 18:38	[]
Psalm 18:39	[false,false]
Psalm 18:40	[false]
Psalm 18:41	[]
Psalm 18:42	[]
Psalm 18:43	[false,false]
Psalm 18:44	[]
Psalm 18:45	[]
Psalm 18:46	[]
Psalm 18:47	[]
Psalm 18:48	[false,false]
Psalm 18:49	[false,false]
Psalm 18:50	[]
Psalm 19:1	[]
Psalm 19:2	[]
Psalm 19:3	[]
Psalm 19:4	[]
Psalm 19:5	[]
Psalm 19:6	[]
Psalm 19:7	[]
Psalm 19:8	[]
Psalm 19:9	[]
Psalm 19:10	[]
Psalm 19:11	[false]
Psalm 19:12	[]
Psalm 19:13	[false]
Psalm 19:14	[false]
Psalm 20:1	[false,false]
Psalm 20:2	[false,false]
Psalm 20:3	[false,false]
Psalm 20:4	[false,false,false]
Psalm 20:5	[false,false]
Psalm 20:6	[]
Psalm 20:7	[]
Psalm 20:8	[]
Psalm 20:9	[]
Psalm 21:1	[false,false]
Psalm 21:2	[false]
Psalm 21:3	[false,false]
Psalm 21:4	[false,false]
Psalm 21:5	[false,false]
Psalm 21:6	[false,false,false]
Psalm 21:7	[]
Psalm 21:8	[false,false,false,false]
Psalm 21:9	[false,false]
Psalm 21:10	[false]
Psalm 21:11	[false]
Psalm 21:12	[false,false]
Psalm 21:13	[false,false]
Psalm 22:1	[false,false]
Psalm 22:2	[false]
Psalm 22:3	[false]
Psalm 22:4	[false,false]
Psalm 22:5	[false,false]
Psalm 22:6	[]
Psalm 22:7	[]
Psalm 22:8	[]
Psalm 22:9	[false,false]
Psalm 22:10	[false,false]
Psalm 22:11	[]
Psalm 22:12	[]
Psalm 22:13	[]
Psalm 22:14	[]
Psalm 22:15	[false]
Psalm 22:16	[]
Psalm 22:17	[]
Psalm 22:18	[]
Psalm 22:19	[false]
Psalm 22:20	[]
Psalm 22:21	[false]
Psalm 22:22	[false,false]
Psalm 22:23	[false]
Psalm 22:24	[]
Psalm 22:25	[false,false]
Psalm 22:26	[true]
Psalm 22:27	[]
Psalm 22:28	[]
Psalm 22:29	[]
Psalm 22:30	[]
Psalm 22:31	[]
Psalm 23:1	[]
Psalm 23:2	[]
Psalm 23:3	[]
Psalm 23:4	[false,false,false]
Psalm 23:5	[false,false]
Psalm 23:6	[]
Psalm 24:1	[]
Psalm 24:2	[]
Psalm 24:3	[]
Psalm 24:4	[]
Psalm 24:5	[]
Psalm 24:6	[false]
Psalm 24:7	[true]
Psalm 24:8	[]
Psalm 24:9	[true]
Psalm 24:10	[]
Psalm 25:1	[false]
Psalm 25:2	[false]
Psalm 25:3	[false]
Psalm 25:4	[false,false]
Psalm 25:5	[false,false,false]
Psalm 25:6	[false]
Psalm 25:7	[false,false]
Psalm 25:8	[]
Psalm 25:9	[]
Psalm 25:10	[]
Psalm 25:11	[false]
Psalm 25:12	[]
Psalm 25:13	[]
Psalm 25:14	[]
Psalm 25:15	[]
Psalm 25:16	[]
Psalm 25:17	[]
Psalm 25:18	[]
Psalm 25:19	[]
Psalm 25:20	[false]
Psalm 25:21	[false]
Psalm 25:22	[]
Psalm 26:1	[]
Psalm 26:2	[]
Psalm 26:3	[false,false]
Psalm 26:4	[]
Psalm 26:5	[]
Psalm 26:6	[false]
Psalm 26:7	[false]
Psalm 26:8	[false,false]
Psalm 26:9	[]
Psalm 26:10	[]
Psalm 26:11	[]
Psalm 26:12	[]
Psalm 27:1	[]
Psalm 27:2	[]
Psalm 27:3	[]
Psalm 27:4	[]
Psalm 27:5	[]
Psalm 27:6	[]
Psalm 27:7	[]
Psalm 27:8	[false]
Psalm 27:9	[false,false,false]
Psalm 27:10	[]
Psalm 27:11	[false]
Psalm 27:12	[]
Psalm 27:13	[]
Psalm 27:14	[]
Psalm 28:1	[false,false]
Psalm 28:2	[false,false]
Psalm 28:3	[]
Psalm 28:4	[]
Psalm 28:5	[]
Psalm 28:6	[]
Psalm 28:7	[]
Psalm 28:8	[]
Psalm 28:9	[false,false]
Psalm 29:1	[]
Psalm 29:2	[]
Psalm 29:3	[]
Psalm 29:4	[]
Psalm 29:5	[]
Psalm 29:6	[]
Psalm 29:7	[]
Psalm 29:8	[]
Psalm 29:9	[]
Psalm 29:10	[]
Psalm 29:11	[]
Psalm 30:1	[false,false]
Psalm 30:2	[false,false]
Psalm 30:3	[false,false]
Psalm 30:4	[false]
Psalm 30:5	[]
Psalm 30:6	[]
Psalm 30:7	[false,false,false,false]
Psalm 30:8	[false]
Psalm 30:9	[false,false]
Psalm 30:10	[]
Psalm 30:11	[false,false]
Psalm 30:12	[false]
Psalm 31:1	[false,false]
Psalm 31:2	[false]
Psalm 31:3	[false,false]
Psalm 31:4	[false,false]
Psalm 31:5	[false,false]
Psalm 31:6	[]
Psalm 31:7	[false,false,false]
Psalm 31:8	[false,false]
Psalm 31:9	[]
Psalm 31:10	[]
Psalm 31:11	[]
Psalm 31:12	[]
Psalm 31:13	[]
Psalm 31:14	[false,false]
Psalm 31:15	[false]
Psalm 31:16	[false,false,false]
Psalm 31:17	[false]
Psalm 31:18	[]
Psalm 31:19	[false,false,false,false,false]
Psalm 31:20	[false,false,false,false]
Psalm 31:21	[]
Psalm 31:22	[false,false,false]
Psalm 31:23	[]
Psalm 31:24	[true]
Psalm 32:1	[]
Psalm 32:2	[]
Psalm 32:3	[]
Psalm 32:4	[false]
Psalm 32:5	[false,false]
Psalm 32:6	[false,false]
Psalm 32:7	[false,false,false]
Psalm 32:8	[false,false,false,false,false]
Psalm 32:9	[false]
Psalm 32:10	[]
Psalm 32:11	[false]
Psalm 33:1	[]
Psalm 33:2	[]
Psalm 33:3	[]
Psalm 33:4	[]
Psalm 33:5	[]
Psalm 33:6	[]
Psalm 33:7	[]
Psalm 33:8	[]
Psalm 33:9	[]
Psalm 33:10	[]
Psalm 33:11	[]
Psalm 33:12	[]
Psalm 33:13	[]
Psalm 33:14	[]
Psalm 33:15	[]
Psalm 33:16	[]
Psalm 33:17	[]
Psalm 33:18	[]
Psalm 33:19	[]
Psalm 33:20	[]
Psalm 33:21	[]
Psalm 33:22	[false,false]
Psalm 34:1	[]
Psalm 34:2	[]
Psalm 34:3	[]
Psalm 34:4	[]
Psalm 34:5	[]
Psalm 34:6	[]
Psalm 34:7	[]
Psalm 34:8	[]
Psalm 34:9	[false]
Psalm 34:10	[]
Psalm 34:11	[false]
Psalm 34:12	[]
Psalm 34:13	[false,false]
Psalm 34:14	[]
Psalm 34:15	[]
Psalm 34:16	[]
Psalm 34:17	[]
Psalm 34:18	[]
Psalm 34:19	[]
Psalm 34:20	[]
Psalm 34:21	[]
Psalm 34:22	[]
Psalm 35:1	[]
Psalm 35:2	[false]
Psalm 35:3	[false]
Psalm 35:4	[]
Psalm 35:5	[]
Psalm 35:6	[]
Psalm 35:7	[]
Psalm 35:8	[]
Psalm 35:9	[]
Psalm 35:10	[false]
Psalm 35:11	[]
Psalm 35:12	[]
Psalm 35:13	[]
Psalm 35:14	[]
Psalm 35:15	[]
Psalm 35:16	[]
Psalm 35:17	[false]
Psalm 35:18	[false,false]
Psalm 35:19	[]
Psalm 35:20	[]
Psalm 35:21	[]
Psalm 35:22	[false]
Psalm 35:23	[]
Psalm 35:24	[false]
Psalm 35:25	[]
Psalm 35:26	[]
Psalm 35:27	[]
Psalm 35:28	[false,false]
Psalm 36:1	[]
Psalm 36:2	[]
Psalm 36:3	[]
Psalm 36:4	[]
Psalm 36:5	[false,false]
Psalm 36:6	[false,false,false]
Psalm 36:7	[false,false]
Psalm 36:8	[false,false,false]
Psalm 36:9	[false,false]
Psalm 36:10	[false,false,false]
Psalm 36:11	[]
Psalm 36:12	[]
Psalm 37:1	[]
Psalm 37:2	[]
Psalm 37:3	[]
Psalm 37:4	[false,false,false]
Psalm 37:5	[false]
Psalm 37:6	[false,false]
Psalm 37:7	[]
Psalm 37:8	[]
Psalm 37:9	[]
Psalm 37:10	[false]
Psalm 37:11	[]
Psalm 37:12	[]
Psalm 37:13	[]
Psalm 37:14	[]
Psalm 37:15	[]
Psalm 37:16	[]
Psalm 37:17	[]
Psalm 37:18	[]
Psalm 37:19	[]
Psalm 37:20	[]
Psalm 37:21	[]
Psalm 37:22	[]
Psalm 37:23	[]
Psalm 37:24	[]
Psalm 37:25	[]
Psalm 37:26	[]
Psalm 37:27	[false]
Psalm 37:28	[]
Psalm 37:29	[]
Psalm 37:30	[]
Psalm 37:31	[]
Psalm 37:32	[]
Psalm 37:33	[]
Psalm 37:34	[false,false]
Psalm 37:35	[]
Psalm 37:36	[]
Psalm 37:37	[]
Psalm 37:38	[]
Psalm 37:39	[]
Psalm 37:40	[]
Psalm 38:1	[false,false]
Psalm 38:2	[false,false]
Psalm 38:3	[false]
Psalm 38:4	[]
Psalm 38:5	[]
Psalm 38:6	[]
Psalm 38:7	[]
Psalm 38:8	[]
Psalm 38:9	[false,false]
Psalm 38:10	[]
Psalm 38:11	[]
Psalm 38:12	[]
Psalm 38:13	[]
Psalm 38:14	[]
Psalm 38:15	[false,false]
Psalm 38:16	[]
Psalm 38:17	[]
Psalm 38:18	[]
Psalm 38:19	[]
Psalm 38:20	[]
Psalm 38:21	[]
Psalm 38:22	[]
Psalm 39:1	[]
Psalm 39:2	[]
Psalm 39:3	[]
Psalm 39:4	[]
Psalm 39:5	[false,false]
Psalm 39:6	[]
Psalm 39:7	[false]
Psalm 39:8	[]
Psalm 39:9	[false]
Psalm 39:10	[false,false]
Psalm 39:11	[false]
Psalm 39:12	[false]
Psalm 39:13	[false]
Psalm 40:1	[]
Psalm 40:2	[]
Psalm 40:3	[]
Psalm 40:4	[]
Psalm 40:5	[false,false,false]
Psalm 40:6	[false,false,false]
Psalm 40:7	[]
Psalm 40:8	[false,false]
Psalm 40:9	[false]
Psalm 40:10	[false,false,false]
Psalm 40:11	[false,false]
Psalm 40:12	[]
Psalm 40:13	[]
Psalm 40:14	[]
Psalm 40:15	[]
Psalm 40:16	[false,false,false]
Psalm 40:17	[false]
Psalm 41:1	[]
Psalm 41:2	[]
Psalm 41:3	[]
Psalm 41:4	[false]
Psalm 41:5	[]
Psalm 41:6	[]
Psalm 41:7	[]
Psalm 41:8	[]
Psalm 41:9	[]
Psalm 41:10	[false]
Psalm 41:11	[false]
Psalm 41:12	[false,false]
Psalm 41:13	[]
Psalm 42:1	[false]
Psalm 42:2	[]
Psalm 42:3	[false]
Psalm 42:4	[]
Psalm 42:5	[false,false]
Psalm 42:6	[false]
Psalm 42:7	[false,false]
Psalm 42:8	[]
Psalm 42:9	[false]
Psalm 42:10	[false]
Psalm 42:11	[false,false]
Psalm 43:1	[]
Psalm 43:2	[false,false]
Psalm 43:3	[false,false,false,false]
Psalm 43:4	[false]
Psalm 43:5	[false,false]
Psalm 44:1	[false]
Psalm 44:2	[false,false,false]
Psalm 44:3	[false,false,false,false]
Psalm 44:4	[false]
Psalm 44:5	[false,false]
Psalm 44:6	[]
Psalm 44:7	[false,false]
Psalm 44:8	[false]
Psalm 44:9	[false,false]
Psalm 44:10	[false]
Psalm 44:11	[false,false]
Psalm 44:12	[false,false,false]
Psalm 44:13	[false]
Psalm 44:14	[false]
Psalm 44:15	[]
Psalm 44:16	[]
Psalm 44:17	[false,false]
Psalm 44:18	[false]
Psalm 44:19	[false,false]
Psalm 44:20	[]
Psalm 44:21	[]
Psalm 44:22	[false]
Psalm 44:23	[false]
Psalm 44:24	[false,false]
Psalm 44:25	[]
Psalm 44:26	[false]
Psalm 45:1	[]
Psalm 45:2	[false,false,false]
Psalm 45:3	[false,false,false]
Psalm 45:4	[false,false,false]
Psalm 45:5	[false,false]
Psalm 45:6	[false,false]
Psalm 45:7	[false,false,false,false]
Psalm 45:8	[false,false]
Psalm 45:9	[false,false]
Psalm 45:10	[false,false,false]
Psalm 45:11	[false,false]
Psalm 45:12	[false]
Psalm 45:13	[]
Psalm 45:14	[false]
Psalm 45:15	[]
Psalm 45:16	[false,false,false]
Psalm 45:17	[false,false]
Psalm 46:1	[]
Psalm 46:2	[]
Psalm 46:3	[]
Psalm 46:4	[]
Psalm 46:5	[]
Psalm 46:6	[]
Psalm 46:7	[]
Psalm 46:8	[]
Psalm 46:9	[]
Psalm 46:10	[]
Psalm 46:11	[]
Psalm 47:1	[false,false]
Psalm 47:2	[]
Psalm 47:3	[]
Psalm 47:4	[]
Psalm 47:5	[]
Psalm 47:6	[]
Psalm 47:7	[]
Psalm 47:8	[]
Psalm 47:9	[]
Psalm 48:1	[]
Psalm 48:2	[]
Psalm 48:3	[]
Psalm 48:4	[]
Psalm 48:5	[]
Psalm 48:6	[]
Psalm 48:7	[false]
Psalm 48:8	[]
Psalm 48:9	[false,false]
Psalm 48:10	[false,false,false]
Psalm 48:11	[false]
Psalm 48:12	[]
Psalm 48:13	[true]
Psalm 48:14	[]
Psalm 49:1	[false]
Psalm 49:2	[]
Psalm 49:3	[]
Psalm 49:4	[]
Psalm 49:5	[]
Psalm 49:6	[]
Psalm 49:7	[]
Psalm 49:8	[]
Psalm 49:9	[]
Psalm 49:10	[]
Psalm 49:11	[]
Psalm 49:12	[]
Psalm 49:13	[]
Psalm 49:14	[]
Psalm 49:15	[]
Psalm 49:16	[]
Psalm 49:17	[]
Psalm 49:18	[false,false]
Psalm 49:19	[]
Psalm 49:20	[]
Psalm 50:1	[]
Psalm 50:2	[]
Psalm 50:3	[]
Psalm 50:4	[]
Psalm 50:5	[]
Psalm 50:6	[]
Psalm 50:7	[false,false]
Psalm 50:8	[false,false,false]
Psalm 50:9	[false,false]
Psalm 50:10	[]
Psalm 50:11	[]
Psalm 50:12	[false]
Psalm 50:13	[]
Psalm 50:14	[false]
Psalm 50:15	[false,false]
Psalm 50:16	[false,false]
Psalm 50:17	[false,false]
Psalm 50:18	[false,false,false]
Psalm 50:19	[false,false,false]
Psalm 50:20	[false,false,false,false]
Psalm 50:21	[false,false,false,false,false,false]
Psalm 50:22	[false,false,false]
Psalm 50:23	[]
Psalm 51:1	[false,false]
Psalm 51:2	[]
Psalm 51:3	[]
Psalm 51:4	[false,false,false,false,false,false]
Psalm 51:5	[]
Psalm 51:6	[false,false]
Psalm 51:7	[]
Psalm 51:8	[false]
Psalm 51:9	[false]
Psalm 51:10	[]
Psalm 51:11	[false,false]
Psalm 51:12	[false]
Psalm 51:13	[false,false]
Psalm 51:14	[false]
Psalm 51:15	[false]
Psalm 51:16	[false,false]
Psalm 51:17	[false]
Psalm 51:18	[false]
Psalm 51:19	[false,false]
Psalm 52:1	[false]
Psalm 52:2	[false]
Psalm 52:3	[false]
Psalm 52:4	[false]
Psalm 52:5	[false,false,false,false,false]
Psalm 52:6	[]
Psalm 52:7	[]
Psalm 52:8	[]
Psalm 52:9	[false,false,false,false]
Psalm 53:1	[]
Psalm 53:2	[]
Psalm 53:3	[]
Psalm 53:4	[]
Psalm 53:5	[false,false]
Psalm 53:6	[]
Psalm 54:1	[false,false]
Psalm 54:2	[]
Psalm 54:3	[]
Psalm 54:4	[]
Psalm 54:5	[false]
Psalm 54:6	[false,false]
Psalm 54:7	[]
Psalm 55:1	[]
Psalm 55:2	[]
Psalm 55:3	[]
Psalm 55:4	[]
Psalm 55:5	[]
Psalm 55:6	[]
Psalm 55:7	[]
Psalm 55:8	[]
Psalm 55:9	[]
Psalm 55:10	[]
Psalm 55:11	[]
Psalm 55:12	[]
Psalm 55:13	[false]
Psalm 55:14	[]
Psalm 55:15	[]
Psalm 55:16	[]
Psalm 55:17	[]
Psalm 55:18	[]
Psalm 55:19	[]
Psalm 55:20	[]
Psalm 55:21	[]
Psalm 55:22	[false,false]
Psalm 55:23	[false,false]
Psalm 56:1	[]
Psalm 56:2	[]
Psalm 56:3	[false]
Psalm 56:4	[]
Psalm 56:5	[]
Psalm 56:6	[]
Psalm 56:7	[false]
Psalm 56:8	[false,false,false]
Psalm 56:9	[]
Psalm 56:10	[]
Psalm 56:11	[]
Psalm 56:12	[false,false]
Psalm 56:13	[false]
Psalm 57:1	[false,false]
Psalm 57:2	[]
Psalm 57:3	[]
Psalm 57:4	[]
Psalm 57:5	[false]
Psalm 57:6	[]
Psalm 57:7	[]
Psalm 57:8	[]
Psalm 57:9	[false,false]
Psalm 57:10	[false,false]
Psalm 57:11	[false]
Psalm 58:1	[true,true]
Psalm 58:2	[true,true,true,true]
Psalm 58:3	[]
Psalm 58:4	[]
Psalm 58:5	[]
Psalm 58:6	[]
Psalm 58:7	[]
Psalm 58:8	[]
Psalm 58:9	[true]
Psalm 58:10	[]
Psalm 58:11	[]
Psalm 59:1	[]
Psalm 59:2	[]
Psalm 59:3	[]
Psalm 59:4	[]
Psalm 59:5	[false]
Psalm 59:6	[]
Psalm 59:7	[]
Psalm 59:8	[false,false]
Psalm 59:9	[false,false]
Psalm 59:10	[]
Psalm 59:11	[false]
Psalm 59:12	[]
Psalm 59:13	[]
Psalm 59:14	[]
Psalm 59:15	[]
Psalm 59:16	[false,false,false]
Psalm 59:17	[false,false]
Psalm 60:1	[false,false,false]
Psalm 60:2	[false]
Psalm 60:3	[false,false,false]
Psalm 60:4	[false,false]
Psalm 60:5	[false,false]
Psalm 60:6	[]
Psalm 60:7	[]
Psalm 60:8	[]
Psalm 60:9	[]
Psalm 60:10	[false,false]
Psalm 60:11	[]
Psalm 60:12	[]
Psalm 61:1	[]
Psalm 61:2	[false]
Psalm 61:3	[false]
Psalm 61:4	[false,false]
Psalm 61:5	[false,false,false]
Psalm 61:6	[]
Psalm 61:7	[false,false]
Psalm 61:8	[false]
Psalm 62:1	[]
Psalm 62:2	[]
Psalm 62:3	[true,true]
Psalm 62:4	[]
Psalm 62:5	[]
Psalm 62:6	[]
Psalm 62:7	[]
Psalm 62:8	[true]
Psalm 62:9	[]
Psalm 62:10	[false,false]
Psalm 62:11	[]
Psalm 62:12	[false,false]
Psalm 63:1	[false,false,false,false]
Psalm 63:2	[false,false]
Psalm 63:3	[false,false]
Psalm 63:4	[false,false]
Psalm 63:5	[false]
Psalm 63:6	[false,false]
Psalm 63:7	[false,false]
Psalm 63:8	[false,false]
Psalm 63:9	[]
Psalm 63:10	[]
Psalm 63:11	[]
Psalm 64:1	[]
Psalm 64:2	[]
Psalm 64:3	[]
Psalm 64:4	[]
Psalm 64:5	[]
Psalm 64:6	[]
Psalm 64:7	[]
Psalm 64:8	[]
Psalm 64:9	[]
Psalm 64:10	[]
Psalm 65:1	[false,false]
Psalm 65:2	[false,false]
Psalm 65:3	[false]
Psalm 65:4	[false,false,false,false]
Psalm 65:5	[false]
Psalm 65:6	[false,false,false]
Psalm 65:7	[false]
Psalm 65:8	[false,false]
Psalm 65:9	[false,false,false]
Psalm 65:10	[false,false]
Psalm 65:11	[false,false,false]
Psalm 65:12	[]
Psalm 65:13	[]
Psalm 66:1	[]
Psalm 66:2	[]
Psalm 66:3	[false,false,false,false]
Psalm 66:4	[false,false,false]
Psalm 66:5	[]
Psalm 66:6	[]
Psalm 66:7	[]
Psalm 66:8	[]
Psalm 66:9	[]
Psalm 66:10	[false,false]
Psalm 66:11	[false,false]
Psalm 66:12	[false,false]
Psalm 66:13	[false,false]
Psalm 66:14	[]
Psalm 66:15	[false]
Psalm 66:16	[false]
Psalm 66:17	[]
Psalm 66:18	[]
Psalm 66:19	[]
Psalm 66:20	[]
Psalm 67:1	[]
Psalm 67:2	[false,false]
Psalm 67:3	[false,false]
Psalm 67:4	[false]
Psalm 67:5	[false,false]
Psalm 67:6	[]
Psalm 67:7	[]
Psalm 68:1	[]
Psalm 68:2	[false]
Psalm 68:3	[]
Psalm 68:4	[]
Psalm 68:5	[]
Psalm 68:6	[]
Psalm 68:7	[false,false,false]
Psalm 68:8	[]
Psalm 68:9	[false,false,false]
Psalm 68:10	[false,false,false]
Psalm 68:11	[]
Psalm 68:12	[]
Psalm 68:13	[true]
Psalm 68:14	[]
Psalm 68:15	[]
Psalm 68:16	[true]
Psalm 68:17	[]
Psalm 68:18	[false,false,false]
Psalm 68:19	[]
Psalm 68:20	[]
Psalm 68:21	[]
Psalm 68:22	[]
Psalm 68:23	[false,false,false]
Psalm 68:24	[false]
Psalm 68:25	[]
Psalm 68:26	[]
Psalm 68:27	[]
Psalm 68:28	[false,false,false]
Psalm 68:29	[false,false]
Psalm 68:30	[]
Psalm 68:31	[]
Psalm 68:32	[]
Psalm 68:33	[]
Psalm 68:34	[]
Psalm 68:35	[false,false]
Psalm 69:1	[]
Psalm 69:2	[]
Psalm 69:3	[]
Psalm 69:4	[]
Psalm 69:5	[false,false]
Psalm 69:6	[false,false]
Psalm 69:7	[false]
Psalm 69:8	[]
Psalm 69:9	[false,false]
Psalm 69:10	[]
Psalm 69:11	[]
Psalm 69:12	[]
Psalm 69:13	[false,false,false]
Psalm 69:14	[]
Psalm 69:15	[]
Psalm 69:16	[false,false]
Psalm 69:17	[false,false]
Psalm 69:18	[]
Psalm 69:19	[false,false]
Psalm 69:20	[]
Psalm 69:21	[]
Psalm 69:22	[]
Psalm 69:23	[]
Psalm 69:24	[false,false]
Psalm 69:25	[]
Psalm 69:26	[false,false]
Psalm 69:27	[false]
Psalm 69:28	[]
Psalm 69:29	[false]
Psalm 69:30	[]
Psalm 69:31	[]
Psalm 69:32	[true,true]
Psalm 69:33	[]
Psalm 69:34	[]
Psalm 69:35	[]
Psalm 69:36	[]
Psalm 70:1	[]
Psalm 70:2	[]
Psalm 70:3	[]
Psalm 70:4	[false,false,false]
Psalm 70:5	[false]
Psalm 71:1	[false]
Psalm 71:2	[false,false]
Psalm 71:3	[false]
Psalm 71:4	[]
Psalm 71:5	[false]
Psalm 71:6	[false,false,false]
Psalm 71:7	[false]
Psalm 71:8	[false,false]
Psalm 71:9	[]
Psalm 71:10	[]
Psalm 71:11	[]
Psalm 71:12	[]
Psalm 71:13	[]
Psalm 71:14	[false]
Psalm 71:15	[false,false]
Psalm 71:16	[false,false]
Psalm 71:17	[false,false]
Psalm 71:18	[false,false]
Psalm 71:19	[false,false,false]
Psalm 71:20	[false,false,false]
Psalm 71:21	[false]
Psalm 71:22	[false,false,false]
Psalm 71:23	[false,false]
Psalm 71:24	[false]
Psalm 72:1	[false,false]
Psalm 72:2	[false,false]
Psalm 72:3	[]
Psalm 72:4	[]
Psalm 72:5	[]
Psalm 72:6	[]
Psalm 72:7	[]
Psalm 72:8	[]
Psalm 72:9	[]
Psalm 72:10	[]
Psalm 72:11	[]
Psalm 72:12	[]
Psalm 72:13	[]
Psalm 72:14	[]
Psalm 72:15	[]
Psalm 72:16	[]
Psalm 72:17	[]
Psalm 72:18	[]
Psalm 72:19	[]
Psalm 72:20	[]
Psalm 73:1	[]
Psalm 73:2	[]
Psalm 73:3	[]
Psalm 73:4	[]
Psalm 73:5	[]
Psalm 73:6	[]
Psalm 73:7	[]
Psalm 73:8	[]
Psalm 73:9	[]
Psalm 73:10	[]
Psalm 73:11	[]
Psalm 73:12	[]
Psalm 73:13	[]
Psalm 73:14	[]
Psalm 73:15	[false]
Psalm 73:16	[]
Psalm 73:17	[]
Psalm 73:18	[false,false]
Psalm 73:19	[]
Psalm 73:20	[false]
Psalm 73:21	[]
Psalm 73:22	[false]
Psalm 73:23	[false,false]
Psalm 73:24	[false,false]
Psalm 73:25	[false,false]
Psalm 73:26	[]
Psalm 73:27	[false,false,false]
Psalm 73:28	[false]
Psalm 74:1	[false,false,false]
Psalm 74:2	[false,false,false,false]
Psalm 74:3	[false]
Psalm 74:4	[false,false]
Psalm 74:5	[]
Psalm 74:6	[]
Psalm 74:7	[false,false]
Psalm 74:8	[]
Psalm 74:9	[]
Psalm 74:10	[false,false]
Psalm 74:11	[false,false]
Psalm 74:12	[]
Psalm 74:13	[false,false,false]
Psalm 74:14	[false,false]
Psalm 74:15	[false,false]
Psalm 74:16	[false,false]
Psalm 74:17	[false,false]
Psalm 74:18	[false,false]
Psalm 74:19	[false,false]
Psalm 74:20	[false]
Psalm 74:21	[false]
Psalm 74:22	[false,false]
Psalm 74:23	[false,false]
Psalm 75:1	[false,false,false]
Psalm 75:2	[]
Psalm 75:3	[]
Psalm 75:4	[false]
Psalm 75:5	[true]
Psalm 75:6	[]
Psalm 75:7	[]
Psalm 75:8	[]
Psalm 75:9	[]
Psalm 75:10	[]
Psalm 76:1	[]
Psalm 76:2	[]
Psalm 76:3	[]
Psalm 76:4	[false]
Psalm 76:5	[]
Psalm 76:6	[false]
Psalm 76:7	[false,false,false]
Psalm 76:8	[false]
Psalm 76:9	[]
Psalm 76:10	[false,false,false]
Psalm 76:11	[true,true]
Psalm 76:12	[]
Psalm 77:1	[]
Psalm 77:2	[]
Psalm 77:3	[false]
Psalm 77:4	[false]
Psalm 77:5	[]
Psalm 77:6	[]
Psalm 77:7	[]
Psalm 77:8	[]
Psalm 77:9	[]
Psalm 77:10	[]
Psalm 77:11	[false]
Psalm 77:12	[false,false]
Psalm 77:13	[false]
Psalm 77:14	[false,false,false]
Psalm 77:15	[false,false]
Psalm 77:16	[false,false]
Psalm 77:17	[false]
Psalm 77:18	[false]
Psalm 77:19	[false,false,false]
Psalm 77:20	[false,false]
Psalm 78:1	[]
Psalm 78:2	[]
Psalm 78:3	[]
Psalm 78:4	[]
Psalm 78:5	[]
Psalm 78:6	[]
Psalm 78:7	[]
Psalm 78:8	[]
Psalm 78:9	[]
Psalm 78:10	[]
Psalm 78:11	[]
Psalm 78:12	[]
Psalm 78:13	[]
Psalm 78:14	[]
Psalm 78:15	[]
Psalm 78:16	[]
Psalm 78:17	[]
Psalm 78:18	[]
Psalm 78:19	[]
Psalm 78:20	[]
Psalm 78:21	[]
Psalm 78:22	[]
Psalm 78:23	[]
Psalm 78:24	[]
Psalm 78:25	[]
Psalm 78:26	[]
Psalm 78:27	[]
Psalm 78:28	[]
Psalm 78:29	[]
Psalm 78:30	[]
Psalm 78:31	[]
Psalm 78:32	[]
Psalm 78:33	[]
Psalm 78:34	[]
Psalm 78:35	[]
Psalm 78:36	[]
Psalm 78:37	[]
Psalm 78:38	[]
Psalm 78:39	[]
Psalm 78:40	[]
Psalm 78:41	[]
Psalm 78:42	[]
Psalm 78:43	[]
Psalm 78:44	[]
Psalm 78:45	[]
Psalm 78:46	[]
Psalm 78:47	[]
Psalm 78:48	[]
Psalm 78:49	[]
Psalm 78:50	[]
Psalm 78:51	[]
Psalm 78:52	[]
Psalm 78:53	[]
Psalm 78:54	[]
Psalm 78:55	[]
Psalm 78:56	[]
Psalm 78:57	[]
Psalm 78:58	[]
Psalm 78:59	[]
Psalm 78:60	[]
Psalm 78:61	[]
Psalm 78:62	[]
Psalm 78:63	[]
Psalm 78:64	[]
Psalm 78:65	[]
Psalm 78:66	[]
Psalm 78:67	[]
Psalm 78:68	[]
Psalm 78:69	[]
Psalm 78:70	[]
Psalm 78:71	[]
Psalm 78:72	[]
Psalm 79:1	[false,false]
Psalm 79:2	[false,false]
Psalm 79:3	[]
Psalm 79:4	[]
Psalm 79:5	[false,false]
Psalm 79:6	[false,false,false]
Psalm 79:7	[]
Psalm 79:8	[false]
Psalm 79:9	[false,false]
Psalm 79:10	[false,false]
Psalm 79:11	[false,false]
Psalm 79:12	[false]
Psalm 79:13	[false,false,false,false]
Psalm 80:1	[false]
Psalm 80:2	[false]
Psalm 80:3	[false]
Psalm 80:4	[false,false]
Psalm 80:5	[false]
Psalm 80:6	[false]
Psalm 80:7	[false]
Psalm 80:8	[false,false]
Psalm 80:9	[false]
Psalm 80:10	[]
Psalm 80:11	[]
Psalm 80:12	[false]
Psalm 80:13	[]
Psalm 80:14	[]
Psalm 80:15	[false,false,false]
Psalm 80:16	[false,false]
Psalm 80:17	[false,false,false,false]
Psalm 80:18	[false,false]
Psalm 80:19	[false]
Psalm 81:1	[]
Psalm 81:2	[]
Psalm 81:3	[]
Psalm 81:4	[]
Psalm 81:5	[]
Psalm 81:6	[]
Psalm 81:7	[false,false,false,false]
Psalm 81:8	[false,false]
Psalm 81:9	[false,false]
Psalm 81:10	[false,false,false]
Psalm 81:11	[]
Psalm 81:12	[]
Psalm 81:13	[]
Psalm 81:14	[]
Psalm 81:15	[]
Psalm 81:16	[false,false]
Psalm 82:1	[]
Psalm 82:2	[true]
Psalm 82:3	[]
Psalm 82:4	[]
Psalm 82:5	[]
Psalm 82:6	[true,true]
Psalm 82:7	[true,true]
Psalm 82:8	[false]
Psalm 83:1	[]
Psalm 83:2	[false,false]
Psalm 83:3	[false,false]
Psalm 83:4	[]
Psalm 83:5	[false]
Psalm 83:6	[]
Psalm 83:7	[]
Psalm 83:8	[]
Psalm 83:9	[false]
Psalm 83:10	[]
Psalm 83:11	[]
Psalm 83:12	[]
Psalm 83:13	[]
Psalm 83:14	[]
Psalm 83:15	[false,false]
Psalm 83:16	[false]
Psalm 83:17	[]
Psalm 83:18	[false]
Psalm 84:1	[false]
Psalm 84:2	[]
Psalm 84:3	[false]
Psalm 84:4	[false,false]
Psalm 84:5	[false]
Psalm 84:6	[]
Psalm 84:7	[]
Psalm 84:8	[]
Psalm 84:9	[false]
Psalm 84:10	[false]
Psalm 84:11	[]
Psalm 84:12	[false]
Psalm 85:1	[false,false,false]
Psalm 85:2	[false,false,false]
Psalm 85:3	[false,false,false,false]
Psalm 85:4	[false]
Psalm 85:5	[false,false,false]
Psalm 85:6	[false,false,false]
Psalm 85:7	[false,false]
Psalm 85:8	[]
Psalm 85:9	[]
Psalm 85:10	[]
Psalm 85:11	[]
Psalm 85:12	[]
Psalm 85:13	[]
Psalm 86:1	[false]
Psalm 86:2	[false,false,false]
Psalm 86:3	[false]
Psalm 86:4	[false,false]
Psalm 86:5	[false,false]
Psalm 86:6	[]
Psalm 86:7	[false,false]
Psalm 86:8	[false,false]
Psalm 86:9	[false,false,false]
Psalm 86:10	[false,false]
Psalm 86:11	[false,false,false]
Psalm 86:12	[false,false]
Psalm 86:13	[false,false]
Psalm 86:14	[false]
Psalm 86:15	[false]
Psalm 86:16	[false,false,false]
Psalm 86:17	[false,false]
Psalm 87:1	[]
Psalm 87:2	[]
Psalm 87:3	[false]
Psalm 87:4	[]
Psalm 87:5	[]
Psalm 87:6	[]
Psalm 87:7	[false]
Psalm 88:1	[false]
Psalm 88:2	[false,false]
Psalm 88:3	[]
Psalm 88:4	[]
Psalm 88:5	[false,false]
Psalm 88:6	[false]
Psalm 88:7	[false,false]
Psalm 88:8	[false,false]
Psalm 88:9	[false,false]
Psalm 88:10	[false,false]
Psalm 88:11	[false,false]
Psalm 88:12	[false,false]
Psalm 88:13	[false,false]
Psalm 88:14	[false,false,false]
Psalm 88:15	[false]
Psalm 88:16	[false,false]
Psalm 88:17	[]
Psalm 88:18	[false]
Psalm 89:1	[false]
Psalm 89:2	[false,false]
Psalm 89:3	[false]
Psalm 89:4	[false,false]
Psalm 89:5	[false,false]
Psalm 89:6	[]
Psalm 89:7	[]
Psalm 89:8	[false,false,false]
Psalm 89:9	[false,false]
Psalm 89:10	[false,false,false,false]
Psalm 89:11	[false,false]
Psalm 89:12	[false,false]
Psalm 89:13	[false,false,false]
Psalm 89:14	[false,false]
Psalm 89:15	[false]
Psalm 89:16	[false,false]
Psalm 89:17	[false,false]
Psalm 89:18	[]
Psalm 89:19	[false,false,false]
Psalm 89:20	[]
Psalm 89:21	[]
Psalm 89:22	[]
Psalm 89:23	[]
Psalm 89:24	[]
Psalm 89:25	[]
Psalm 89:26	[false]
Psalm 89:27	[]
Psalm 89:28	[]
Psalm 89:29	[]
Psalm 89:30	[]
Psalm 89:31	[]
Psalm 89:32	[]
Psalm 89:33	[]
Psalm 89:34	[]
Psalm 89:35	[]
Psalm 89:36	[]
Psalm 89:37	[]
Psalm 89:38	[false,false,false]
Psalm 89:39	[false,false]
Psalm 89:40	[false,false]
Psalm 89:41	[]
Psalm 89:42	[false,false]
Psalm 89:43	[false]
Psalm 89:44	[false]
Psalm 89:45	[false,false]
Psalm 89:46	[false,false,false]
Psalm 89:47	[false]
Psalm 89:48	[]
Psalm 89:49	[false,false]
Psalm 89:50	[false]
Psalm 89:51	[false,false]
Psalm 89:52	[]
Psalm 90:1	[false]
Psalm 90:2	[false,false]
Psalm 90:3	[false]
Psalm 90:4	[false]
Psalm 90:5	[false]
Psalm 90:6	[]
Psalm 90:7	[false,false]
Psalm 90:8	[false,false,false]
Psalm 90:9	[false]
Psalm 90:10	[]
Psalm 90:11	[false,false,false]
Psalm 90:12	[]
Psalm 90:13	[false]
Psalm 90:14	[false]
Psalm 90:15	[false]
Psalm 90:16	[false,false,false]
Psalm 90:17	[]
Psalm 91:1	[]
Psalm 91:2	[false]
Psalm 91:3	[false]
Psalm 91:4	[false,false]
Psalm 91:5	[false]
Psalm 91:6	[]
Psalm 91:7	[false,false,false]
Psalm 91:8	[false,false]
Psalm 91:9	[false,false]
Psalm 91:10	[false,false]
Psalm 91:11	[false,false,false]
Psalm 91:12	[false,false,false]
Psalm 91:13	[false,false]
Psalm 91:14	[]
Psalm 91:15	[]
Psalm 91:16	[]
Psalm 92:1	[false]
Psalm 92:2	[false,false]
Psalm 92:3	[]
Psalm 92:4	[false,false,false]
Psalm 92:5	[false,false]
Psalm 92:6	[]
Psalm 92:7	[]
Psalm 92:8	[false]
Psalm 92:9	[false,false]
Psalm 92:10	[false]
Psalm 92:11	[]
Psalm 92:12	[]
Psalm 92:13	[]
Psalm 92:14	[]
Psalm 92:15	[]
Psalm 93:1	[]
Psalm 93:2	[false,false]
Psalm 93:3	[]
Psalm 93:4	[]
Psalm 93:5	[false,false]
Psalm 94:1	[]
Psalm 94:2	[]
Psalm 94:3	[]
Psalm 94:4	[]
Psalm 94:5	[false,false]
Psalm 94:6	[]
Psalm 94:7	[]
Psalm 94:8	[true]
Psalm 94:9	[]
Psalm 94:10	[]
Psalm 94:11	[]
Psalm 94:12	[false,false]
Psalm 94:13	[]
Psalm 94:14	[]
Psalm 94:15	[]
Psalm 94:16	[]
Psalm 94:17	[]
Psalm 94:18	[false]
Psalm 94:19	[false]
Psalm 94:20	[false]
Psalm 94:21	[]
Psalm 94:22	[]
Psalm 94:23	[]
Psalm 95:1	[]
Psalm 95:2	[]
Psalm 95:3	[]
Psalm 95:4	[]
Psalm 95:5	[]
Psalm 95:6	[]
Psalm 95:7	[true]
Psalm 95:8	[true,true]
Psalm 95:9	[true]
Psalm 95:10	[]
Psalm 95:11	[]
Psalm 96:1	[]
Psalm 96:2	[]
Psalm 96:3	[]
Psalm 96:4	[]
Psalm 96:5	[]
Psalm 96:6	[]
Psalm 96:7	[]
Psalm 96:8	[]
Psalm 96:9	[]
Psalm 96:10	[]
Psalm 96:11	[]
Psalm 96:12	[]
Psalm 96:13	[]
Psalm 97:1	[]
Psalm 97:2	[]
Psalm 97:3	[]
Psalm 97:4	[]
Psalm 97:5	[]
Psalm 97:6	[]
Psalm 97:7	[false]
Psalm 97:8	[false]
Psalm 97:9	[false,false]
Psalm 97:10	[false]
Psalm 97:11	[]
Psalm 97:12	[true]
Psalm 98:1	[]
Psalm 98:2	[]
Psalm 98:3	[]
Psalm 98:4	[true]
Psalm 98:5	[]
Psalm 98:6	[]
Psalm 98:7	[]
Psalm 98:8	[]
Psalm 98:9	[]
Psalm 99:1	[]
Psalm 99:2	[]
Psalm 99:3	[false]
Psalm 99:4	[false,false]
Psalm 99:5	[]
Psalm 99:6	[]
Psalm 99:7	[]
Psalm 99:8	[false,false]
Psalm 99:9	[]
Psalm 100:1	[]
Psalm 100:2	[]
Psalm 100:3	[]
Psalm 100:4	[]
Psalm 100:5	[]
Psalm 101:1	[false,false]
Psalm 101:2	[false]
Psalm 101:3	[]
Psalm 101:4	[]
Psalm 101:5	[]
Psalm 101:6	[]
Psalm 101:7	[]
Psalm 101:8	[]
Psalm 102:1	[false]
Psalm 102:2	[false,false]
Psalm 102:3	[]
Psalm 102:4	[]
Psalm 102:5	[]
Psalm 102:6	[]
Psalm 102:7	[]
Psalm 102:8	[]
Psalm 102:9	[]
Psalm 102:10	[false,false]
Psalm 102:11	[]
Psalm 102:12	[false,false]
Psalm 102:13	[false]
Psalm 102:14	[false]
Psalm 102:15	[false]
Psalm 102:16	[]
Psalm 102:17	[]
Psalm 102:18	[]
Psalm 102:19	[]
Psalm 102:20	[]
Psalm 102:21	[]
Psalm 102:22	[]
Psalm 102:23	[]
Psalm 102:24	[false]
Psalm 102:25	[false,false]
Psalm 102:26	[false,false]
Psalm 102:27	[false,false]
Psalm 102:28	[false,false]
Psalm 103:1	[]
Psalm 103:2	[]
Psalm 103:3	[false,false]
Psalm 103:4	[false,false]
Psalm 103:5	[false,false]
Psalm 103:6	[]
Psalm 103:7	[]
Psalm 103:8	[]
Psalm 103:9	[]
Psalm 103:10	[]
Psalm 103:11	[]
Psalm 103:12	[]
Psalm 103:13	[]
Psalm 103:14	[]
Psalm 103:15	[]
Psalm 103:16	[]
Psalm 103:17	[]
Psalm 103:18	[]
Psalm 103:19	[]
Psalm 103:20	[]
Psalm 103:21	[false]
Psalm 103:22	[]
Psalm 104:1	[false,false]
Psalm 104:2	[]
Psalm 104:3	[]
Psalm 104:4	[]
Psalm 104:5	[]
Psalm 104:6	[false]
Psalm 104:7	[false,false]
Psalm 104:8	[false]
Psalm 104:9	[false]
Psalm 104:10	[]
Psalm 104:11	[]
Psalm 104:12	[]
Psalm 104:13	[]
Psalm 104:14	[]
Psalm 104:15	[]
Psalm 104:16	[]
Psalm 104:17	[]
Psalm 104:18	[]
Psalm 104:19	[]
Psalm 104:20	[false]
Psalm 104:21	[]
Psalm 104:22	[]
Psalm 104:23	[]
Psalm 104:24	[false,false,false]
Psalm 104:25	[]
Psalm 104:26	[false]
Psalm 104:27	[false]
Psalm 104:28	[false,false,false]
Psalm 104:29	[false,false,false]
Psalm 104:30	[false,false,false]
Psalm 104:31	[]
Psalm 104:32	[]
Psalm 104:33	[]
Psalm 104:34	[]
Psalm 104:35	[]
Psalm 105:1	[]
Psalm 105:2	[]
Psalm 105:3	[]
Psalm 105:4	[]
Psalm 105:5	[]
Psalm 105:6	[]
Psalm 105:7	[]
Psalm 105:8	[]
Psalm 105:9	[]
Psalm 105:10	[]
Psalm 105:11	[false,true]
Psalm 105:12	[]
Psalm 105:13	[]
Psalm 105:14	[]
Psalm 105:15	[]
Psalm 105:16	[]
Psalm 105:17	[]
Psalm 105:18	[]
Psalm 105:19	[]
Psalm 105:20	[]
Psalm 105:21	[]
Psalm 105:22	[]
Psalm 105:23	[]
Psalm 105:24	[]
Psalm 105:25	[]
Psalm 105:26	[]
Psalm 105:27	[]
Psalm 105:28	[]
Psalm 105:29	[]
Psalm 105:30	[]
Psalm 105:31	[]
Psalm 105:32	[]
Psalm 105:33	[]
Psalm 105:34	[]
Psalm 105:35	[]
Psalm 105:36	[]
Psalm 105:37	[]
Psalm 105:38	[]
Psalm 105:39	[]
Psalm 105:40	[]
Psalm 105:41	[]
Psalm 105:42	[]
Psalm 105:43	[]
Psalm 105:44	[]
Psalm 105:45	[]
Psalm 106:1	[]
Psalm 106:2	[]
Psalm 106:3	[]
Psalm 106:4	[false,false,false]
Psalm 106:5	[false,false,false]
Psalm 106:6	[]
Psalm 106:7	[false,false]
Psalm 106:8	[]
Psalm 106:9	[]
Psalm 106:10	[]
Psalm 106:11	[]
Psalm 106:12	[]
Psalm 106:13	[]
Psalm 106:14	[]
Psalm 106:15	[]
Psalm 106:16	[]
Psalm 106:17	[]
Psalm 106:18	[]
Psalm 106:19	[]
Psalm 106:20	[]
Psalm 106:21	[]
Psalm 106:22	[]
Psalm 106:23	[]
Psalm 106:24	[]
Psalm 106:25	[]
Psalm 106:26	[]
Psalm 106:27	[]
Psalm 106:28	[]
Psalm 106:29	[]
Psalm 106:30	[]
Psalm 106:31	[]
Psalm 106:32	[]
Psalm 106:33	[]
Psalm 106:34	[]
Psalm 106:35	[]
Psalm 106:36	[]
Psalm 106:37	[]
Psalm 106:38	[]
Psalm 106:39	[]
Psalm 106:40	[]
Psalm 106:41	[]
Psalm 106:42	[]
Psalm 106:43	[]
Psalm 106:44	[]
Psalm 106:45	[]
Psalm 106:46	[]
Psalm 106:47	[false,false]
Psalm 106:48	[]
Psalm 107:1	[]
Psalm 107:2	[]
Psalm 107:3	[]
Psalm 107:4	[]
Psalm 107:5	[]
Psalm 107:6	[]
Psalm 107:7	[]
Psalm 107:8	[]
Psalm 107:9	[]
Psalm 107:10	[]
Psalm 107:11	[]
Psalm 107:12	[]
Psalm 107:13	[]
Psalm 107:14	[]
Psalm 107:15	[]
Psalm 107:16	[]
Psalm 107:17	[]
Psalm 107:18	[]
Psalm 107:19	[]
Psalm 107:20	[]
Psalm 107:21	[]
Psalm 107:22	[]
Psalm 107:23	[]
Psalm 107:24	[]
Psalm 107:25	[]
Psalm 107:26	[]
Psalm 107:27	[]
Psalm 107:28	[]
Psalm 107:29	[]
Psalm 107:30	[]
Psalm 107:31	[]
Psalm 107:32	[]
Psalm 107:33	[]
Psalm 107:34	[]
Psalm 107:35	[]
Psalm 107:36	[]
Psalm 107:37	[]
Psalm 107:38	[]
Psalm 107:39	[]
Psalm 107:40	[]
Psalm 107:41	[]
Psalm 107:42	[]
Psalm 107:43	[]
Psalm 108:1	[]
Psalm 108:2	[]
Psalm 108:3	[false,false]
Psalm 108:4	[false,false]
Psalm 108:5	[false]
Psalm 108:6	[false,false]
Psalm 108:7	[]
Psalm 108:8	[]
Psalm 108:9	[]
Psalm 108:10	[]
Psalm 108:11	[false,false]
Psalm 108:12	[]
Psalm 108:13	[]
Psalm 109:1	[]
Psalm 109:2	[]
Psalm 109:3	[]
Psalm 109:4	[]
Psalm 109:5	[]
Psalm 109:6	[]
Psalm 109:7	[]
Psalm 109:8	[]
Psalm 109:9	[]
Psalm 109:10	[]
Psalm 109:11	[]
Psalm 109:12	[]
Psalm 109:13	[]
Psalm 109:14	[]
Psalm 109:15	[]
Psalm 109:16	[]
Psalm 109:17	[]
Psalm 109:18	[]
Psalm 109:19	[]
Psalm 109:20	[]
Psalm 109:21	[false,false,false]
Psalm 109:22	[]
Psalm 109:23	[]
Psalm 109:24	[]
Psalm 109:25	[]
Psalm 109:26	[false]
Psalm 109:27	[false,false]
Psalm 109:28	[false,false]
Psalm 109:29	[]
Psalm 109:30	[]
Psalm 109:31	[]
Psalm 110:1	[false,false]
Psalm 110:2	[false,false]
Psalm 110:3	[false,false,false,false]
Psalm 110:4	[false]
Psalm 110:5	[false]
Psalm 110:6	[]
Psalm 110:7	[]
Psalm 111:1	[]
Psalm 111:2	[]
Psalm 111:3	[]
Psalm 111:4	[]
Psalm 111:5	[]
Psalm 111:6	[]
Psalm 111:7	[]
Psalm 111:8	[]
Psalm 111:9	[]
Psalm 111:10	[]
Psalm 112:1	[]
Psalm 112:2	[]
Psalm 112:3	[]
Psalm 112:4	[]
Psalm 112:5	[]
Psalm 112:6	[]
Psalm 112:7	[]
Psalm 112:8	[]
Psalm 112:9	[]
Psalm 112:10	[]
Psalm 113:1	[]
Psalm 113:2	[]
Psalm 113:3	[]
Psalm 113:4	[]
Psalm 113:5	[]
Psalm 113:6	[]
Psalm 113:7	[]
Psalm 113:8	[]
Psalm 113:9	[]
Psalm 114:1	[]
Psalm 114:2	[]
Psalm 114:3	[]
Psalm 114:4	[]
Psalm 114:5	[false,false]
Psalm 114:6	[true]
Psalm 114:7	[]
Psalm 114:8	[]
Psalm 115:1	[false,false,false]
Psalm 115:2	[]
Psalm 115:3	[]
Psalm 115:4	[]
Psalm 115:5	[]
Psalm 115:6	[]
Psalm 115:7	[]
Psalm 115:8	[]
Psalm 115:9	[]
Psalm 115:10	[]
Psalm 115:11	[false]
Psalm 115:12	[]
Psalm 115:13	[]
Psalm 115:14	[true,true,true]
Psalm 115:15	[true]
Psalm 115:16	[]
Psalm 115:17	[]
Psalm 115:18	[]
Psalm 116:1	[]
Psalm 116:2	[]
Psalm 116:3	[]
Psalm 116:4	[]
Psalm 116:5	[]
Psalm 116:6	[]
Psalm 116:7	[false,false]
Psalm 116:8	[false]
Psalm 116:9	[]
Psalm 116:10	[]
Psalm 116:11	[]
Psalm 116:12	[]
Psalm 116:13	[]
Psalm 116:14	[]
Psalm 116:15	[]
Psalm 116:16	[false,false,false,false]
Psalm 116:17	[false]
Psalm 116:18	[]
Psalm 116:19	[false]
Psalm 117:1	[false,false]
Psalm 117:2	[]
Psalm 118:1	[]
Psalm 118:2	[]
Psalm 118:3	[]
Psalm 118:4	[]
Psalm 118:5	[]
Psalm 118:6	[]
Psalm 118:7	[]
Psalm 118:8	[]
Psalm 118:9	[]
Psalm 118:10	[]
Psalm 118:11	[]
Psalm 118:12	[]
Psalm 118:13	[]
Psalm 118:14	[]
Psalm 118:15	[]
Psalm 118:16	[]
Psalm 118:17	[]
Psalm 118:18	[]
Psalm 118:19	[]
Psalm 118:20	[]
Psalm 118:21	[false,false,false]
Psalm 118:22	[]
Psalm 118:23	[]
Psalm 118:24	[]
Psalm 118:25	[false]
Psalm 118:26	[true]
Psalm 118:27	[]
Psalm 118:28	[false,false,false,false]
Psalm 118:29	[]
Psalm 119:1	[]
Psalm 119:2	[]
Psalm 119:3	[]
Psalm 119:4	[false,false]
Psalm 119:5	[false]
Psalm 119:6	[false]
Psalm 119:7	[false,false]
Psalm 119:8	[false]
Psalm 119:9	[false]
Psalm 119:10	[false,false]
Psalm 119:11	[false,false]
Psalm 119:12	[false,false]
Psalm 119:13	[false]
Psalm 119:14	[false]
Psalm 119:15	[false,false]
Psalm 119:16	[false,false]
Psalm 119:17	[false,false]
Psalm 119:18	[false]
Psalm 119:19	[false]
Psalm 119:20	[false]
Psalm 119:21	[false,false]
Psalm 119:22	[false]
Psalm 119:23	[false,false]
Psalm 119:24	[false]
Psalm 119:25	[false]
Psalm 119:26	[false,false]
Psalm 119:27	[false,false]
Psalm 119:28	[false]
Psalm 119:29	[false]
Psalm 119:30	[false]
Psalm 119:31	[false]
Psalm 119:32	[false,false]
Psalm 119:33	[false]
Psalm 119:34	[false]
Psalm 119:35	[false]
Psalm 119:36	[false]
Psalm 119:37	[false]
Psalm 119:38	[false,false,false]
Psalm 119:39	[false]
Psalm 119:40	[false,false]
Psalm 119:41	[false,false,false]
Psalm 119:42	[false]
Psalm 119:43	[false,false]
Psalm 119:44	[false]
Psalm 119:45	[false]
Psalm 119:46	[false]
Psalm 119:47	[false]
Psalm 119:48	[false,false]
Psalm 119:49	[false,false,false]
Psalm 119:50	[false]
Psalm 119:51	[false]
Psalm 119:52	[false]
Psalm 119:53	[false]
Psalm 119:54	[false]
Psalm 119:55	[false,false]
Psalm 119:56	[false]
Psalm 119:57	[false]
Psalm 119:58	[false,false]
Psalm 119:59	[false]
Psalm 119:60	[false]
Psalm 119:61	[false]
Psalm 119:62	[false,false]
Psalm 119:63	[false,false]
Psalm 119:64	[false,false]
Psalm 119:65	[false,false,false]
Psalm 119:66	[false]
Psalm 119:67	[false]
Psalm 119:68	[false,false,false]
Psalm 119:69	[false]
Psalm 119:70	[false]
Psalm 119:71	[false]
Psalm 119:72	[false]
Psalm 119:73	[false,false]
Psalm 119:74	[false,false]
Psalm 119:75	[false,false]
Psalm 119:76	[false,false,false]
Psalm 119:77	[false,false]
Psalm 119:78	[false]
Psalm 119:79	[false,false]
Psalm 119:80	[false]
Psalm 119:81	[false,false]
Psalm 119:82	[false,false]
Psalm 119:83	[false]
Psalm 119:84	[false,false]
Psalm 119:85	[false]
Psalm 119:86	[false]
Psalm 119:87	[false]
Psalm 119:88	[false,false]
Psalm 119:89	[false]
Psalm 119:90	[false,false]
Psalm 119:91	[false,false]
Psalm 119:92	[false]
Psalm 119:93	[false,false]
Psalm 119:94	[false,false]
Psalm 119:95	[false]
Psalm 119:96	[false]
Psalm 119:97	[false]
Psalm 119:98	[false]
Psalm 119:99	[false]
Psalm 119:100	[false]
Psalm 119:101	[false]
Psalm 119:102	[false,false,false]
Psalm 119:103	[false]
Psalm 119:104	[false]
Psalm 119:105	[false]
Psalm 119:106	[false]
Psalm 119:107	[false]
Psalm 119:108	[false]
Psalm 119:109	[false]
Psalm 119:110	[false]
Psalm 119:111	[false]
Psalm 119:112	[false]
Psalm 119:113	[false]
Psalm 119:114	[false,false]
Psalm 119:115	[true]
Psalm 119:116	[false]
Psalm 119:117	[false]
Psalm 119:118	[false,false]
Psalm 119:119	[false,false]
Psalm 119:120	[false,false]
Psalm 119:121	[]
Psalm 119:122	[false]
Psalm 119:123	[false,false]
Psalm 119:124	[false,false,false]
Psalm 119:125	[false,false]
Psalm 119:126	[false]
Psalm 119:127	[false]
Psalm 119:128	[false]
Psalm 119:129	[false]
Psalm 119:130	[false]
Psalm 119:131	[false]
Psalm 119:132	[false,false]
Psalm 119:133	[false]
Psalm 119:134	[false]
Psalm 119:135	[false,false,false]
Psalm 119:136	[false]
Psalm 119:137	[false,false]
Psalm 119:138	[false]
Psalm 119:139	[false]
Psalm 119:140	[false,false]
Psalm 119:141	[false]
Psalm 119:142	[false,false]
Psalm 119:143	[false]
Psalm 119:144	[false]
Psalm 119:145	[false]
Psalm 119:146	[false,false]
Psalm 119:147	[false]
Psalm 119:148	[false]
Psalm 119:149	[false,false]
Psalm 119:150	[false]
Psalm 119:151	[false,false]
Psalm 119:152	[false,false]
Psalm 119:153	[false]
Psalm 119:154	[false]
Psalm 119:155	[false]
Psalm 119:156	[false,false]
Psalm 119:157	[false]
Psalm 119:158	[false]
Psalm 119:159	[false,false]
Psalm 119:160	[false,false]
Psalm 119:161	[false]
Psalm 119:162	[false]
Psalm 119:163	[false]
Psalm 119:164	[false,false]
Psalm 119:165	[false]
Psalm 119:166	[false,false]
Psalm 119:167	[false]
Psalm 119:168	[false,false,false]
Psalm 119:169	[false,false]
Psalm 119:170	[false,false]
Psalm 119:171	[false,false]
Psalm 119:172	[false,false]
Psalm 119:173	[false,false]
Psalm 119:174	[false,false]
Psalm 119:175	[false,false]
Psalm 119:176	[false,false]
Psalm 120:1	[]
Psalm 120:2	[]
Psalm 120:3	[false,false]
Psalm 120:4	[]
Psalm 120:5	[]
Psalm 120:6	[]
Psalm 120:7	[]
Psalm 121:1	[]
Psalm 121:2	[]
Psalm 121:3	[false,false]
Psalm 121:4	[]
Psalm 121:5	[false,false]
Psalm 121:6	[false]
Psalm 121:7	[false,false]
Psalm 121:8	[false]
Psalm 122:1	[]
Psalm 122:2	[false]
Psalm 122:3	[]
Psalm 122:4	[]
Psalm 122:5	[]
Psalm 122:6	[false]
Psalm 122:7	[false,false]
Psalm 122:8	[false]
Psalm 122:9	[false]
Psalm 123:1	[false]
Psalm 123:2	[]
Psalm 123:3	[]
Psalm 123:4	[]
Psalm 124:1	[]
Psalm 124:2	[]
Psalm 124:3	[]
Psalm 124:4	[]
Psalm 124:5	[]
Psalm 124:6	[]
Psalm 124:7	[]
Psalm 124:8	[]
Psalm 125:1	[]
Psalm 125:2	[]
Psalm 125:3	[]
Psalm 125:4	[]
Psalm 125:5	[]
Psalm 126:1	[]
Psalm 126:2	[]
Psalm 126:3	[]
Psalm 126:4	[]
Psalm 126:5	[]
Psalm 126:6	[]
Psalm 127:1	[]
Psalm 127:2	[true]
Psalm 127:3	[]
Psalm 127:4	[]
Psalm 127:5	[]
Psalm 128:1	[]
Psalm 128:2	[false,false,false]
Psalm 128:3	[false,false,false,false]
Psalm 128:4	[]
Psalm 128:5	[false,false,false]
Psalm 128:6	[false,false]
Psalm 129:1	[]
Psalm 129:2	[]
Psalm 129:3	[]
Psalm 129:4	[]
Psalm 129:5	[]
Psalm 129:6	[]
Psalm 129:7	[]
Psalm 129:8	[true,true]
Psalm 130:1	[false]
Psalm 130:2	[false]
Psalm 130:3	[false]
Psalm 130:4	[false,false]
Psalm 130:5	[]
Psalm 130:6	[]
Psalm 130:7	[false]
Psalm 130:8	[]
Psalm 131:1	[]
Psalm 131:2	[]
Psalm 131:3	[false]
Psalm 132:1	[]
Psalm 132:2	[]
Psalm 132:3	[]
Psalm 132:4	[]
Psalm 132:5	[]
Psalm 132:6	[]
Psalm 132:7	[]
Psalm 132:8	[false,false,false]
Psalm 132:9	[false,false]
Psalm 132:10	[false,false]
Psalm 132:11	[false,false]
Psalm 132:12	[false,false]
Psalm 132:13	[]
Psalm 132:14	[]
Psalm 132:15	[]
Psalm 132:16	[]
Psalm 132:17	[]
Psalm 132:18	[]
Psalm 133:1	[]
Psalm 133:2	[]
Psalm 133:3	[]
Psalm 134:1	[false]
Psalm 134:2	[true]
Psalm 134:3	[false]
Psalm 135:1	[]
Psalm 135:2	[]
Psalm 135:3	[]
Psalm 135:4	[]
Psalm 135:5	[]
Psalm 135:6	[]
Psalm 135:7	[]
Psalm 135:8	[]
Psalm 135:9	[false]
Psalm 135:10	[]
Psalm 135:11	[]
Psalm 135:12	[]
Psalm 135:13	[false,false]
Psalm 135:14	[]
Psalm 135:15	[]
Psalm 135:16	[]
Psalm 135:17	[]
Psalm 135:18	[]
Psalm 135:19	[]
Psalm 135:20	[false]
Psalm 135:21	[]
Psalm 136:1	[]
Psalm 136:2	[]
Psalm 136:3	[]
Psalm 136:4	[]
Psalm 136:5	[]
Psalm 136:6	[]
Psalm 136:7	[]
Psalm 136:8	[]
Psalm 136:9	[]
Psalm 136:10	[]
Psalm 136:11	[]
Psalm 136:12	[]
Psalm 136:13	[]
Psalm 136:14	[]
Psalm 136:15	[]
Psalm 136:16	[]
Psalm 136:17	[]
Psalm 136:18	[]
Psalm 136:19	[]
Psalm 136:20	[]
Psalm 136:21	[]
Psalm 136:22	[]
Psalm 136:23	[]
Psalm 136:24	[]
Psalm 136:25	[]
Psalm 136:26	[]
Psalm 137:1	[]
Psalm 137:2	[]
Psalm 137:3	[]
Psalm 137:4	[]
Psalm 137:5	[false]
Psalm 137:6	[false]
Psalm 137:7	[]
Psalm 137:8	[false,false]
Psalm 137:9	[false]
Psalm 138:1	[false,false]
Psalm 138:2	[false,false,false,false,false,false,false]
Psalm 138:3	[false,false]
Psalm 138:4	[false,false]
Psalm 138:5	[]
Psalm 138:6	[]
Psalm 138:7	[false,false,false,false]
Psalm 138:8	[false,false]
Psalm 139:1	[false]
Psalm 139:2	[false,false]
Psalm 139:3	[false,false]
Psalm 139:4	[false]
Psalm 139:5	[false,false,false]
Psalm 139:6	[]
Psalm 139:7	[false,false]
Psalm 139:8	[false,false]
Psalm 139:9	[]
Psalm 139:10	[false,false]
Psalm 139:11	[]
Psalm 139:12	[false,false]
Psalm 139:13	[false,false]
Psalm 139:14	[false,false]
Psalm 139:15	[false]
Psalm 139:16	[false,false]
Psalm 139:17	[false]
Psalm 139:18	[false]
Psalm 139:19	[false,false]
Psalm 139:20	[false,false,false]
Psalm 139:21	[false,false]
Psalm 139:22	[]
Psalm 139:23	[]
Psalm 139:24	[]
Psalm 140:1	[]
Psalm 140:2	[]
Psalm 140:3	[]
Psalm 140:4	[]
Psalm 140:5	[]
Psalm 140:6	[false]
Psalm 140:7	[false]
Psalm 140:8	[]
Psalm 140:9	[]
Psalm 140:10	[]
Psalm 140:11	[]
Psalm 140:12	[]
Psalm 140:13	[false,false]
Psalm 141:1	[false,false]
Psalm 141:2	[false]
Psalm 141:3	[]
Psalm 141:4	[]
Psalm 141:5	[]
Psalm 141:6	[]
Psalm 141:7	[]
Psalm 141:8	[false,false]
Psalm 141:9	[]
Psalm 141:10	[]
Psalm 142:1	[]
Psalm 142:2	[]
Psalm 142:3	[false]
Psalm 142:4	[]
Psalm 142:5	[false,false]
Psalm 142:6	[]
Psalm 142:7	[false,false]
Psalm 143:1	[false,false]
Psalm 143:2	[false,false]
Psalm 143:3	[]
Psalm 143:4	[]
Psalm 143:5	[false,false]
Psalm 143:6	[false,false]
Psalm 143:7	[false]
Psalm 143:8	[false,false,false]
Psalm 143:9	[false]
Psalm 143:10	[false,false,false]
Psalm 143:11	[false,false]
Psalm 143:12	[false,false]
Psalm 144:1	[]
Psalm 144:2	[]
Psalm 144:3	[false,false]
Psalm 144:4	[]
Psalm 144:5	[false]
Psalm 144:6	[false,false]
Psalm 144:7	[]
Psalm 144:8	[]
Psalm 144:9	[false,false]
Psalm 144:10	[]
Psalm 144:11	[]
Psalm 144:12	[]
Psalm 144:13	[]
Psalm 144:14	[]
Psalm 144:15	[]
Psalm 145:1	[false,false]
Psalm 145:2	[false,false]
Psalm 145:3	[]
Psalm 145:4	[false,false]
Psalm 145:5	[false,false]
Psalm 145:6	[false,false]
Psalm 145:7	[false,false]
Psalm 145:8	[]
Psalm 145:9	[]
Psalm 145:10	[false,false,false,false]
Psalm 145:11	[false,false]
Psalm 145:12	[false,false]
Psalm 145:13	[false,false]
Psalm 145:14	[]
Psalm 145:15	[false,false]
Psalm 145:16	[false,false]
Psalm 145:17	[]
Psalm 145:18	[]
Psalm 145:19	[]
Psalm 145:20	[]
Psalm 145:21	[]
Psalm 146:1	[]
Psalm 146:2	[]
Psalm 146:3	[true]
Psalm 146:4	[]
Psalm 146:5	[]
Psalm 146:6	[]
Psalm 146:7	[]
Psalm 146:8	[]
Psalm 146:9	[]
Psalm 146:10	[false]
Psalm 147:1	[]
Psalm 147:2	[]
Psalm 147:3	[]
Psalm 147:4	[]
Psalm 147:5	[]
Psalm 147:6	[]
Psalm 147:7	[]
Psalm 147:8	[]
Psalm 147:9	[]
Psalm 147:10	[]
Psalm 147:11	[]
Psalm 147:12	[false]
Psalm 147:13	[false,false]
Psalm 147:14	[false,false]
Psalm 147:15	[]
Psalm 147:16	[]
Psalm 147:17	[]
Psalm 147:18	[]
Psalm 147:19	[]
Psalm 147:20	[]
Psalm 148:1	[]
Psalm 148:2	[]
Psalm 148:3	[false]
Psalm 148:4	[false]
Psalm 148:5	[]
Psalm 148:6	[]
Psalm 148:7	[]
Psalm 148:8	[]
Psalm 148:9	[]
Psalm 148:10	[]
Psalm 148:11	[]
Psalm 148:12	[]
Psalm 148:13	[]
Psalm 148:14	[]
Psalm 149:1	[]
Psalm 149:2	[]
Psalm 149:3	[]
Psalm 149:4	[]
Psalm 149:5	[]
Psalm 149:6	[]
Psalm 149:7	[]
Psalm 149:8	[]
Psalm 149:9	[]
Psalm 150:1	[]
Psalm 150:2	[]
Psalm 150:3	[]
Psalm 150:4	[]
Psalm 150:5	[]
Psalm 150:6	[]
Proverbs 1:1	[]
Proverbs 1:2	[]
Proverbs 1:3	[]
Proverbs 1:4	[]
Proverbs 1:5	[]
Proverbs 1:6	[]
Proverbs 1:7	[]
Proverbs 1:8	[false,false]
Proverbs 1:9	[false,false]
Proverbs 1:10	[false]
Proverbs 1:11	[]
Proverbs 1:12	[]
Proverbs 1:13	[]
Proverbs 1:14	[false]
Proverbs 1:15	[]
Proverbs 1:16	[]
Proverbs 1:17	[]
Proverbs 1:18	[]
Proverbs 1:19	[]
Proverbs 1:20	[]
Proverbs 1:21	[]
Proverbs 1:22	[true,true]
Proverbs 1:23	[true,true,true]
Proverbs 1:24	[true]
Proverbs 1:25	[true]
Proverbs 1:26	[true,true]
Proverbs 1:27	[true,true,true]
Proverbs 1:28	[]
Proverbs 1:29	[]
Proverbs 1:30	[]
Proverbs 1:31	[]
Proverbs 1:32	[]
Proverbs 1:33	[]
Proverbs 2:1	[false,false]
Proverbs 2:2	[false,false,false]
Proverbs 2:3	[false,false]
Proverbs 2:4	[false]
Proverbs 2:5	[false]
Proverbs 2:6	[]
Proverbs 2:7	[]
Proverbs 2:8	[]
Proverbs 2:9	[false]
Proverbs 2:10	[false,false]
Proverbs 2:11	[false,false]
Proverbs 2:12	[false]
Proverbs 2:13	[]
Proverbs 2:14	[]
Proverbs 2:15	[]
Proverbs 2:16	[false]
Proverbs 2:17	[]
Proverbs 2:18	[]
Proverbs 2:19	[]
Proverbs 2:20	[false]
Proverbs 2:21	[]
Proverbs 2:22	[]
Proverbs 3:1	[false]
Proverbs 3:2	[false,false]
Proverbs 3:3	[false,false,false]
Proverbs 3:4	[false]
Proverbs 3:5	[false,false]
Proverbs 3:6	[false,false]
Proverbs 3:7	[false]
Proverbs 3:8	[false,false]
Proverbs 3:9	[false,false]
Proverbs 3:10	[false,false]
Proverbs 3:11	[]
Proverbs 3:12	[]
Proverbs 3:13	[]
Proverbs 3:14	[]
Proverbs 3:15	[false]
Proverbs 3:16	[]
Proverbs 3:17	[]
Proverbs 3:18	[]
Proverbs 3:19	[]
Proverbs 3:20	[]
Proverbs 3:21	[]
Proverbs 3:22	[false,false]
Proverbs 3:23	[false,false,false]
Proverbs 3:24	[false,false,false,false]
Proverbs 3:25	[]
Proverbs 3:26	[false,false]
Proverbs 3:27	[false]
Proverbs 3:28	[false,false]
Proverbs 3:29	[false,false]
Proverbs 3:30	[false]
Proverbs 3:31	[]
Proverbs 3:32	[]
Proverbs 3:33	[]
Proverbs 3:34	[]
Proverbs 3:35	[]
Proverbs 4:1	[]
Proverbs 4:2	[true]
Proverbs 4:3	[]
Proverbs 4:4	[false,false]
Proverbs 4:5	[]
Proverbs 4:6	[false,false]
Proverbs 4:7	[false]
Proverbs 4:8	[false,false,false]
Proverbs 4:9	[false,false]
Proverbs 4:10	[false]
Proverbs 4:11	[false,false]
Proverbs 4:12	[false,false,false,false]
Proverbs 4:13	[false]
Proverbs 4:14	[]
Proverbs 4:15	[]
Proverbs 4:16	[]
Proverbs 4:17	[]
Proverbs 4:18	[]
Proverbs 4:19	[]
Proverbs 4:20	[false]
Proverbs 4:21	[false]
Proverbs 4:22	[]
Proverbs 4:23	[false]
Proverbs 4:24	[false,false]
Proverbs 4:25	[false,false]
Proverbs 4:26	[false,false]
Proverbs 4:27	[false]
Proverbs 5:1	[false]
Proverbs 5:2	[false,false]
Proverbs 5:3	[]
Proverbs 5:4	[]
Proverbs 5:5	[]
Proverbs 5:6	[]
Proverbs 5:7	[]
Proverbs 5:8	[false]
Proverbs 5:9	[false,false,false]
Proverbs 5:10	[false,false]
Proverbs 5:11	[false,false,false,false]
Proverbs 5:12	[false]
Proverbs 5:13	[]
Proverbs 5:14	[]
Proverbs 5:15	[false,false]
Proverbs 5:16	[false,false]
Proverbs 5:17	[false]
Proverbs 5:18	[false,false,false]
Proverbs 5:19	[false,false]
Proverbs 5:20	[]
Proverbs 5:21	[]
Proverbs 5:22	[]
Proverbs 5:23	[]
Proverbs 6:1	[false,false,false]
Proverbs 6:2	[false,false,false]
Proverbs 6:3	[false,false,false,false,false,false]
Proverbs 6:4	[false,false]
Proverbs 6:5	[false]
Proverbs 6:6	[]
Proverbs 6:7	[]
Proverbs 6:8	[]
Proverbs 6:9	[false,false,false]
Proverbs 6:10	[]
Proverbs 6:11	[false]
Proverbs 6:12	[]
Proverbs 6:13	[]
Proverbs 6:14	[]
Proverbs 6:15	[]
Proverbs 6:16	[]
Proverbs 6:17	[]
Proverbs 6:18	[]
Proverbs 6:19	[]
Proverbs 6:20	[false,false]
Proverbs 6:21	[false,false]
Proverbs 6:22	[false,false,false,false,false,false]
Proverbs 6:23	[]
Proverbs 6:24	[false]
Proverbs 6:25	[false,false]
Proverbs 6:26	[false]
Proverbs 6:27	[]
Proverbs 6:28	[]
Proverbs 6:29	[]
Proverbs 6:30	[]
Proverbs 6:31	[]
Proverbs 6:32	[]
Proverbs 6:33	[]
Proverbs 6:34	[]
Proverbs 6:35	[]
Proverbs 7:1	[false]
Proverbs 7:2	[false]
Proverbs 7:3	[false,false]
Proverbs 7:4	[false,false]
Proverbs 7:5	[false]
Proverbs 7:6	[]
Proverbs 7:7	[]
Proverbs 7:8	[]
Proverbs 7:9	[]
Proverbs 7:10	[]
Proverbs 7:11	[]
Proverbs 7:12	[]
Proverbs 7:13	[]
Proverbs 7:14	[]
Proverbs 7:15	[false,false,false]
Proverbs 7:16	[]
Proverbs 7:17	[]
Proverbs 7:18	[]
Proverbs 7:19	[]
Proverbs 7:20	[]
Proverbs 7:21	[]
Proverbs 7:22	[]
Proverbs 7:23	[]
Proverbs 7:24	[]
Proverbs 7:25	[false]
Proverbs 7:26	[]
Proverbs 7:27	[]
Proverbs 8:1	[]
Proverbs 8:2	[]
Proverbs 8:3	[]
Proverbs 8:4	[true]
Proverbs 8:5	[]
Proverbs 8:6	[]
Proverbs 8:7	[]
Proverbs 8:8	[]
Proverbs 8:9	[]
Proverbs 8:10	[]
Proverbs 8:11	[false]
Proverbs 8:12	[]
Proverbs 8:13	[]
Proverbs 8:14	[]
Proverbs 8:15	[]
Proverbs 8:16	[]
Proverbs 8:17	[]
Proverbs 8:18	[]
Proverbs 8:19	[]
Proverbs 8:20	[]
Proverbs 8:21	[]
Proverbs 8:22	[]
Proverbs 8:23	[]
Proverbs 8:24	[]
Proverbs 8:25	[]
Proverbs 8:26	[]
Proverbs 8:27	[]
Proverbs 8:28	[]
Proverbs 8:29	[]
Proverbs 8:30	[]
Proverbs 8:31	[]
Proverbs 8:32	[]
Proverbs 8:33	[]
Proverbs 8:34	[]
Proverbs 8:35	[]
Proverbs 8:36	[]
Proverbs 9:1	[]
Proverbs 9:2	[]
Proverbs 9:3	[]
Proverbs 9:4	[]
Proverbs 9:5	[]
Proverbs 9:6	[true,true]
Proverbs 9:7	[]
Proverbs 9:8	[false,false]
Proverbs 9:9	[]
Proverbs 9:10	[]
Proverbs 9:11	[false,false]
Proverbs 9:12	[false,false,false,false,false]
Proverbs 9:13	[]
Proverbs 9:14	[]
Proverbs 9:15	[]
Proverbs 9:16	[]
Proverbs 9:17	[]
Proverbs 9:18	[]
Proverbs 10:1	[]
Proverbs 10:2	[]
Proverbs 10:3	[]
Proverbs 10:4	[]
Proverbs 10:5	[]
Proverbs 10:6	[]
Proverbs 10:7	[]
Proverbs 10:8	[]
Proverbs 10:9	[]
Proverbs 10:10	[]
Proverbs 10:11	[]
Proverbs 10:12	[]
Proverbs 10:13	[]
Proverbs 10:14	[]
Proverbs 10:15	[]
Proverbs 10:16	[]
Proverbs 10:17	[]
Proverbs 10:18	[]
Proverbs 10:19	[]
Proverbs 10:20	[]
Proverbs 10:21	[]
Proverbs 10:22	[]
Proverbs 10:23	[]
Proverbs 10:24	[]
Proverbs 10:25	[]
Proverbs 10:26	[]
Proverbs 10:27	[]
Proverbs 10:28	[]
Proverbs 10:29	[]
Proverbs 10:30	[]
Proverbs 10:31	[]
Proverbs 10:32	[]
Proverbs 11:1	[]
Proverbs 11:2	[]
Proverbs 11:3	[]
Proverbs 11:4	[]
Proverbs 11:5	[]
Proverbs 11:6	[]
Proverbs 11:7	[]
Proverbs 11:8	[]
Proverbs 11:9	[]
Proverbs 11:10	[]
Proverbs 11:11	[]
Proverbs 11:12	[]
Proverbs 11:13	[]
Proverbs 11:14	[]
Proverbs 11:15	[]
Proverbs 11:16	[]
Proverbs 11:17	[]
Proverbs 11:18	[]
Proverbs 11:19	[]
Proverbs 11:20	[]
Proverbs 11:21	[]
Proverbs 11:22	[]
Proverbs 11:23	[]
Proverbs 11:24	[]
Proverbs 11:25	[]
Proverbs 11:26	[]
Proverbs 11:27	[]
Proverbs 11:28	[]
Proverbs 11:29	[]
Proverbs 11:30	[]
Proverbs 11:31	[]
Proverbs 12:1	[]
Proverbs 12:2	[]
Proverbs 12:3	[]
Proverbs 12:4	[]
Proverbs 12:5	[]
Proverbs 12:6	[]
Proverbs 12:7	[]
Proverbs 12:8	[]
Proverbs 12:9	[]
Proverbs 12:10	[]
Proverbs 12:11	[]
Proverbs 12:12	[]
Proverbs 12:13	[]
Proverbs 12:14	[]
Proverbs 12:15	[]
Proverbs 12:16	[]
Proverbs 12:17	[]
Proverbs 12:18	[]
Proverbs 12:19	[]
Proverbs 12:20	[]
Proverbs 12:21	[]
Proverbs 12:22	[]
Proverbs 12:23	[]
Proverbs 12:24	[]
Proverbs 12:25	[]
Proverbs 12:26	[]
Proverbs 12:27	[]
Proverbs 12:28	[]
Proverbs 13:1	[]
Proverbs 13:2	[]
Proverbs 13:3	[]
Proverbs 13:4	[]
Proverbs 13:5	[]
Proverbs 13:6	[]
Proverbs 13:7	[]
Proverbs 13:8	[]
Proverbs 13:9	[]
Proverbs 13:10	[]
Proverbs 13:11	[]
Proverbs 13:12	[]
Proverbs 13:13	[]
Proverbs 13:14	[]
Proverbs 13:15	[]
Proverbs 13:16	[]
Proverbs 13:17	[]
Proverbs 13:18	[]
Proverbs 13:19	[]
Proverbs 13:20	[]
Proverbs 13:21	[]
Proverbs 13:22	[]
Proverbs 13:23	[]
Proverbs 13:24	[]
Proverbs 13:25	[]
Proverbs 14:1	[]
Proverbs 14:2	[]
Proverbs 14:3	[]
Proverbs 14:4	[]
Proverbs 14:5	[]
Proverbs 14:6	[]
Proverbs 14:7	[false]
Proverbs 14:8	[]
Proverbs 14:9	[]
Proverbs 14:10	[]
Proverbs 14:11	[]
Proverbs 14:12	[]
Proverbs 14:13	[]
Proverbs 14:14	[]
Proverbs 14:15	[]
Proverbs 14:16	[]
Proverbs 14:17	[]
Proverbs 14:18	[]
Proverbs 14:19	[]
Proverbs 14:20	[]
Proverbs 14:21	[]
Proverbs 14:22	[]
Proverbs 14:23	[]
Proverbs 14:24	[]
Proverbs 14:25	[]
Proverbs 14:26	[]
Proverbs 14:27	[]
Proverbs 14:28	[]
Proverbs 14:29	[]
Proverbs 14:30	[]
Proverbs 14:31	[]
Proverbs 14:32	[]
Proverbs 14:33	[]
Proverbs 14:34	[]
Proverbs 14:35	[]
Proverbs 15:1	[]
Proverbs 15:2	[]
Proverbs 15:3	[]
Proverbs 15:4	[]
Proverbs 15:5	[]
Proverbs 15:6	[]
Proverbs 15:7	[]
Proverbs 15:8	[]
Proverbs 15:9	[]
Proverbs 15:10	[]
Proverbs 15:11	[]
Proverbs 15:12	[]
Proverbs 15:13	[]
Proverbs 15:14	[]
Proverbs 15:15	[]
Proverbs 15:16	[]
Proverbs 15:17	[]
Proverbs 15:18	[]
Proverbs 15:19	[]
Proverbs 15:20	[]
Proverbs 15:21	[]
Proverbs 15:22	[]
Proverbs 15:23	[]
Proverbs 15:24	[]
Proverbs 15:25	[]
Proverbs 15:26	[]
Proverbs 15:27	[]
Proverbs 15:28	[]
Proverbs 15:29	[]
Proverbs 15:30	[]
Proverbs 15:31	[]
Proverbs 15:32	[]
Proverbs 15:33	[]
Proverbs 16:1	[]
Proverbs 16:2	[]
Proverbs 16:3	[false,false]
Proverbs 16:4	[]
Proverbs 16:5	[]
Proverbs 16:6	[]
Proverbs 16:7	[]
Proverbs 16:8	[]
Proverbs 16:9	[]
Proverbs 16:10	[]
Proverbs 16:11	[]
Proverbs 16:12	[]
Proverbs 16:13	[]
Proverbs 16:14	[]
Proverbs 16:15	[]
Proverbs 16:16	[]
Proverbs 16:17	[]
Proverbs 16:18	[]
Proverbs 16:19	[]
Proverbs 16:20	[]
Proverbs 16:21	[]
Proverbs 16:22	[]
Proverbs 16:23	[]
Proverbs 16:24	[]
Proverbs 16:25	[]
Proverbs 16:26	[]
Proverbs 16:27	[]
Proverbs 16:28	[]
Proverbs 16:29	[]
Proverbs 16:30	[]
Proverbs 16:31	[]
Proverbs 16:32	[]
Proverbs 16:33	[]
Proverbs 17:1	[]
Proverbs 17:2	[]
Proverbs 17:3	[]
Proverbs 17:4	[]
Proverbs 17:5	[]
Proverbs 17:6	[]
Proverbs 17:7	[]
Proverbs 17:8	[]
Proverbs 17:9	[]
Proverbs 17:10	[]
Proverbs 17:11	[]
Proverbs 17:12	[]
Proverbs 17:13	[]
Proverbs 17:14	[]
Proverbs 17:15	[]
Proverbs 17:16	[]
Proverbs 17:17	[]
Proverbs 17:18	[]
Proverbs 17:19	[]
Proverbs 17:20	[]
Proverbs 17:21	[]
Proverbs 17:22	[]
Proverbs 17:23	[]
Proverbs 17:24	[]
Proverbs 17:25	[]
Proverbs 17:26	[]
Proverbs 17:27	[]
Proverbs 17:28	[]
Proverbs 18:1	[]
Proverbs 18:2	[]
Proverbs 18:3	[]
Proverbs 18:4	[]
Proverbs 18:5	[]
Proverbs 18:6	[]
Proverbs 18:7	[]
Proverbs 18:8	[]
Proverbs 18:9	[]
Proverbs 18:10	[]
Proverbs 18:11	[]
Proverbs 18:12	[]
Proverbs 18:13	[]
Proverbs 18:14	[]
Proverbs 18:15	[]
Proverbs 18:16	[]
Proverbs 18:17	[]
Proverbs 18:18	[]
Proverbs 18:19	[]
Proverbs 18:20	[]
Proverbs 18:21	[]
Proverbs 18:22	[]
Proverbs 18:23	[]
Proverbs 18:24	[]
Proverbs 19:1	[]
Proverbs 19:2	[]
Proverbs 19:3	[]
Proverbs 19:4	[]
Proverbs 19:5	[]
Proverbs 19:6	[]
Proverbs 19:7	[]
Proverbs 19:8	[]
Proverbs 19:9	[]
Proverbs 19:10	[]
Proverbs 19:11	[]
Proverbs 19:12	[]
Proverbs 19:13	[]
Proverbs 19:14	[]
Proverbs 19:15	[]
Proverbs 19:16	[]
Proverbs 19:17	[]
Proverbs 19:18	[false]
Proverbs 19:19	[false,false]
Proverbs 19:20	[false,false]
Proverbs 19:21	[]
Proverbs 19:22	[]
Proverbs 19:23	[]
Proverbs 19:24	[]
Proverbs 19:25	[]
Proverbs 19:26	[]
Proverbs 19:27	[false,false]
Proverbs 19:28	[]
Proverbs 19:29	[]
Proverbs 20:1	[]
Proverbs 20:2	[]
Proverbs 20:3	[]
Proverbs 20:4	[]
Proverbs 20:5	[]
Proverbs 20:6	[]
Proverbs 20:7	[]
Proverbs 20:8	[]
Proverbs 20:9	[]
Proverbs 20:10	[]
Proverbs 20:11	[]
Proverbs 20:12	[]
Proverbs 20:13	[false,false,false]
Proverbs 20:14	[]
Proverbs 20:15	[]
Proverbs 20:16	[]
Proverbs 20:17	[]
Proverbs 20:18	[]
Proverbs 20:19	[]
Proverbs 20:20	[]
Proverbs 20:21	[]
Proverbs 20:22	[false]
Proverbs 20:23	[]
Proverbs 20:24	[]
Proverbs 20:25	[]
Proverbs 20:26	[]
Proverbs 20:27	[]
Proverbs 20:28	[]
Proverbs 20:29	[]
Proverbs 20:30	[]
Proverbs 21:1	[]
Proverbs 21:2	[]
Proverbs 21:3	[]
Proverbs 21:4	[]
Proverbs 21:5	[]
Proverbs 21:6	[]
Proverbs 21:7	[]
Proverbs 21:8	[]
Proverbs 21:9	[]
Proverbs 21:10	[]
Proverbs 21:11	[]
Proverbs 21:12	[]
Proverbs 21:13	[]
Proverbs 21:14	[]
Proverbs 21:15	[]
Proverbs 21:16	[]
Proverbs 21:17	[]
Proverbs 21:18	[]
Proverbs 21:19	[]
Proverbs 21:20	[]
Proverbs 21:21	[]
Proverbs 21:22	[]
Proverbs 21:23	[]
Proverbs 21:24	[]
Proverbs 21:25	[]
Proverbs 21:26	[]
Proverbs 21:27	[]
Proverbs 21:28	[]
Proverbs 21:29	[]
Proverbs 21:30	[]
Proverbs 21:31	[]
Proverbs 22:1	[]
Proverbs 22:2	[]
Proverbs 22:3	[]
Proverbs 22:4	[]
Proverbs 22:5	[]
Proverbs 22:6	[]
Proverbs 22:7	[]
Proverbs 22:8	[]
Proverbs 22:9	[]
Proverbs 22:10	[]
Proverbs 22:11	[]
Proverbs 22:12	[]
Proverbs 22:13	[]
Proverbs 22:14	[]
Proverbs 22:15	[]
Proverbs 22:16	[]
Proverbs 22:17	[false,false]
Proverbs 22:18	[false,false,false]
Proverbs 22:19	[false,false,false]
Proverbs 22:20	[false]
Proverbs 22:21	[false,false,false]
Proverbs 22:22	[]
Proverbs 22:23	[]
Proverbs 22:24	[]
Proverbs 22:25	[false,false]
Proverbs 22:26	[]
Proverbs 22:27	[false,false,false]
Proverbs 22:28	[false]
Proverbs 22:29	[false]
Proverbs 23:1	[false,false]
Proverbs 23:2	[false,false]
Proverbs 23:3	[]
Proverbs 23:4	[false,false]
Proverbs 23:5	[false]
Proverbs 23:6	[]
Proverbs 23:7	[false,false]
Proverbs 23:8	[false,false,false]
Proverbs 23:9	[false]
Proverbs 23:10	[]
Proverbs 23:11	[false]
Proverbs 23:12	[false,false]
Proverbs 23:13	[false]
Proverbs 23:14	[false]
Proverbs 23:15	[false]
Proverbs 23:16	[false]
Proverbs 23:17	[false]
Proverbs 23:18	[false]
Proverbs 23:19	[false]
Proverbs 23:20	[]
Proverbs 23:21	[]
Proverbs 23:22	[false,false,false]
Proverbs 23:23	[]
Proverbs 23:24	[]
Proverbs 23:25	[false,false]
Proverbs 23:26	[false,false]
Proverbs 23:27	[]
Proverbs 23:28	[]
Proverbs 23:29	[]
Proverbs 23:30	[]
Proverbs 23:31	[]
Proverbs 23:32	[]
Proverbs 23:33	[false,false]
Proverbs 23:34	[false]
Proverbs 23:35	[]
Proverbs 24:1	[]
Proverbs 24:2	[]
Proverbs 24:3	[]
Proverbs 24:4	[]
Proverbs 24:5	[]
Proverbs 24:6	[false]
Proverbs 24:7	[]
Proverbs 24:8	[]
Proverbs 24:9	[]
Proverbs 24:10	[false,false]
Proverbs 24:11	[]
Proverbs 24:12	[false,false]
Proverbs 24:13	[false]
Proverbs 24:14	[false,false,false,false]
Proverbs 24:15	[]
Proverbs 24:16	[]
Proverbs 24:17	[false,false]
Proverbs 24:18	[]
Proverbs 24:19	[]
Proverbs 24:20	[]
Proverbs 24:21	[]
Proverbs 24:22	[]
Proverbs 24:23	[]
Proverbs 24:24	[false]
Proverbs 24:25	[]
Proverbs 24:26	[]
Proverbs 24:27	[false,false,false,false]
Proverbs 24:28	[false,false]
Proverbs 24:29	[]
Proverbs 24:30	[]
Proverbs 24:31	[]
Proverbs 24:32	[]
Proverbs 24:33	[]
Proverbs 24:34	[false]
Proverbs 25:1	[]
Proverbs 25:2	[]
Proverbs 25:3	[]
Proverbs 25:4	[]
Proverbs 25:5	[]
Proverbs 25:6	[false]
Proverbs 25:7	[false,false]
Proverbs 25:8	[false,false,false]
Proverbs 25:9	[false,false]
Proverbs 25:10	[false,false,false]
Proverbs 25:11	[]
Proverbs 25:12	[]
Proverbs 25:13	[]
Proverbs 25:14	[]
Proverbs 25:15	[]
Proverbs 25:16	[false,false,false]
Proverbs 25:17	[false,false]
Proverbs 25:18	[]
Proverbs 25:19	[]
Proverbs 25:20	[]
Proverbs 25:21	[false]
Proverbs 25:22	[false,false]
Proverbs 25:23	[]
Proverbs 25:24	[]
Proverbs 25:25	[]
Proverbs 25:26	[]
Proverbs 25:27	[]
Proverbs 25:28	[]
Proverbs 26:1	[]
Proverbs 26:2	[]
Proverbs 26:3	[]
Proverbs 26:4	[false,false]
Proverbs 26:5	[]
Proverbs 26:6	[]
Proverbs 26:7	[]
Proverbs 26:8	[]
Proverbs 26:9	[]
Proverbs 26:10	[]
Proverbs 26:11	[]
Proverbs 26:12	[false]
Proverbs 26:13	[]
Proverbs 26:14	[]
Proverbs 26:15	[]
Proverbs 26:16	[]
Proverbs 26:17	[]
Proverbs 26:18	[]
Proverbs 26:19	[]
Proverbs 26:20	[]
Proverbs 26:21	[]
Proverbs 26:22	[]
Proverbs 26:23	[]
Proverbs 26:24	[]
Proverbs 26:25	[]
Proverbs 26:26	[]
Proverbs 26:27	[]
Proverbs 26:28	[]
Proverbs 27:1	[false]
Proverbs 27:2	[false,false,false]
Proverbs 27:3	[]
Proverbs 27:4	[]
Proverbs 27:5	[]
Proverbs 27:6	[]
Proverbs 27:7	[]
Proverbs 27:8	[]
Proverbs 27:9	[]
Proverbs 27:10	[false,false,false,false]
Proverbs 27:11	[]
Proverbs 27:12	[]
Proverbs 27:13	[]
Proverbs 27:14	[]
Proverbs 27:15	[]
Proverbs 27:16	[]
Proverbs 27:17	[]
Proverbs 27:18	[]
Proverbs 27:19	[]
Proverbs 27:20	[]
Proverbs 27:21	[]
Proverbs 27:22	[false]
Proverbs 27:23	[false,false]
Proverbs 27:24	[]
Proverbs 27:25	[]
Proverbs 27:26	[false]
Proverbs 27:27	[false,false,false,false]
Proverbs 28:1	[]
Proverbs 28:2	[]
Proverbs 28:3	[]
Proverbs 28:4	[]
Proverbs 28:5	[]
Proverbs 28:6	[]
Proverbs 28:7	[]
Proverbs 28:8	[]
Proverbs 28:9	[]
Proverbs 28:10	[]
Proverbs 28:11	[]
Proverbs 28:12	[]
Proverbs 28:13	[]
Proverbs 28:14	[]
Proverbs 28:15	[]
Proverbs 28:16	[]
Proverbs 28:17	[]
Proverbs 28:18	[]
Proverbs 28:19	[]
Proverbs 28:20	[]
Proverbs 28:21	[]
Proverbs 28:22	[]
Proverbs 28:23	[]
Proverbs 28:24	[]
Proverbs 28:25	[]
Proverbs 28:26	[]
Proverbs 28:27	[]
Proverbs 28:28	[]
Proverbs 29:1	[]
Proverbs 29:2	[]
Proverbs 29:3	[]
Proverbs 29:4	[]
Proverbs 29:5	[]
Proverbs 29:6	[]
Proverbs 29:7	[]
Proverbs 29:8	[]
Proverbs 29:9	[]
Proverbs 29:10	[]
Proverbs 29:11	[]
Proverbs 29:12	[]
Proverbs 29:13	[]
Proverbs 29:14	[]
Proverbs 29:15	[]
Proverbs 29:16	[]
Proverbs 29:17	[false,false,false]
Proverbs 29:18	[]
Proverbs 29:19	[]
Proverbs 29:20	[false]
Proverbs 29:21	[]
Proverbs 29:22	[]
Proverbs 29:23	[]
Proverbs 29:24	[]
Proverbs 29:25	[]
Proverbs 29:26	[]
Proverbs 29:27	[]
Proverbs 30:1	[]
Proverbs 30:2	[]
Proverbs 30:3	[]
Proverbs 30:4	[false]
Proverbs 30:5	[]
Proverbs 30:6	[false,false]
Proverbs 30:7	[false]
Proverbs 30:8	[]
Proverbs 30:9	[false]
Proverbs 30:10	[false,false]
Proverbs 30:11	[]
Proverbs 30:12	[]
Proverbs 30:13	[]
Proverbs 30:14	[]
Proverbs 30:15	[]
Proverbs 30:16	[]
Proverbs 30:17	[]
Proverbs 30:18	[]
Proverbs 30:19	[]
Proverbs 30:20	[]
Proverbs 30:21	[]
Proverbs 30:22	[]
Proverbs 30:23	[]
Proverbs 30:24	[]
Proverbs 30:25	[]
Proverbs 30:26	[]
Proverbs 30:27	[]
Proverbs 30:28	[]
Proverbs 30:29	[]
Proverbs 30:30	[]
Proverbs 30:31	[]
Proverbs 30:32	[false,false,false,false,false]
Proverbs 30:33	[]
Proverbs 31:1	[]
Proverbs 31:2	[]
Proverbs 31:3	[false,false]
Proverbs 31:4	[]
Proverbs 31:5	[]
Proverbs 31:6	[]
Proverbs 31:7	[]
Proverbs 31:8	[false]
Proverbs 31:9	[false]
Proverbs 31:10	[]
Proverbs 31:11	[]
Proverbs 31:12	[]
Proverbs 31:13	[]
Proverbs 31:14	[]
Proverbs 31:15	[]
Proverbs 31:16	[]
Proverbs 31:17	[]
Proverbs 31:18	[]
Proverbs 31:19	[]
Proverbs 31:20	[]
Proverbs 31:21	[]
Proverbs 31:22	[]
Proverbs 31:23	[]
Proverbs 31:24	[]
Proverbs 31:25	[]
Proverbs 31:26	[]
Proverbs 31:27	[]
Proverbs 31:28	[]
Proverbs 31:29	[false]
Proverbs 31:30	[]
Proverbs 31:31	[]
Ecclesiastes 1:1	[]
Ecclesiastes 1:2	[]
Ecclesiastes 1:3	[]
Ecclesiastes 1:4	[]
Ecclesiastes 1:5	[]
Ecclesiastes 1:6	[]
Ecclesiastes 1:7	[]
Ecclesiastes 1:8	[]
Ecclesiastes 1:9	[]
Ecclesiastes 1:10	[]
Ecclesiastes 1:11	[]
Ecclesiastes 1:12	[]
Ecclesiastes 1:13	[]
Ecclesiastes 1:14	[]
Ecclesiastes 1:15	[]
Ecclesiastes 1:16	[]
Ecclesiastes 1:17	[]
Ecclesiastes 1:18	[]
Ecclesiastes 2:1	[false]
Ecclesiastes 2:2	[]
Ecclesiastes 2:3	[]
Ecclesiastes 2:4	[]
Ecclesiastes 2:5	[]
Ecclesiastes 2:6	[]
Ecclesiastes 2:7	[]
Ecclesiastes 2:8	[]
Ecclesiastes 2:9	[]
Ecclesiastes 2:10	[]
Ecclesiastes 2:11	[]
Ecclesiastes 2:12	[]
Ecclesiastes 2:13	[]
Ecclesiastes 2:14	[]
Ecclesiastes 2:15	[]
Ecclesiastes 2:16	[]
Ecclesiastes 2:17	[]
Ecclesiastes 2:18	[]
Ecclesiastes 2:19	[]
Ecclesiastes 2:20	[]
Ecclesiastes 2:21	[]
Ecclesiastes 2:22	[]
Ecclesiastes 2:23	[]
Ecclesiastes 2:24	[]
Ecclesiastes 2:25	[]
Ecclesiastes 2:26	[]
Ecclesiastes 3:1	[]
Ecclesiastes 3:2	[]
Ecclesiastes 3:3	[]
Ecclesiastes 3:4	[]
Ecclesiastes 3:5	[]
Ecclesiastes 3:6	[]
Ecclesiastes 3:7	[]
Ecclesiastes 3:8	[]
Ecclesiastes 3:9	[]
Ecclesiastes 3:10	[]
Ecclesiastes 3:11	[]
Ecclesiastes 3:12	[]
Ecclesiastes 3:13	[]
Ecclesiastes 3:14	[]
Ecclesiastes 3:15	[]
Ecclesiastes 3:16	[]
Ecclesiastes 3:17	[]
Ecclesiastes 3:18	[]
Ecclesiastes 3:19	[]
Ecclesiastes 3:20	[]
Ecclesiastes 3:21	[]
Ecclesiastes 3:22	[]
Ecclesiastes 4:1	[]
Ecclesiastes 4:2	[]
Ecclesiastes 4:3	[]
Ecclesiastes 4:4	[]
Ecclesiastes 4:5	[]
Ecclesiastes 4:6	[]
Ecclesiastes 4:7	[]
Ecclesiastes 4:8	[]
Ecclesiastes 4:9	[]
Ecclesiastes 4:10	[]
Ecclesiastes 4:11	[]
Ecclesiastes 4:12	[]
Ecclesiastes 4:13	[]
Ecclesiastes 4:14	[]
Ecclesiastes 4:15	[]
Ecclesiastes 4:16	[]
Ecclesiastes 5:1	[false,false]
Ecclesiastes 5:2	[false,false,false]
Ecclesiastes 5:3	[]
Ecclesiastes 5:4	[false,false]
Ecclesiastes 5:5	[]
Ecclesiastes 5:6	[false,false,false,false,false]
Ecclesiastes 5:7	[]
Ecclesiastes 5:8	[false]
Ecclesiastes 5:9	[]
Ecclesiastes 5:10	[]
Ecclesiastes 5:11	[]
Ecclesiastes 5:12	[]
Ecclesiastes 5:13	[]
Ecclesiastes 5:14	[]
Ecclesiastes 5:15	[]
Ecclesiastes 5:16	[]
Ecclesiastes 5:17	[]
Ecclesiastes 5:18	[]
Ecclesiastes 5:19	[]
Ecclesiastes 5:20	[]
Ecclesiastes 6:1	[]
Ecclesiastes 6:2	[]
Ecclesiastes 6:3	[]
Ecclesiastes 6:4	[]
Ecclesiastes 6:5	[]
Ecclesiastes 6:6	[]
Ecclesiastes 6:7	[]
Ecclesiastes 6:8	[]
Ecclesiastes 6:9	[]
Ecclesiastes 6:10	[]
Ecclesiastes 6:11	[]
Ecclesiastes 6:12	[]
Ecclesiastes 7:1	[]
Ecclesiastes 7:2	[]
Ecclesiastes 7:3	[]
Ecclesiastes 7:4	[]
Ecclesiastes 7:5	[]
Ecclesiastes 7:6	[]
Ecclesiastes 7:7	[]
Ecclesiastes 7:8	[]
Ecclesiastes 7:9	[false]
Ecclesiastes 7:10	[false]
Ecclesiastes 7:11	[]
Ecclesiastes 7:12	[]
Ecclesiastes 7:13	[]
Ecclesiastes 7:14	[]
Ecclesiastes 7:15	[]
Ecclesiastes 7:16	[false,false,false]
Ecclesiastes 7:17	[false,false]
Ecclesiastes 7:18	[false]
Ecclesiastes 7:19	[]
Ecclesiastes 7:20	[]
Ecclesiastes 7:21	[false,false,false]
Ecclesiastes 7:22	[false,false,false,false]
Ecclesiastes 7:23	[]
Ecclesiastes 7:24	[]
Ecclesiastes 7:25	[]
Ecclesiastes 7:26	[]
Ecclesiastes 7:27	[]
Ecclesiastes 7:28	[]
Ecclesiastes 7:29	[]
Ecclesiastes 8:1	[]
Ecclesiastes 8:2	[false]
Ecclesiastes 8:3	[]
Ecclesiastes 8:4	[false]
Ecclesiastes 8:5	[]
Ecclesiastes 8:6	[]
Ecclesiastes 8:7	[]
Ecclesiastes 8:8	[]
Ecclesiastes 8:9	[]
Ecclesiastes 8:10	[]
Ecclesiastes 8:11	[]
Ecclesiastes 8:12	[]
Ecclesiastes 8:13	[]
Ecclesiastes 8:14	[]
Ecclesiastes 8:15	[]
Ecclesiastes 8:16	[]
Ecclesiastes 8:17	[]
Ecclesiastes 9:1	[]
Ecclesiastes 9:2	[]
Ecclesiastes 9:3	[]
Ecclesiastes 9:4	[]
Ecclesiastes 9:5	[]
Ecclesiastes 9:6	[]
Ecclesiastes 9:7	[false,false,false]
Ecclesiastes 9:8	[false,false]
Ecclesiastes 9:9	[false,false,false,false,false]
Ecclesiastes 9:10	[false,false,false,false]
Ecclesiastes 9:11	[]
Ecclesiastes 9:12	[]
Ecclesiastes 9:13	[]
Ecclesiastes 9:14	[]
Ecclesiastes 9:15	[]
Ecclesiastes 9:16	[]
Ecclesiastes 9:17	[]
Ecclesiastes 9:18	[]
Ecclesiastes 10:1	[]
Ecclesiastes 10:2	[]
Ecclesiastes 10:3	[]
Ecclesiastes 10:4	[false,false]
Ecclesiastes 10:5	[]
Ecclesiastes 10:6	[]
Ecclesiastes 10:7	[]
Ecclesiastes 10:8	[]
Ecclesiastes 10:9	[]
Ecclesiastes 10:10	[]
Ecclesiastes 10:11	[]
Ecclesiastes 10:12	[]
Ecclesiastes 10:13	[]
Ecclesiastes 10:14	[]
Ecclesiastes 10:15	[]
Ecclesiastes 10:16	[false]
Ecclesiastes 10:17	[false]
Ecclesiastes 10:18	[]
Ecclesiastes 10:19	[]
Ecclesiastes 10:20	[false,false,false,false]
Ecclesiastes 11:1	[false,false]
Ecclesiastes 11:2	[false,false]
Ecclesiastes 11:3	[]
Ecclesiastes 11:4	[]
Ecclesiastes 11:5	[false,false]
Ecclesiastes 11:6	[false,false,false]
Ecclesiastes 11:7	[]
Ecclesiastes 11:8	[]
Ecclesiastes 11:9	[false,false,false,false,false,false]
Ecclesiastes 11:10	[false,false]
Ecclesiastes 12:1	[false,false,false]
Ecclesiastes 12:2	[]
Ecclesiastes 12:3	[]
Ecclesiastes 12:4	[]
Ecclesiastes 12:5	[]
Ecclesiastes 12:6	[]
Ecclesiastes 12:7	[]
Ecclesiastes 12:8	[]
Ecclesiastes 12:9	[]
Ecclesiastes 12:10	[]
Ecclesiastes 12:11	[]
Ecclesiastes 12:12	[]
Ecclesiastes 12:13	[]
Ecclesiastes 12:14	[]
Song of Solomon 1:1	[]
Song of Solomon 1:2	[false]
Song of Solomon 1:3	[false,false,false]
Song of Solomon 1:4	[false,false,false,false]
Song of Solomon 1:5	[]
Song of Solomon 1:6	[]
Song of Solomon 1:7	[false,false,false,false]
Song of Solomon 1:8	[false,false]
Song of Solomon 1:9	[false]
Song of Solomon 1:10	[false,false]
Song of Solomon 1:11	[false]
Song of Solomon 1:12	[]
Song of Solomon 1:13	[]
Song of Solomon 1:14	[]
Song of Solomon 1:15	[false,false]
Song of Solomon 1:16	[false]
Song of Solomon 1:17	[]
Song of Solomon 2:1	[]
Song of Solomon 2:2	[]
Song of Solomon 2:3	[]
Song of Solomon 2:4	[]
Song of Solomon 2:5	[]
Song of Solomon 2:6	[]
Song of Solomon 2:7	[true]
Song of Solomon 2:8	[]
Song of Solomon 2:9	[]
Song of Solomon 2:10	[]
Song of Solomon 2:11	[]
Song of Solomon 2:12	[]
Song of Solomon 2:13	[]
Song of Solomon 2:14	[false,false,false,false]
Song of Solomon 2:15	[]
Song of Solomon 2:16	[]
Song of Solomon 2:17	[]
Song of Solomon 3:1	[]
Song of Solomon 3:2	[]
Song of Solomon 3:3	[true]
Song of Solomon 3:4	[]
Song of Solomon 3:5	[true]
Song of Solomon 3:6	[]
Song of Solomon 3:7	[]
Song of Solomon 3:8	[]
Song of Solomon 3:9	[]
Song of Solomon 3:10	[]
Song of Solomon 3:11	[]
Song of Solomon 4:1	[false,false,false,false]
Song of Solomon 4:2	[false]
Song of Solomon 4:3	[false,false,false,false]
Song of Solomon 4:4	[false]
Song of Solomon 4:5	[false]
Song of Solomon 4:6	[]
Song of Solomon 4:7	[false,false]
Song of Solomon 4:8	[]
Song of Solomon 4:9	[false,false,false,false]
Song of Solomon 4:10	[false,false,false]
Song of Solomon 4:11	[false,false,false]
Song of Solomon 4:12	[false]
Song of Solomon 4:13	[false]
Song of Solomon 4:14	[]
Song of Solomon 4:15	[false]
Song of Solomon 4:16	[]
Song of Solomon 5:1	[]
Song of Solomon 5:2	[]
Song of Solomon 5:3	[]
Song of Solomon 5:4	[]
Song of Solomon 5:5	[]
Song of Solomon 5:6	[]
Song of Solomon 5:7	[]
Song of Solomon 5:8	[true,true]
Song of Solomon 5:9	[false,false,false]
Song of Solomon 5:10	[]
Song of Solomon 5:11	[]
Song of Solomon 5:12	[]
Song of Solomon 5:13	[]
Song of Solomon 5:14	[]
Song of Solomon 5:15	[]
Song of Solomon 5:16	[]
Song of Solomon 6:1	[false,false]
Song of Solomon 6:2	[]
Song of Solomon 6:3	[]
Song of Solomon 6:4	[false]
Song of Solomon 6:5	[false,false]
Song of Solomon 6:6	[false]
Song of Solomon 6:7	[false,false]
Song of Solomon 6:8	[]
Song of Solomon 6:9	[]
Song of Solomon 6:10	[]
Song of Solomon 6:11	[]
Song of Solomon 6:12	[]
Song of Solomon 6:13	[false,true]
Song of Solomon 7:1	[false,false]
Song of Solomon 7:2	[false,false]
Song of Solomon 7:3	[false]
Song of Solomon 7:4	[false,false,false]
Song of Solomon 7:5	[false,false,false,false]
Song of Solomon 7:6	[false,false]
Song of Solomon 7:7	[false,false]
Song of Solomon 7:8	[false,false]
Song of Solomon 7:9	[false]
Song of Solomon 7:10	[]
Song of Solomon 7:11	[]
Song of Solomon 7:12	[false]
Song of Solomon 7:13	[false]
Song of Solomon 8:1	[false,false,false]
Song of Solomon 8:2	[false,false,false]
Song of Solomon 8:3	[]
Song of Solomon 8:4	[true]
Song of Solomon 8:5	[false,false,false,false]
Song of Solomon 8:6	[false,false]
Song of Solomon 8:7	[]
Song of Solomon 8:8	[]
Song of Solomon 8:9	[]
Song of Solomon 8:10	[]
Song of Solomon 8:11	[]
Song of Solomon 8:12	[false]
Song of Solomon 8:13	[false,false]
Song of Solomon 8:14	[]
Isaiah 1:1	[]
Isaiah 1:2	[]
Isaiah 1:3	[]
Isaiah 1:4	[]
Isaiah 1:5	[true,true,true,true]
Isaiah 1:6	[false,false]
Isaiah 1:7	[true,true,true,true]
Isaiah 1:8	[]
Isaiah 1:9	[]
Isaiah 1:10	[false,false]
Isaiah 1:11	[false]
Isaiah 1:12	[true,true]
Isaiah 1:13	[false,false]
Isaiah 1:14	[true,true]
Isaiah 1:15	[true,true,true,true,true,true]
Isaiah 1:16	[true,true]
Isaiah 1:17	[]
Isaiah 1:18	[true]
Isaiah 1:19	[true,true]
Isaiah 1:20	[true,true]
Isaiah 1:21	[]
Isaiah 1:22	[false,false]
Isaiah 1:23	[false]
Isaiah 1:24	[]
Isaiah 1:25	[false,false,false]
Isaiah 1:26	[false,false,false]
Isaiah 1:27	[]
Isaiah 1:28	[]
Isaiah 1:29	[true,true,true,true]
Isaiah 1:30	[true]
Isaiah 1:31	[]
Isaiah 2:1	[]
Isaiah 2:2	[]
Isaiah 2:3	[]
Isaiah 2:4	[]
Isaiah 2:5	[]
Isaiah 2:6	[false,false]
Isaiah 2:7	[]
Isaiah 2:8	[]
Isaiah 2:9	[]
Isaiah 2:10	[]
Isaiah 2:11	[]
Isaiah 2:12	[]
Isaiah 2:13	[]
Isaiah 2:14	[]
Isaiah 2:15	[]
Isaiah 2:16	[]
Isaiah 2:17	[]
Isaiah 2:18	[]
Isaiah 2:19	[]
Isaiah 2:20	[]
Isaiah 2:21	[]
Isaiah 2:22	[]
Isaiah 3:1	[]
Isaiah 3:2	[]
Isaiah 3:3	[]
Isaiah 3:4	[]
Isaiah 3:5	[]
Isaiah 3:6	[false,false]
Isaiah 3:7	[]
Isaiah 3:8	[]
Isaiah 3:9	[]
Isaiah 3:10	[]
Isaiah 3:11	[]
Isaiah 3:12	[false,false,false,false]
Isaiah 3:13	[]
Isaiah 3:14	[true,true]
Isaiah 3:15	[true]
Isaiah 3:16	[]
Isaiah 3:17	[]
Isaiah 3:18	[]
Isaiah 3:19	[]
Isaiah 3:20	[]
Isaiah 3:21	[]
Isaiah 3:22	[]
Isaiah 3:23	[]
Isaiah 3:24	[]
Isaiah 3:25	[false,false]
Isaiah 3:26	[]
Isaiah 4:1	[false]
Isaiah 4:2	[]
Isaiah 4:3	[]
Isaiah 4:4	[]
Isaiah 4:5	[]
Isaiah 4:6	[]
Isaiah 5:1	[]
Isaiah 5:2	[]
Isaiah 5:3	[true]
Isaiah 5:4	[]
Isaiah 5:5	[false]
Isaiah 5:6	[]
Isaiah 5:7	[]
Isaiah 5:8	[true,true]
Isaiah 5:9	[]
Isaiah 5:10	[]
Isaiah 5:11	[]
Isaiah 5:12	[]
Isaiah 5:13	[]
Isaiah 5:14	[]
Isaiah 5:15	[]
Isaiah 5:16	[]
Isaiah 5:17	[]
Isaiah 5:18	[]
Isaiah 5:19	[]
Isaiah 5:20	[]
Isaiah 5:21	[]
Isaiah 5:22	[]
Isaiah 5:23	[]
Isaiah 5:24	[]
Isaiah 5:25	[]
Isaiah 5:26	[]
Isaiah 5:27	[]
Isaiah 5:28	[]
Isaiah 5:29	[]
Isaiah 5:30	[]
Isaiah 6:1	[]
Isaiah 6:2	[]
Isaiah 6:3	[]
Isaiah 6:4	[]
Isaiah 6:5	[]
Isaiah 6:6	[]
Isaiah 6:7	[false,false,false]
Isaiah 6:8	[]
Isaiah 6:9	[]
Isaiah 6:10	[]
Isaiah 6:11	[]
Isaiah 6:12	[]
Isaiah 6:13	[]
Isaiah 7:1	[]
Isaiah 7:2	[]
Isaiah 7:3	[false]
Isaiah 7:4	[]
Isaiah 7:5	[false]
Isaiah 7:6	[]
Isaiah 7:7	[]
Isaiah 7:8	[]
Isaiah 7:9	[true,true,true]
Isaiah 7:10	[]
Isaiah 7:11	[false]
Isaiah 7:12	[]
Isaiah 7:13	[true]
Isaiah 7:14	[true]
Isaiah 7:15	[]
Isaiah 7:16	[false]
Isaiah 7:17	[false,false,false]
Isaiah 7:18	[]
Isaiah 7:19	[]
Isaiah 7:20	[false,false,false]
Isaiah 7:21	[]
Isaiah 7:22	[]
Isaiah 7:23	[]
Isaiah 7:24	[]
Isaiah 7:25	[false]
Isaiah 8:1	[]
Isaiah 8:2	[]
Isaiah 8:3	[]
Isaiah 8:4	[]
Isaiah 8:5	[]
Isaiah 8:6	[]
Isaiah 8:7	[]
Isaiah 8:8	[false]
Isaiah 8:9	[false]
Isaiah 8:10	[]
Isaiah 8:11	[]
Isaiah 8:12	[]
Isaiah 8:13	[true]
Isaiah 8:14	[]
Isaiah 8:15	[]
Isaiah 8:16	[]
Isaiah 8:17	[]
Isaiah 8:18	[]
Isaiah 8:19	[true]
Isaiah 8:20	[]
Isaiah 8:21	[]
Isaiah 8:22	[]
Isaiah 9:1	[]
Isaiah 9:2	[]
Isaiah 9:3	[false,false]
Isaiah 9:4	[false]
Isaiah 9:5	[]
Isaiah 9:6	[]
Isaiah 9:7	[]
Isaiah 9:8	[]
Isaiah 9:9	[]
Isaiah 9:10	[]
Isaiah 9:11	[]
Isaiah 9:12	[]
Isaiah 9:13	[]
Isaiah 9:14	[]
Isaiah 9:15	[]
Isaiah 9:16	[]
Isaiah 9:17	[]
Isaiah 9:18	[]
Isaiah 9:19	[]
Isaiah 9:20	[]
Isaiah 9:21	[]
Isaiah 10:1	[]
Isaiah 10:2	[]
Isaiah 10:3	[true,true,true,true]
Isaiah 10:4	[]
Isaiah 10:5	[]
Isaiah 10:6	[]
Isaiah 10:7	[]
Isaiah 10:8	[]
Isaiah 10:9	[]
Isaiah 10:10	[]
Isaiah 10:11	[]
Isaiah 10:12	[]
Isaiah 10:13	[]
Isaiah 10:14	[]
Isaiah 10:15	[]
Isaiah 10:16	[]
Isaiah 10:17	[]
Isaiah 10:18	[]
Isaiah 10:19	[]
Isaiah 10:20	[]
Isaiah 10:21	[]
Isaiah 10:22	[false]
Isaiah 10:23	[]
Isaiah 10:24	[false,false]
Isaiah 10:25	[false]
Isaiah 10:26	[]
Isaiah 10:27	[false,false,false]
Isaiah 10:28	[]
Isaiah 10:29	[]
Isaiah 10:30	[]
Isaiah 10:31	[]
Isaiah 10:32	[]
Isaiah 10:33	[]
Isaiah 10:34	[]
Isaiah 11:1	[]
Isaiah 11:2	[]
Isaiah 11:3	[]
Isaiah 11:4	[]
Isaiah 11:5	[]
Isaiah 11:6	[]
Isaiah 11:7	[]
Isaiah 11:8	[]
Isaiah 11:9	[]
Isaiah 11:10	[]
Isaiah 11:11	[]
Isaiah 11:12	[]
Isaiah 11:13	[]
Isaiah 11:14	[]
Isaiah 11:15	[]
Isaiah 11:16	[]
Isaiah 12:1	[false,false,false,false,false]
Isaiah 12:2	[]
Isaiah 12:3	[true]
Isaiah 12:4	[true]
Isaiah 12:5	[]
Isaiah 12:6	[false]
Isaiah 13:1	[]
Isaiah 13:2	[false]
Isaiah 13:3	[]
Isaiah 13:4	[]
Isaiah 13:5	[]
Isaiah 13:6	[]
Isaiah 13:7	[]
Isaiah 13:8	[]
Isaiah 13:9	[]
Isaiah 13:10	[]
Isaiah 13:11	[]
Isaiah 13:12	[]
Isaiah 13:13	[]
Isaiah 13:14	[]
Isaiah 13:15	[]
Isaiah 13:16	[]
Isaiah 13:17	[]
Isaiah 13:18	[]
Isaiah 13:19	[]
Isaiah 13:20	[]
Isaiah 13:21	[]
Isaiah 13:22	[]
Isaiah 14:1	[]
Isaiah 14:2	[]
Isaiah 14:3	[false,false,false]
Isaiah 14:4	[false]
Isaiah 14:5	[]
Isaiah 14:6	[]
Isaiah 14:7	[]
Isaiah 14:8	[false,false]
Isaiah 14:9	[false,false,false]
Isaiah 14:10	[false,false,false]
Isaiah 14:11	[false,false,false,false]
Isaiah 14:12	[false,false]
Isaiah 14:13	[false,false]
Isaiah 14:14	[]
Isaiah 14:15	[false]
Isaiah 14:16	[false,false]
Isaiah 14:17	[]
Isaiah 14:18	[]
Isaiah 14:19	[false,false]
Isaiah 14:20	[false,false,false,false]
Isaiah 14:21	[]
Isaiah 14:22	[]
Isaiah 14:23	[]
Isaiah 14:24	[]
Isaiah 14:25	[]
Isaiah 14:26	[]
Isaiah 14:27	[]
Isaiah 14:28	[]
Isaiah 14:29	[false,false]
Isaiah 14:30	[false,false]
Isaiah 14:31	[false]
Isaiah 14:32	[]
Isaiah 15:1	[]
Isaiah 15:2	[]
Isaiah 15:3	[]
Isaiah 15:4	[]
Isaiah 15:5	[]
Isaiah 15:6	[]
Isaiah 15:7	[]
Isaiah 15:8	[]
Isaiah 15:9	[]
Isaiah 16:1	[]
Isaiah 16:2	[]
Isaiah 16:3	[]
Isaiah 16:4	[false]
Isaiah 16:5	[]
Isaiah 16:6	[]
Isaiah 16:7	[false]
Isaiah 16:8	[]
Isaiah 16:9	[false,false]
Isaiah 16:10	[]
Isaiah 16:11	[]
Isaiah 16:12	[]
Isaiah 16:13	[]
Isaiah 16:14	[]
Isaiah 17:1	[]
Isaiah 17:2	[]
Isaiah 17:3	[]
Isaiah 17:4	[]
Isaiah 17:5	[]
Isaiah 17:6	[]
Isaiah 17:7	[]
Isaiah 17:8	[]
Isaiah 17:9	[]
Isaiah 17:10	[false,false,false,false]
Isaiah 17:11	[false,false,false,false]
Isaiah 17:12	[]
Isaiah 17:13	[]
Isaiah 17:14	[]
Isaiah 18:1	[]
Isaiah 18:2	[]
Isaiah 18:3	[true,true,true]
Isaiah 18:4	[]
Isaiah 18:5	[]
Isaiah 18:6	[]
Isaiah 18:7	[]
Isaiah 19:1	[]
Isaiah 19:2	[]
Isaiah 19:3	[]
Isaiah 19:4	[]
Isaiah 19:5	[]
Isaiah 19:6	[]
Isaiah 19:7	[]
Isaiah 19:8	[]
Isaiah 19:9	[]
Isaiah 19:10	[]
Isaiah 19:11	[true]
Isaiah 19:12	[false,false]
Isaiah 19:13	[]
Isaiah 19:14	[]
Isaiah 19:15	[]
Isaiah 19:16	[]
Isaiah 19:17	[]
Isaiah 19:18	[]
Isaiah 19:19	[]
Isaiah 19:20	[]
Isaiah 19:21	[]
Isaiah 19:22	[]
Isaiah 19:23	[]
Isaiah 19:24	[]
Isaiah 19:25	[]
Isaiah 20:1	[]
Isaiah 20:2	[false,false]
Isaiah 20:3	[]
Isaiah 20:4	[]
Isaiah 20:5	[]
Isaiah 20:6	[]
Isaiah 21:1	[]
Isaiah 21:2	[]
Isaiah 21:3	[]
Isaiah 21:4	[]
Isaiah 21:5	[]
Isaiah 21:6	[]
Isaiah 21:7	[]
Isaiah 21:8	[]
Isaiah 21:9	[]
Isaiah 21:10	[true]
Isaiah 21:11	[]
Isaiah 21:12	[true]
Isaiah 21:13	[true]
Isaiah 21:14	[]
Isaiah 21:15	[]
Isaiah 21:16	[]
Isaiah 21:17	[]
Isaiah 22:1	[false,false]
Isaiah 22:2	[false]
Isaiah 22:3	[false,false]
Isaiah 22:4	[]
Isaiah 22:5	[]
Isaiah 22:6	[]
Isaiah 22:7	[false]
Isaiah 22:8	[false]
Isaiah 22:9	[true,true]
Isaiah 22:10	[true]
Isaiah 22:11	[true,true]
Isaiah 22:12	[]
Isaiah 22:13	[]
Isaiah 22:14	[true,true]
Isaiah 22:15	[]
Isaiah 22:16	[false,false,false,false,false]
Isaiah 22:17	[false,false]
Isaiah 22:18	[false,false,false,false,false]
Isaiah 22:19	[false,false,false]
Isaiah 22:20	[]
Isaiah 22:21	[false,false,false]
Isaiah 22:22	[]
Isaiah 22:23	[]
Isaiah 22:24	[]
Isaiah 22:25	[]
Isaiah 23:1	[]
Isaiah 23:2	[false]
Isaiah 23:3	[]
Isaiah 23:4	[]
Isaiah 23:5	[]
Isaiah 23:6	[]
Isaiah 23:7	[true]
Isaiah 23:8	[]
Isaiah 23:9	[]
Isaiah 23:10	[false]
Isaiah 23:11	[]
Isaiah 23:12	[false,false]
Isaiah 23:13	[]
Isaiah 23:14	[true]
Isaiah 23:15	[]
Isaiah 23:16	[false,false]
Isaiah 23:17	[]
Isaiah 23:18	[]
Isaiah 24:1	[]
Isaiah 24:2	[]
Isaiah 24:3	[]
Isaiah 24:4	[]
Isaiah 24:5	[]
Isaiah 24:6	[]
Isaiah 24:7	[]
Isaiah 24:8	[]
Isaiah 24:9	[]
Isaiah 24:10	[]
Isaiah 24:11	[]
Isaiah 24:12	[]
Isaiah 24:13	[]
Isaiah 24:14	[]
Isaiah 24:15	[]
Isaiah 24:16	[]
Isaiah 24:17	[false]
Isaiah 24:18	[]
Isaiah 24:19	[]
Isaiah 24:20	[]
Isaiah 24:21	[]
Isaiah 24:22	[]
Isaiah 24:23	[]
Isaiah 25:1	[false,false,false,false]
Isaiah 25:2	[false]
Isaiah 25:3	[false,false]
Isaiah 25:4	[false]
Isaiah 25:5	[false]
Isaiah 25:6	[]
Isaiah 25:7	[]
Isaiah 25:8	[]
Isaiah 25:9	[]
Isaiah 25:10	[]
Isaiah 25:11	[]
Isaiah 25:12	[]
Isaiah 26:1	[]
Isaiah 26:2	[]
Isaiah 26:3	[false,false]
Isaiah 26:4	[]
Isaiah 26:5	[]
Isaiah 26:6	[]
Isaiah 26:7	[false]
Isaiah 26:8	[false,false,false]
Isaiah 26:9	[false,false,false]
Isaiah 26:10	[]
Isaiah 26:11	[false,false,false,false]
Isaiah 26:12	[false,false]
Isaiah 26:13	[false,false]
Isaiah 26:14	[false,false]
Isaiah 26:15	[false,false,false,false,false]
Isaiah 26:16	[false,false]
Isaiah 26:17	[false]
Isaiah 26:18	[]
Isaiah 26:19	[false,false,false]
Isaiah 26:20	[false,false,false,false]
Isaiah 26:21	[]
Isaiah 27:1	[]
Isaiah 27:2	[]
Isaiah 27:3	[]
Isaiah 27:4	[]
Isaiah 27:5	[]
Isaiah 27:6	[]
Isaiah 27:7	[]
Isaiah 27:8	[false]
Isaiah 27:9	[]
Isaiah 27:10	[]
Isaiah 27:11	[]
Isaiah 27:12	[true]
Isaiah 27:13	[]
Isaiah 28:1	[]
Isaiah 28:2	[]
Isaiah 28:3	[]
Isaiah 28:4	[]
Isaiah 28:5	[]
Isaiah 28:6	[]
Isaiah 28:7	[]
Isaiah 28:8	[]
Isaiah 28:9	[]
Isaiah 28:10	[]
Isaiah 28:11	[]
Isaiah 28:12	[]
Isaiah 28:13	[]
Isaiah 28:14	[]
Isaiah 28:15	[true]
Isaiah 28:16	[]
Isaiah 28:17	[false,false]
Isaiah 28:18	[true,true,true]
Isaiah 28:19	[false]
Isaiah 28:20	[false]
Isaiah 28:21	[]
Isaiah 28:22	[true]
Isaiah 28:23	[]
Isaiah 28:24	[]
Isaiah 28:25	[]
Isaiah 28:26	[]
Isaiah 28:27	[]
Isaiah 28:28	[]
Isaiah 28:29	[]
Isaiah 29:1	[false,false]
Isaiah 29:2	[]
Isaiah 29:3	[false,false,false]
Isaiah 29:4	[false,false,false,false,false]
Isaiah 29:5	[false]
Isaiah 29:6	[false]
Isaiah 29:7	[]
Isaiah 29:8	[]
Isaiah 29:9	[true]
Isaiah 29:10	[true,true,true]
Isaiah 29:11	[true]
Isaiah 29:12	[]
Isaiah 29:13	[]
Isaiah 29:14	[]
Isaiah 29:15	[]
Isaiah 29:16	[true]
Isaiah 29:17	[]
Isaiah 29:18	[]
Isaiah 29:19	[]
Isaiah 29:20	[]
Isaiah 29:21	[]
Isaiah 29:22	[]
Isaiah 29:23	[]
Isaiah 29:24	[]
Isaiah 30:1	[]
Isaiah 30:2	[]
Isaiah 30:3	[true,true]
Isaiah 30:4	[]
Isaiah 30:5	[]
Isaiah 30:6	[]
Isaiah 30:7	[]
Isaiah 30:8	[]
Isaiah 30:9	[]
Isaiah 30:10	[]
Isaiah 30:11	[]
Isaiah 30:12	[true]
Isaiah 30:13	[false]
Isaiah 30:14	[]
Isaiah 30:15	[true,true,true]
Isaiah 30:16	[true,true,true]
Isaiah 30:17	[true,true]
Isaiah 30:18	[true,true]
Isaiah 30:19	[false,false,false]
Isaiah 30:20	[true,false,false,true]
Isaiah 30:21	[true,false,false]
Isaiah 30:22	[true,true,false,false]
Isaiah 30:23	[false,false,false]
Isaiah 30:24	[]
Isaiah 30:25	[]
Isaiah 30:26	[]
Isaiah 30:27	[]
Isaiah 30:28	[]
Isaiah 30:29	[false,false]
Isaiah 30:30	[]
Isaiah 30:31	[]
Isaiah 30:32	[]
Isaiah 30:33	[]
Isaiah 31:1	[]
Isaiah 31:2	[]
Isaiah 31:3	[]
Isaiah 31:4	[]
Isaiah 31:5	[]
Isaiah 31:6	[false]
Isaiah 31:7	[true,true]
Isaiah 31:8	[]
Isaiah 31:9	[]
Isaiah 32:1	[]
Isaiah 32:2	[]
Isaiah 32:3	[]
Isaiah 32:4	[]
Isaiah 32:5	[]
Isaiah 32:6	[]
Isaiah 32:7	[]
Isaiah 32:8	[]
Isaiah 32:9	[true,true]
Isaiah 32:10	[false]
Isaiah 32:11	[false,false,false,false]
Isaiah 32:12	[false]
Isaiah 32:13	[]
Isaiah 32:14	[]
Isaiah 32:15	[]
Isaiah 32:16	[]
Isaiah 32:17	[]
Isaiah 32:18	[]
Isaiah 32:19	[]
Isaiah 32:20	[]
Isaiah 33:1	[false,false,false,false,false]
Isaiah 33:2	[false]
Isaiah 33:3	[false,false]
Isaiah 33:4	[true]
Isaiah 33:5	[]
Isaiah 33:6	[false]
Isaiah 33:7	[]
Isaiah 33:8	[]
Isaiah 33:9	[]
Isaiah 33:10	[]
Isaiah 33:11	[true,true,true,true]
Isaiah 33:12	[]
Isaiah 33:13	[true,true]
Isaiah 33:14	[]
Isaiah 33:15	[]
Isaiah 33:16	[]
Isaiah 33:17	[false]
Isaiah 33:18	[false]
Isaiah 33:19	[false,false]
Isaiah 33:20	[false]
Isaiah 33:21	[]
Isaiah 33:22	[]
Isaiah 33:23	[false]
Isaiah 33:24	[]
Isaiah 34:1	[]
Isaiah 34:2	[]
Isaiah 34:3	[]
Isaiah 34:4	[]
Isaiah 34:5	[]
Isaiah 34:6	[]
Isaiah 34:7	[]
Isaiah 34:8	[]
Isaiah 34:9	[]
Isaiah 34:10	[]
Isaiah 34:11	[]
Isaiah 34:12	[]
Isaiah 34:13	[]
Isaiah 34:14	[]
Isaiah 34:15	[]
Isaiah 34:16	[]
Isaiah 34:17	[]
Isaiah 35:1	[]
Isaiah 35:2	[]
Isaiah 35:3	[]
Isaiah 35:4	[true,true]
Isaiah 35:5	[]
Isaiah 35:6	[]
Isaiah 35:7	[]
Isaiah 35:8	[]
Isaiah 35:9	[]
Isaiah 35:10	[]
Isaiah 36:1	[]
Isaiah 36:2	[]
Isaiah 36:3	[]
Isaiah 36:4	[false]
Isaiah 36:5	[false,false,false]
Isaiah 36:6	[false]
Isaiah 36:7	[false,true]
Isaiah 36:8	[false,false]
Isaiah 36:9	[false,false]
Isaiah 36:10	[]
Isaiah 36:11	[false]
Isaiah 36:12	[false,true,true]
Isaiah 36:13	[]
Isaiah 36:14	[true,true]
Isaiah 36:15	[false]
Isaiah 36:16	[false]
Isaiah 36:17	[true,true]
Isaiah 36:18	[false]
Isaiah 36:19	[]
Isaiah 36:20	[]
Isaiah 36:21	[]
Isaiah 36:22	[]
Isaiah 37:1	[]
Isaiah 37:2	[]
Isaiah 37:3	[]
Isaiah 37:4	[false,false]
Isaiah 37:5	[]
Isaiah 37:6	[true,false]
Isaiah 37:7	[]
Isaiah 37:8	[]
Isaiah 37:9	[false]
Isaiah 37:10	[false,false,false]
Isaiah 37:11	[false,false]
Isaiah 37:12	[]
Isaiah 37:13	[]
Isaiah 37:14	[]
Isaiah 37:15	[]
Isaiah 37:16	[false,false]
Isaiah 37:17	[false,false]
Isaiah 37:18	[]
Isaiah 37:19	[]
Isaiah 37:20	[false]
Isaiah 37:21	[false]
Isaiah 37:22	[false,false,false]
Isaiah 37:23	[false,false,false,false]
Isaiah 37:24	[false,false,false]
Isaiah 37:25	[]
Isaiah 37:26	[false,false]
Isaiah 37:27	[]
Isaiah 37:28	[false,false,false]
Isaiah 37:29	[false,false,false,false,false]
Isaiah 37:30	[false,true,true,true]
Isaiah 37:31	[]
Isaiah 37:32	[]
Isaiah 37:33	[]
Isaiah 37:34	[]
Isaiah 37:35	[]
Isaiah 37:36	[]
Isaiah 37:37	[]
Isaiah 37:38	[]
Isaiah 38:1	[false,false,false]
Isaiah 38:2	[]
Isaiah 38:3	[false,false]
Isaiah 38:4	[]
Isaiah 38:5	[false,false,false,false]
Isaiah 38:6	[false]
Isaiah 38:7	[false]
Isaiah 38:8	[]
Isaiah 38:9	[]
Isaiah 38:10	[]
Isaiah 38:11	[]
Isaiah 38:12	[false]
Isaiah 38:13	[false]
Isaiah 38:14	[]
Isaiah 38:15	[]
Isaiah 38:16	[false]
Isaiah 38:17	[false,false,false]
Isaiah 38:18	[false,false,false]
Isaiah 38:19	[false,false]
Isaiah 38:20	[]
Isaiah 38:21	[]
Isaiah 38:22	[]
Isaiah 39:1	[]
Isaiah 39:2	[]
Isaiah 39:3	[false]
Isaiah 39:4	[false]
Isaiah 39:5	[]
Isaiah 39:6	[false,false]
Isaiah 39:7	[false,false]
Isaiah 39:8	[false]
Isaiah 40:1	[true]
Isaiah 40:2	[]
Isaiah 40:3	[]
Isaiah 40:4	[]
Isaiah 40:5	[]
Isaiah 40:6	[]
Isaiah 40:7	[]
Isaiah 40:8	[]
Isaiah 40:9	[false,true]
Isaiah 40:10	[]
Isaiah 40:11	[]
Isaiah 40:12	[]
Isaiah 40:13	[]
Isaiah 40:14	[]
Isaiah 40:15	[]
Isaiah 40:16	[]
Isaiah 40:17	[]
Isaiah 40:18	[true,true]
Isaiah 40:19	[]
Isaiah 40:20	[]
Isaiah 40:21	[false,false,false,false]
Isaiah 40:22	[]
Isaiah 40:23	[]
Isaiah 40:24	[]
Isaiah 40:25	[true]
Isaiah 40:26	[true]
Isaiah 40:27	[false,false]
Isaiah 40:28	[false,false]
Isaiah 40:29	[]
Isaiah 40:30	[]
Isaiah 40:31	[]
Isaiah 41:1	[]
Isaiah 41:2	[]
Isaiah 41:3	[]
Isaiah 41:4	[]
Isaiah 41:5	[]
Isaiah 41:6	[]
Isaiah 41:7	[]
Isaiah 41:8	[false]
Isaiah 41:9	[false,false,false,false]
Isaiah 41:10	[false,false,false,false,false]
Isaiah 41:11	[false,false]
Isaiah 41:12	[false,false]
Isaiah 41:13	[false,false,false,false]
Isaiah 41:14	[false,false,false]
Isaiah 41:15	[false,false]
Isaiah 41:16	[false,false,false]
Isaiah 41:17	[]
Isaiah 41:18	[]
Isaiah 41:19	[]
Isaiah 41:20	[]
Isaiah 41:21	[true,true]
Isaiah 41:22	[]
Isaiah 41:23	[true]
Isaiah 41:24	[true,true,true]
Isaiah 41:25	[]
Isaiah 41:26	[true]
Isaiah 41:27	[]
Isaiah 41:28	[]
Isaiah 41:29	[]
Isaiah 42:1	[]
Isaiah 42:2	[]
Isaiah 42:3	[]
Isaiah 42:4	[]
Isaiah 42:5	[]
Isaiah 42:6	[false,false,false,false]
Isaiah 42:7	[]
Isaiah 42:8	[]
Isaiah 42:9	[true]
Isaiah 42:10	[false,false]
Isaiah 42:11	[]
Isaiah 42:12	[]
Isaiah 42:13	[]
Isaiah 42:14	[]
Isaiah 42:15	[]
Isaiah 42:16	[]
Isaiah 42:17	[true]
Isaiah 42:18	[true,true,true]
Isaiah 42:19	[]
Isaiah 42:20	[false,false,false]
Isaiah 42:21	[]
Isaiah 42:22	[]
Isaiah 42:23	[true]
Isaiah 42:24	[]
Isaiah 42:25	[]
Isaiah 43:1	[false,false,false,false,false,false]
Isaiah 43:2	[false,false,false,false,false,false,false]
Isaiah 43:3	[false,false,false,false]
Isaiah 43:4	[false,false,false,false]
Isaiah 43:5	[false,false,false]
Isaiah 43:6	[]
Isaiah 43:7	[]
Isaiah 43:8	[]
Isaiah 43:9	[]
Isaiah 43:10	[true,true]
Isaiah 43:11	[]
Isaiah 43:12	[true,true]
Isaiah 43:13	[]
Isaiah 43:14	[true,true]
Isaiah 43:15	[true,true]
Isaiah 43:16	[]
Isaiah 43:17	[]
Isaiah 43:18	[]
Isaiah 43:19	[false]
Isaiah 43:20	[]
Isaiah 43:21	[]
Isaiah 43:22	[false,false]
Isaiah 43:23	[false,false,false,false]
Isaiah 43:24	[false,false,false,false,false,false,false]
Isaiah 43:25	[false,false]
Isaiah 43:26	[false,false]
Isaiah 43:27	[false,false]
Isaiah 43:28	[false]
Isaiah 44:1	[]
Isaiah 44:2	[false,false,false]
Isaiah 44:3	[false,false]
Isaiah 44:4	[]
Isaiah 44:5	[]
Isaiah 44:6	[]
Isaiah 44:7	[]
Isaiah 44:8	[false,true]
Isaiah 44:9	[]
Isaiah 44:10	[]
Isaiah 44:11	[]
Isaiah 44:12	[]
Isaiah 44:13	[]
Isaiah 44:14	[]
Isaiah 44:15	[]
Isaiah 44:16	[]
Isaiah 44:17	[false]
Isaiah 44:18	[]
Isaiah 44:19	[]
Isaiah 44:20	[]
Isaiah 44:21	[false,false,false,false]
Isaiah 44:22	[false,false,false]
Isaiah 44:23	[false,false]
Isaiah 44:24	[false,false]
Isaiah 44:25	[]
Isaiah 44:26	[]
Isaiah 44:27	[false]
Isaiah 44:28	[]
Isaiah 45:1	[]
Isaiah 45:2	[false]
Isaiah 45:3	[false,false,false]
Isaiah 45:4	[false,false,false]
Isaiah 45:5	[false,false]
Isaiah 45:6	[]
Isaiah 45:7	[]
Isaiah 45:8	[]
Isaiah 45:9	[false,false]
Isaiah 45:10	[false,false]
Isaiah 45:11	[true]
Isaiah 45:12	[]
Isaiah 45:13	[]
Isaiah 45:14	[false,false,false,false,false,false]
Isaiah 45:15	[false]
Isaiah 45:16	[]
Isaiah 45:17	[false]
Isaiah 45:18	[]
Isaiah 45:19	[]
Isaiah 45:20	[false]
Isaiah 45:21	[true]
Isaiah 45:22	[]
Isaiah 45:23	[]
Isaiah 45:24	[]
Isaiah 45:25	[]
Isaiah 46:1	[true]
Isaiah 46:2	[]
Isaiah 46:3	[]
Isaiah 46:4	[false,false,false,false,false,false,false]
Isaiah 46:5	[true,true]
Isaiah 46:6	[]
Isaiah 46:7	[]
Isaiah 46:8	[true]
Isaiah 46:9	[]
Isaiah 46:10	[]
Isaiah 46:11	[]
Isaiah 46:12	[false]
Isaiah 46:13	[]
Isaiah 47:1	[false]
Isaiah 47:2	[false,false,false]
Isaiah 47:3	[false,false]
Isaiah 47:4	[]
Isaiah 47:5	[false]
Isaiah 47:6	[false,false,false]
Isaiah 47:7	[false,false]
Isaiah 47:8	[]
Isaiah 47:9	[false,false,false,false]
Isaiah 47:10	[false,false,false,false,false,false,false]
Isaiah 47:11	[false,false,false,false,false]
Isaiah 47:12	[false,false,false,false,false,false,false,false]
Isaiah 47:13	[false,false,false,false,false]
Isaiah 47:14	[]
Isaiah 47:15	[false,false,false]
Isaiah 48:1	[true]
Isaiah 48:2	[false]
Isaiah 48:3	[]
Isaiah 48:4	[false,false,false]
Isaiah 48:5	[false,false]
Isaiah 48:6	[false,true,false,false]
Isaiah 48:7	[false,false]
Isaiah 48:8	[false,false,false,false,false]
Isaiah 48:9	[false]
Isaiah 48:10	[false,false]
Isaiah 48:11	[]
Isaiah 48:12	[]
Isaiah 48:13	[]
Isaiah 48:14	[true]
Isaiah 48:15	[]
Isaiah 48:16	[]
Isaiah 48:17	[false,false,false,false,false,false]
Isaiah 48:18	[false,false,false]
Isaiah 48:19	[false,false]
Isaiah 48:20	[]
Isaiah 48:21	[]
Isaiah 48:22	[]
Isaiah 49:1	[]
Isaiah 49:2	[]
Isaiah 49:3	[false]
Isaiah 49:4	[]
Isaiah 49:5	[]
Isaiah 49:6	[false,false]
Isaiah 49:7	[false,false]
Isaiah 49:8	[false,false,false,false]
Isaiah 49:9	[true]
Isaiah 49:10	[]
Isaiah 49:11	[]
Isaiah 49:12	[]
Isaiah 49:13	[]
Isaiah 49:14	[]
Isaiah 49:15	[false]
Isaiah 49:16	[false,false]
Isaiah 49:17	[false,false,false]
Isaiah 49:18	[false,false,false]
Isaiah 49:19	[false,false,false,false]
Isaiah 49:20	[false,false]
Isaiah 49:21	[false,false]
Isaiah 49:22	[false,false]
Isaiah 49:23	[false,false,false,false,false]
Isaiah 49:24	[]
Isaiah 49:25	[false,false]
Isaiah 49:26	[false,false,false]
Isaiah 50:1	[true,true,true,true,true,true]
Isaiah 50:2	[false,false]
Isaiah 50:3	[]
Isaiah 50:4	[]
Isaiah 50:5	[]
Isaiah 50:6	[]
Isaiah 50:7	[]
Isaiah 50:8	[]
Isaiah 50:9	[]
Isaiah 50:10	[true,true]
Isaiah 50:11	[true,true,true,true,true,true]
Isaiah 51:1	[true,true,true,true]
Isaiah 51:2	[true,true]
Isaiah 51:3	[]
Isaiah 51:4	[]
Isaiah 51:5	[]
Isaiah 51:6	[true]
Isaiah 51:7	[false,false,false]
Isaiah 51:8	[]
Isaiah 51:9	[false]
Isaiah 51:10	[false]
Isaiah 51:11	[]
Isaiah 51:12	[true,false]
Isaiah 51:13	[false,false,false]
Isaiah 51:14	[]
Isaiah 51:15	[false]
Isaiah 51:16	[false,false,false]
Isaiah 51:17	[false,false]
Isaiah 51:18	[]
Isaiah 51:19	[false,false,false]
Isaiah 51:20	[false,false]
Isaiah 51:21	[false]
Isaiah 51:22	[false,false,false,false]
Isaiah 51:23	[false,false,false,false,false]
Isaiah 52:1	[false,false,false]
Isaiah 52:2	[false,false,false]
Isaiah 52:3	[true,true]
Isaiah 52:4	[]
Isaiah 52:5	[]
Isaiah 52:6	[]
Isaiah 52:7	[false]
Isaiah 52:8	[false]
Isaiah 52:9	[]
Isaiah 52:10	[]
Isaiah 52:11	[true,true]
Isaiah 52:12	[true,true,true]
Isaiah 52:13	[]
Isaiah 52:14	[]
Isaiah 52:15	[]
Isaiah 53:1	[]
Isaiah 53:2	[]
Isaiah 53:3	[]
Isaiah 53:4	[]
Isaiah 53:5	[]
Isaiah 53:6	[]
Isaiah 53:7	[]
Isaiah 53:8	[]
Isaiah 53:9	[]
Isaiah 53:10	[]
Isaiah 53:11	[]
Isaiah 53:12	[]
Isaiah 54:1	[false]
Isaiah 54:2	[false,false,false,false]
Isaiah 54:3	[false,false]
Isaiah 54:4	[false,false,false,false,false]
Isaiah 54:5	[false,false,false]
Isaiah 54:6	[false,false]
Isaiah 54:7	[false,false]
Isaiah 54:8	[false,false,false]
Isaiah 54:9	[false,false]
Isaiah 54:10	[false,false]
Isaiah 54:11	[false,false]
Isaiah 54:12	[false,false,false]
Isaiah 54:13	[false]
Isaiah 54:14	[false,false,false]
Isaiah 54:15	[false,false,false]
Isaiah 54:16	[]
Isaiah 54:17	[false,false,false]
Isaiah 55:1	[false,false]
Isaiah 55:2	[true,true]
Isaiah 55:3	[true,true,true]
Isaiah 55:4	[]
Isaiah 55:5	[false,false,false,false,false,false]
Isaiah 55:6	[]
Isaiah 55:7	[]
Isaiah 55:8	[true,true]
Isaiah 55:9	[true,true]
Isaiah 55:10	[]
Isaiah 55:11	[]
Isaiah 55:12	[true,true]
Isaiah 55:13	[]
Isaiah 56:1	[]
Isaiah 56:2	[]
Isaiah 56:3	[]
Isaiah 56:4	[]
Isaiah 56:5	[]
Isaiah 56:6	[]
Isaiah 56:7	[]
Isaiah 56:8	[]
Isaiah 56:9	[false,false]
Isaiah 56:10	[]
Isaiah 56:11	[]
Isaiah 56:12	[]
Isaiah 57:1	[]
Isaiah 57:2	[]
Isaiah 57:3	[true,true]
Isaiah 57:4	[true,true,true,true]
Isaiah 57:5	[false]
Isaiah 57:6	[false,false,false]
Isaiah 57:7	[false,false,false]
Isaiah 57:8	[false,false,false,false,false,false,false,false]
Isaiah 57:9	[false,false,false,false,false]
Isaiah 57:10	[false,false,false,false,false,false]
Isaiah 57:11	[false,false,false]
Isaiah 57:12	[false,false,false]
Isaiah 57:13	[false,false,false]
Isaiah 57:14	[]
Isaiah 57:15	[]
Isaiah 57:16	[false]
Isaiah 57:17	[]
Isaiah 57:18	[]
Isaiah 57:19	[]
Isaiah 57:20	[]
Isaiah 57:21	[]
Isaiah 58:1	[false]
Isaiah 58:2	[]
Isaiah 58:3	[true,true,true,true,true,true,true]
Isaiah 58:4	[true,true,true,true,true]
Isaiah 58:5	[false]
Isaiah 58:6	[]
Isaiah 58:7	[false,false,false,false]
Isaiah 58:8	[false,false,false,false,false]
Isaiah 58:9	[false,false,false,false]
Isaiah 58:10	[false,false,false,false]
Isaiah 58:11	[false,false,false,false]
Isaiah 58:12	[false,false,false]
Isaiah 58:13	[false,false,false,false,false,false,false]
Isaiah 58:14	[false,false,false,false,false]
Isaiah 59:1	[]
Isaiah 59:2	[true,true,true,true,true]
Isaiah 59:3	[true,true,true,true]
Isaiah 59:4	[]
Isaiah 59:5	[]
Isaiah 59:6	[]
Isaiah 59:7	[]
Isaiah 59:8	[]
Isaiah 59:9	[]
Isaiah 59:10	[]
Isaiah 59:11	[]
Isaiah 59:12	[false]
Isaiah 59:13	[]
Isaiah 59:14	[]
Isaiah 59:15	[]
Isaiah 59:16	[]
Isaiah 59:17	[]
Isaiah 59:18	[]
Isaiah 59:19	[]
Isaiah 59:20	[]
Isaiah 59:21	[false,false,false,false]
Isaiah 60:1	[false,false]
Isaiah 60:2	[false,false]
Isaiah 60:3	[false,false]
Isaiah 60:4	[false,false,false,false]
Isaiah 60:5	[false,false,false,false]
Isaiah 60:6	[false]
Isaiah 60:7	[false,false]
Isaiah 60:8	[]
Isaiah 60:9	[false,false,false]
Isaiah 60:10	[false,false,false,false]
Isaiah 60:11	[false,false]
Isaiah 60:12	[false]
Isaiah 60:13	[false]
Isaiah 60:14	[false,false,false,false,false]
Isaiah 60:15	[false,false]
Isaiah 60:16	[false,false,false,false]
Isaiah 60:17	[false,false,false]
Isaiah 60:18	[false,false,false,false,false]
Isaiah 60:19	[false,false,false,false,false]
Isaiah 60:20	[false,false,false,false]
Isaiah 60:21	[false]
Isaiah 60:22	[false]
Isaiah 61:1	[]
Isaiah 61:2	[]
Isaiah 61:3	[]
Isaiah 61:4	[]
Isaiah 61:5	[true,true]
Isaiah 61:6	[true,true,true,true]
Isaiah 61:7	[]
Isaiah 61:8	[]
Isaiah 61:9	[]
Isaiah 61:10	[]
Isaiah 61:11	[]
Isaiah 62:1	[]
Isaiah 62:2	[false,false,false]
Isaiah 62:3	[false,false]
Isaiah 62:4	[false,false,false,false,false,false]
Isaiah 62:5	[false,false,false,false]
Isaiah 62:6	[false,true,true]
Isaiah 62:7	[]
Isaiah 62:8	[false,false,false]
Isaiah 62:9	[]
Isaiah 62:10	[]
Isaiah 62:11	[false]
Isaiah 62:12	[false]
Isaiah 63:1	[]
Isaiah 63:2	[false,false]
Isaiah 63:3	[]
Isaiah 63:4	[]
Isaiah 63:5	[]
Isaiah 63:6	[]
Isaiah 63:7	[]
Isaiah 63:8	[]
Isaiah 63:9	[]
Isaiah 63:10	[]
Isaiah 63:11	[]
Isaiah 63:12	[]
Isaiah 63:13	[]
Isaiah 63:14	[false,false,false]
Isaiah 63:15	[false,false,false]
Isaiah 63:16	[false,false,false]
Isaiah 63:17	[false,false,false,false,false]
Isaiah 63:18	[false,false,false]
Isaiah 63:19	[false,false]
Isaiah 64:1	[false,false]
Isaiah 64:2	[false,false,false]
Isaiah 64:3	[false,false,false]
Isaiah 64:4	[false]
Isaiah 64:5	[false,false,false]
Isaiah 64:6	[]
Isaiah 64:7	[false,false,false,false]
Isaiah 64:8	[false,false,false]
Isaiah 64:9	[false]
Isaiah 64:10	[false]
Isaiah 64:11	[false]
Isaiah 64:12	[false,false,false]
Isaiah 65:1	[]
Isaiah 65:2	[]
Isaiah 65:3	[]
Isaiah 65:4	[]
Isaiah 65:5	[false,false]
Isaiah 65:6	[]
Isaiah 65:7	[true,true]
Isaiah 65:8	[]
Isaiah 65:9	[]
Isaiah 65:10	[]
Isaiah 65:11	[true]
Isaiah 65:12	[true,true,true,true,true]
Isaiah 65:13	[true,true,true]
Isaiah 65:14	[true]
Isaiah 65:15	[true,true,false]
Isaiah 65:16	[]
Isaiah 65:17	[]
Isaiah 65:18	[]
Isaiah 65:19	[]
Isaiah 65:20	[]
Isaiah 65:21	[]
Isaiah 65:22	[]
Isaiah 65:23	[]
Isaiah 65:24	[]
Isaiah 65:25	[]
Isaiah 66:1	[true]
Isaiah 66:2	[]
Isaiah 66:3	[]
Isaiah 66:4	[]
Isaiah 66:5	[true,true,true,true,true]
Isaiah 66:6	[]
Isaiah 66:7	[]
Isaiah 66:8	[]
Isaiah 66:9	[false]
Isaiah 66:10	[]
Isaiah 66:11	[true,true,true]
Isaiah 66:12	[true]
Isaiah 66:13	[true,true]
Isaiah 66:14	[true,true,true]
Isaiah 66:15	[]
Isaiah 66:16	[]
Isaiah 66:17	[]
Isaiah 66:18	[]
Isaiah 66:19	[]
Isaiah 66:20	[true]
Isaiah 66:21	[]
Isaiah 66:22	[true,true]
Isaiah 66:23	[]
Isaiah 66:24	[]
Jeremiah 1:1	[]
Jeremiah 1:2	[]
Jeremiah 1:3	[]
Jeremiah 1:4	[]
Jeremiah 1:5	[false,false,false,false,false]
Jeremiah 1:6	[]
Jeremiah 1:7	[false,false,false,false]
Jeremiah 1:8	[false,false]
Jeremiah 1:9	[false]
Jeremiah 1:10	[false]
Jeremiah 1:11	[false]
Jeremiah 1:12	[false]
Jeremiah 1:13	[false]
Jeremiah 1:14	[]
Jeremiah 1:15	[]
Jeremiah 1:16	[]
Jeremiah 1:17	[false,false,false]
Jeremiah 1:18	[false]
Jeremiah 1:19	[false,false,false,false]
Jeremiah 2:1	[]
Jeremiah 2:2	[false,false,false]
Jeremiah 2:3	[]
Jeremiah 2:4	[false]
Jeremiah 2:5	[true]
Jeremiah 2:6	[]
Jeremiah 2:7	[true,true]
Jeremiah 2:8	[]
Jeremiah 2:9	[false,false]
Jeremiah 2:10	[]
Jeremiah 2:11	[]
Jeremiah 2:12	[]
Jeremiah 2:13	[]
Jeremiah 2:14	[]
Jeremiah 2:15	[]
Jeremiah 2:16	[false]
Jeremiah 2:17	[false,false,false,false]
Jeremiah 2:18	[false,false,false,false]
Jeremiah 2:19	[false,false,false,false,false,false]
Jeremiah 2:20	[false,false,false,false]
Jeremiah 2:21	[false,false,false]
Jeremiah 2:22	[false,false]
Jeremiah 2:23	[false,false,false,false]
Jeremiah 2:24	[]
Jeremiah 2:25	[false,false,false,false]
Jeremiah 2:26	[]
Jeremiah 2:27	[false,false]
Jeremiah 2:28	[false,false,false,false,false,false]
Jeremiah 2:29	[true,true]
Jeremiah 2:30	[true,true,true]
Jeremiah 2:31	[true,false]
Jeremiah 2:32	[]
Jeremiah 2:33	[false,false]
Jeremiah 2:34	[false,false]
Jeremiah 2:35	[false,false,false]
Jeremiah 2:36	[false,false,false,false]
Jeremiah 2:37	[false,false,false,false,false]
Jeremiah 3:1	[false,false]
Jeremiah 3:2	[false,false,false,false,false,false]
Jeremiah 3:3	[false,false]
Jeremiah 3:4	[false,false]
Jeremiah 3:5	[false,false,false]
Jeremiah 3:6	[false]
Jeremiah 3:7	[]
Jeremiah 3:8	[]
Jeremiah 3:9	[]
Jeremiah 3:10	[]
Jeremiah 3:11	[]
Jeremiah 3:12	[false]
Jeremiah 3:13	[false,false,false,false,false]
Jeremiah 3:14	[true,true,true]
Jeremiah 3:15	[true,true]
Jeremiah 3:16	[true]
Jeremiah 3:17	[]
Jeremiah 3:18	[true]
Jeremiah 3:19	[false,false,false]
Jeremiah 3:20	[true]
Jeremiah 3:21	[]
Jeremiah 3:22	[true,false,false]
Jeremiah 3:23	[]
Jeremiah 3:24	[]
Jeremiah 3:25	[]
Jeremiah 4:1	[false,false,false]
Jeremiah 4:2	[false]
Jeremiah 4:3	[true]
Jeremiah 4:4	[true,true,true]
Jeremiah 4:5	[true]
Jeremiah 4:6	[]
Jeremiah 4:7	[false,false]
Jeremiah 4:8	[]
Jeremiah 4:9	[]
Jeremiah 4:10	[false,false]
Jeremiah 4:11	[]
Jeremiah 4:12	[]
Jeremiah 4:13	[]
Jeremiah 4:14	[false,false,false,false]
Jeremiah 4:15	[]
Jeremiah 4:16	[]
Jeremiah 4:17	[]
Jeremiah 4:18	[false,false,false]
Jeremiah 4:19	[]
Jeremiah 4:20	[]
Jeremiah 4:21	[]
Jeremiah 4:22	[]
Jeremiah 4:23	[]
Jeremiah 4:24	[]
Jeremiah 4:25	[]
Jeremiah 4:26	[]
Jeremiah 4:27	[]
Jeremiah 4:28	[]
Jeremiah 4:29	[]
Jeremiah 4:30	[false,false,false,false,false,false,false,false,false,false,false,false,false]
Jeremiah 4:31	[]
Jeremiah 5:1	[true]
Jeremiah 5:2	[]
Jeremiah 5:3	[false,false,false]
Jeremiah 5:4	[]
Jeremiah 5:5	[]
Jeremiah 5:6	[]
Jeremiah 5:7	[false,false]
Jeremiah 5:8	[]
Jeremiah 5:9	[]
Jeremiah 5:10	[]
Jeremiah 5:11	[]
Jeremiah 5:12	[]
Jeremiah 5:13	[]
Jeremiah 5:14	[true,false]
Jeremiah 5:15	[true,true,true]
Jeremiah 5:16	[]
Jeremiah 5:17	[false,false,false,false,false]
Jeremiah 5:18	[true]
Jeremiah 5:19	[false,true,true,true,true]
Jeremiah 5:20	[]
Jeremiah 5:21	[]
Jeremiah 5:22	[false,false]
Jeremiah 5:23	[]
Jeremiah 5:24	[]
Jeremiah 5:25	[true,true,true,true]
Jeremiah 5:26	[]
Jeremiah 5:27	[]
Jeremiah 5:28	[]
Jeremiah 5:29	[]
Jeremiah 5:30	[]
Jeremiah 5:31	[true]
Jeremiah 6:1	[]
Jeremiah 6:2	[]
Jeremiah 6:3	[]
Jeremiah 6:4	[]
Jeremiah 6:5	[]
Jeremiah 6:6	[]
Jeremiah 6:7	[]
Jeremiah 6:8	[false,false]
Jeremiah 6:9	[false]
Jeremiah 6:10	[]
Jeremiah 6:11	[]
Jeremiah 6:12	[]
Jeremiah 6:13	[]
Jeremiah 6:14	[]
Jeremiah 6:15	[]
Jeremiah 6:16	[true,true]
Jeremiah 6:17	[true]
Jeremiah 6:18	[]
Jeremiah 6:19	[]
Jeremiah 6:20	[true,true]
Jeremiah 6:21	[]
Jeremiah 6:22	[]
Jeremiah 6:23	[false]
Jeremiah 6:24	[]
Jeremiah 6:25	[]
Jeremiah 6:26	[false,false]
Jeremiah 6:27	[false,false]
Jeremiah 6:28	[]
Jeremiah 6:29	[]
Jeremiah 6:30	[]
Jeremiah 7:1	[]
Jeremiah 7:2	[false]
Jeremiah 7:3	[true,true]
Jeremiah 7:4	[]
Jeremiah 7:5	[true,true,true]
Jeremiah 7:6	[false,false,false]
Jeremiah 7:7	[true,true]
Jeremiah 7:8	[true]
Jeremiah 7:9	[false,false]
Jeremiah 7:10	[]
Jeremiah 7:11	[true]
Jeremiah 7:12	[]
Jeremiah 7:13	[true,true,true,true,true]
Jeremiah 7:14	[true,true,true]
Jeremiah 7:15	[true,true]
Jeremiah 7:16	[false,false]
Jeremiah 7:17	[false]
Jeremiah 7:18	[]
Jeremiah 7:19	[]
Jeremiah 7:20	[]
Jeremiah 7:21	[true,true,true]
Jeremiah 7:22	[true]
Jeremiah 7:23	[true,true,true,true,true]
Jeremiah 7:24	[]
Jeremiah 7:25	[true,true]
Jeremiah 7:26	[]
Jeremiah 7:27	[false,false,false]
Jeremiah 7:28	[false]
Jeremiah 7:29	[false]
Jeremiah 7:30	[]
Jeremiah 7:31	[]
Jeremiah 7:32	[]
Jeremiah 7:33	[]
Jeremiah 7:34	[]
Jeremiah 8:1	[]
Jeremiah 8:2	[]
Jeremiah 8:3	[]
Jeremiah 8:4	[false]
Jeremiah 8:5	[]
Jeremiah 8:6	[]
Jeremiah 8:7	[]
Jeremiah 8:8	[true]
Jeremiah 8:9	[]
Jeremiah 8:10	[]
Jeremiah 8:11	[]
Jeremiah 8:12	[]
Jeremiah 8:13	[]
Jeremiah 8:14	[]
Jeremiah 8:15	[]
Jeremiah 8:16	[]
Jeremiah 8:17	[true,true]
Jeremiah 8:18	[]
Jeremiah 8:19	[]
Jeremiah 8:20	[]
Jeremiah 8:21	[]
Jeremiah 8:22	[]
Jeremiah 9:1	[]
Jeremiah 9:2	[]
Jeremiah 9:3	[]
Jeremiah 9:4	[]
Jeremiah 9:5	[]
Jeremiah 9:6	[false]
Jeremiah 9:7	[]
Jeremiah 9:8	[]
Jeremiah 9:9	[]
Jeremiah 9:10	[]
Jeremiah 9:11	[]
Jeremiah 9:12	[]
Jeremiah 9:13	[]
Jeremiah 9:14	[]
Jeremiah 9:15	[]
Jeremiah 9:16	[]
Jeremiah 9:17	[]
Jeremiah 9:18	[]
Jeremiah 9:19	[]
Jeremiah 9:20	[true,true]
Jeremiah 9:21	[]
Jeremiah 9:22	[]
Jeremiah 9:23	[]
Jeremiah 9:24	[]
Jeremiah 9:25	[]
Jeremiah 9:26	[]
Jeremiah 10:1	[true]
Jeremiah 10:2	[]
Jeremiah 10:3	[]
Jeremiah 10:4	[]
Jeremiah 10:5	[]
Jeremiah 10:6	[false,false,false]
Jeremiah 10:7	[false,false,false]
Jeremiah 10:8	[]
Jeremiah 10:9	[]
Jeremiah 10:10	[]
Jeremiah 10:11	[true]
Jeremiah 10:12	[]
Jeremiah 10:13	[]
Jeremiah 10:14	[]
Jeremiah 10:15	[]
Jeremiah 10:16	[]
Jeremiah 10:17	[false,false]
Jeremiah 10:18	[]
Jeremiah 10:19	[]
Jeremiah 10:20	[]
Jeremiah 10:21	[]
Jeremiah 10:22	[]
Jeremiah 10:23	[]
Jeremiah 10:24	[false,false]
Jeremiah 10:25	[false,false,false]
Jeremiah 11:1	[]
Jeremiah 11:2	[]
Jeremiah 11:3	[false]
Jeremiah 11:4	[true,true,true,true]
Jeremiah 11:5	[true]
Jeremiah 11:6	[]
Jeremiah 11:7	[true]
Jeremiah 11:8	[]
Jeremiah 11:9	[]
Jeremiah 11:10	[]
Jeremiah 11:11	[]
Jeremiah 11:12	[]
Jeremiah 11:13	[false,false,true]
Jeremiah 11:14	[false]
Jeremiah 11:15	[false,false,false]
Jeremiah 11:16	[false]
Jeremiah 11:17	[false,false]
Jeremiah 11:18	[false]
Jeremiah 11:19	[]
Jeremiah 11:20	[false,false]
Jeremiah 11:21	[false,false,false]
Jeremiah 11:22	[]
Jeremiah 11:23	[]
Jeremiah 12:1	[false,false,false,false]
Jeremiah 12:2	[false,false]
Jeremiah 12:3	[false,false,false]
Jeremiah 12:4	[]
Jeremiah 12:5	[false,false,false,false,false]
Jeremiah 12:6	[false,false,false,false,false]
Jeremiah 12:7	[]
Jeremiah 12:8	[]
Jeremiah 12:9	[]
Jeremiah 12:10	[]
Jeremiah 12:11	[]
Jeremiah 12:12	[]
Jeremiah 12:13	[true]
Jeremiah 12:14	[]
Jeremiah 12:15	[]
Jeremiah 12:16	[]
Jeremiah 12:17	[]
Jeremiah 13:1	[false,false]
Jeremiah 13:2	[]
Jeremiah 13:3	[]
Jeremiah 13:4	[false]
Jeremiah 13:5	[]
Jeremiah 13:6	[false]
Jeremiah 13:7	[]
Jeremiah 13:8	[]
Jeremiah 13:9	[]
Jeremiah 13:10	[]
Jeremiah 13:11	[]
Jeremiah 13:12	[false]
Jeremiah 13:13	[false]
Jeremiah 13:14	[]
Jeremiah 13:15	[]
Jeremiah 13:16	[true,true,true]
Jeremiah 13:17	[false,false]
Jeremiah 13:18	[true,true]
Jeremiah 13:19	[]
Jeremiah 13:20	[true,false,false]
Jeremiah 13:21	[false,false,false,false,false]
Jeremiah 13:22	[false,false,false,false,false]
Jeremiah 13:23	[true,true]
Jeremiah 13:24	[false]
Jeremiah 13:25	[false,false,false]
Jeremiah 13:26	[false,false,false]
Jeremiah 13:27	[false,false,false,false,false]
Jeremiah 14:1	[]
Jeremiah 14:2	[]
Jeremiah 14:3	[]
Jeremiah 14:4	[]
Jeremiah 14:5	[]
Jeremiah 14:6	[]
Jeremiah 14:7	[false,false]
Jeremiah 14:8	[false]
Jeremiah 14:9	[false,false,false]
Jeremiah 14:10	[]
Jeremiah 14:11	[]
Jeremiah 14:12	[]
Jeremiah 14:13	[true,true]
Jeremiah 14:14	[true]
Jeremiah 14:15	[]
Jeremiah 14:16	[]
Jeremiah 14:17	[false]
Jeremiah 14:18	[]
Jeremiah 14:19	[false,false,false]
Jeremiah 14:20	[false]
Jeremiah 14:21	[false,false,false]
Jeremiah 14:22	[false,false,false]
Jeremiah 15:1	[]
Jeremiah 15:2	[false,false]
Jeremiah 15:3	[]
Jeremiah 15:4	[]
Jeremiah 15:5	[false,false,false]
Jeremiah 15:6	[false,false,false,false,false]
Jeremiah 15:7	[]
Jeremiah 15:8	[]
Jeremiah 15:9	[]
Jeremiah 15:10	[false]
Jeremiah 15:11	[false,false,false,false]
Jeremiah 15:12	[]
Jeremiah 15:13	[false,false,false,false]
Jeremiah 15:14	[false,false,true,true]
Jeremiah 15:15	[false,false,false]
Jeremiah 15:16	[false,false,false]
Jeremiah 15:17	[false,false]
Jeremiah 15:18	[false]
Jeremiah 15:19	[false,false,false,false,false,false,false]
Jeremiah 15:20	[false,false,false,false,false]
Jeremiah 15:21	[false,false]
Jeremiah 16:1	[]
Jeremiah 16:2	[false]
Jeremiah 16:3	[]
Jeremiah 16:4	[]
Jeremiah 16:5	[]
Jeremiah 16:6	[]
Jeremiah 16:7	[]
Jeremiah 16:8	[false]
Jeremiah 16:9	[true,true]
Jeremiah 16:10	[false,false]
Jeremiah 16:11	[false,true]
Jeremiah 16:12	[true,true,true]
Jeremiah 16:13	[true,true,true,true,true]
Jeremiah 16:14	[]
Jeremiah 16:15	[]
Jeremiah 16:16	[]
Jeremiah 16:17	[]
Jeremiah 16:18	[]
Jeremiah 16:19	[false]
Jeremiah 16:20	[]
Jeremiah 16:21	[]
Jeremiah 17:1	[]
Jeremiah 17:2	[]
Jeremiah 17:3	[false,false,false,false]
Jeremiah 17:4	[false,false,false,false,false,false,false]
Jeremiah 17:5	[]
Jeremiah 17:6	[]
Jeremiah 17:7	[]
Jeremiah 17:8	[]
Jeremiah 17:9	[]
Jeremiah 17:10	[]
Jeremiah 17:11	[]
Jeremiah 17:12	[]
Jeremiah 17:13	[false]
Jeremiah 17:14	[false]
Jeremiah 17:15	[]
Jeremiah 17:16	[false,false,false]
Jeremiah 17:17	[false]
Jeremiah 17:18	[]
Jeremiah 17:19	[]
Jeremiah 17:20	[]
Jeremiah 17:21	[true]
Jeremiah 17:22	[true,true,true,true]
Jeremiah 17:23	[]
Jeremiah 17:24	[false]
Jeremiah 17:25	[]
Jeremiah 17:26	[]
Jeremiah 17:27	[false]
Jeremiah 18:1	[]
Jeremiah 18:2	[false]
Jeremiah 18:3	[]
Jeremiah 18:4	[]
Jeremiah 18:5	[]
Jeremiah 18:6	[true,true]
Jeremiah 18:7	[]
Jeremiah 18:8	[]
Jeremiah 18:9	[]
Jeremiah 18:10	[]
Jeremiah 18:11	[true,true,true,true,true]
Jeremiah 18:12	[]
Jeremiah 18:13	[]
Jeremiah 18:14	[]
Jeremiah 18:15	[]
Jeremiah 18:16	[]
Jeremiah 18:17	[]
Jeremiah 18:18	[]
Jeremiah 18:19	[]
Jeremiah 18:20	[false,false]
Jeremiah 18:21	[]
Jeremiah 18:22	[false]
Jeremiah 18:23	[false,false,false,false]
Jeremiah 19:1	[]
Jeremiah 19:2	[false]
Jeremiah 19:3	[]
Jeremiah 19:4	[]
Jeremiah 19:5	[]
Jeremiah 19:6	[]
Jeremiah 19:7	[]
Jeremiah 19:8	[]
Jeremiah 19:9	[]
Jeremiah 19:10	[false,false]
Jeremiah 19:11	[false]
Jeremiah 19:12	[]
Jeremiah 19:13	[]
Jeremiah 19:14	[]
Jeremiah 19:15	[]
Jeremiah 20:1	[]
Jeremiah 20:2	[]
Jeremiah 20:3	[false]
Jeremiah 20:4	[false,false,false,false]
Jeremiah 20:5	[]
Jeremiah 20:6	[false,false,false,false,false,false,false]
Jeremiah 20:7	[false,false]
Jeremiah 20:8	[]
Jeremiah 20:9	[]
Jeremiah 20:10	[]
Jeremiah 20:11	[]
Jeremiah 20:12	[false,false]
Jeremiah 20:13	[]
Jeremiah 20:14	[]
Jeremiah 20:15	[false]
Jeremiah 20:16	[]
Jeremiah 20:17	[]
Jeremiah 20:18	[]
Jeremiah 21:1	[]
Jeremiah 21:2	[]
Jeremiah 21:3	[true]
Jeremiah 21:4	[true,true,true,true]
Jeremiah 21:5	[true]
Jeremiah 21:6	[]
Jeremiah 21:7	[]
Jeremiah 21:8	[false,false]
Jeremiah 21:9	[true]
Jeremiah 21:10	[]
Jeremiah 21:11	[]
Jeremiah 21:12	[]
Jeremiah 21:13	[false,false]
Jeremiah 21:14	[true,true,true,true]
Jeremiah 22:1	[]
Jeremiah 22:2	[false,false,false]
Jeremiah 22:3	[]
Jeremiah 22:4	[false]
Jeremiah 22:5	[false]
Jeremiah 22:6	[false,false]
Jeremiah 22:7	[false,false]
Jeremiah 22:8	[]
Jeremiah 22:9	[]
Jeremiah 22:10	[]
Jeremiah 22:11	[]
Jeremiah 22:12	[]
Jeremiah 22:13	[]
Jeremiah 22:14	[]
Jeremiah 22:15	[false,false]
Jeremiah 22:16	[]
Jeremiah 22:17	[false,false]
Jeremiah 22:18	[]
Jeremiah 22:19	[]
Jeremiah 22:20	[false,false]
Jeremiah 22:21	[false,false,false,false,false]
Jeremiah 22:22	[false,false,false,false]
Jeremiah 22:23	[false,false]
Jeremiah 22:24	[false,false]
Jeremiah 22:25	[false,false,false]
Jeremiah 22:26	[false,false,true,true]
Jeremiah 22:27	[false,false]
Jeremiah 22:28	[]
Jeremiah 22:29	[]
Jeremiah 22:30	[]
Jeremiah 23:1	[]
Jeremiah 23:2	[true,true,true]
Jeremiah 23:3	[]
Jeremiah 23:4	[]
Jeremiah 23:5	[]
Jeremiah 23:6	[]
Jeremiah 23:7	[]
Jeremiah 23:8	[]
Jeremiah 23:9	[]
Jeremiah 23:10	[]
Jeremiah 23:11	[]
Jeremiah 23:12	[]
Jeremiah 23:13	[]
Jeremiah 23:14	[]
Jeremiah 23:15	[]
Jeremiah 23:16	[true,true]
Jeremiah 23:17	[true,true]
Jeremiah 23:18	[]
Jeremiah 23:19	[]
Jeremiah 23:20	[true]
Jeremiah 23:21	[]
Jeremiah 23:22	[]
Jeremiah 23:23	[]
Jeremiah 23:24	[]
Jeremiah 23:25	[]
Jeremiah 23:26	[]
Jeremiah 23:27	[]
Jeremiah 23:28	[]
Jeremiah 23:29	[]
Jeremiah 23:30	[]
Jeremiah 23:31	[]
Jeremiah 23:32	[]
Jeremiah 23:33	[false,true,true]
Jeremiah 23:34	[]
Jeremiah 23:35	[]
Jeremiah 23:36	[true]
Jeremiah 23:37	[false,false]
Jeremiah 23:38	[true,true,true]
Jeremiah 23:39	[true,true,true,true,true]
Jeremiah 23:40	[true]
Jeremiah 24:1	[]
Jeremiah 24:2	[]
Jeremiah 24:3	[false]
Jeremiah 24:4	[]
Jeremiah 24:5	[]
Jeremiah 24:6	[]
Jeremiah 24:7	[]
Jeremiah 24:8	[]
Jeremiah 24:9	[]
Jeremiah 24:10	[]
Jeremiah 25:1	[]
Jeremiah 25:2	[]
Jeremiah 25:3	[true,true]
Jeremiah 25:4	[true,true,true]
Jeremiah 25:5	[true,true,true,true,true,true]
Jeremiah 25:6	[true,true]
Jeremiah 25:7	[true,true,true,true]
Jeremiah 25:8	[false]
Jeremiah 25:9	[]
Jeremiah 25:10	[]
Jeremiah 25:11	[]
Jeremiah 25:12	[]
Jeremiah 25:13	[]
Jeremiah 25:14	[]
Jeremiah 25:15	[false]
Jeremiah 25:16	[]
Jeremiah 25:17	[]
Jeremiah 25:18	[]
Jeremiah 25:19	[]
Jeremiah 25:20	[]
Jeremiah 25:21	[]
Jeremiah 25:22	[]
Jeremiah 25:23	[]
Jeremiah 25:24	[]
Jeremiah 25:25	[]
Jeremiah 25:26	[]
Jeremiah 25:27	[false,true]
Jeremiah 25:28	[false,false,false]
Jeremiah 25:29	[true,true]
Jeremiah 25:30	[false]
Jeremiah 25:31	[]
Jeremiah 25:32	[]
Jeremiah 25:33	[]
Jeremiah 25:34	[true,true,true,true]
Jeremiah 25:35	[]
Jeremiah 25:36	[]
Jeremiah 25:37	[]
Jeremiah 25:38	[]
Jeremiah 26:1	[]
Jeremiah 26:2	[false]
Jeremiah 26:3	[]
Jeremiah 26:4	[false,true,true]
Jeremiah 26:5	[true,true,true]
Jeremiah 26:6	[]
Jeremiah 26:7	[]
Jeremiah 26:8	[false]
Jeremiah 26:9	[false]
Jeremiah 26:10	[]
Jeremiah 26:11	[true,true]
Jeremiah 26:12	[true]
Jeremiah 26:13	[true,true,true]
Jeremiah 26:14	[true,true]
Jeremiah 26:15	[true,true,true,true]
Jeremiah 26:16	[]
Jeremiah 26:17	[]
Jeremiah 26:18	[]
Jeremiah 26:19	[]
Jeremiah 26:20	[]
Jeremiah 26:21	[]
Jeremiah 26:22	[]
Jeremiah 26:23	[]
Jeremiah 26:24	[]
Jeremiah 27:1	[]
Jeremiah 27:2	[false,false]
Jeremiah 27:3	[]
Jeremiah 27:4	[]
Jeremiah 27:5	[]
Jeremiah 27:6	[]
Jeremiah 27:7	[]
Jeremiah 27:8	[]
Jeremiah 27:9	[true,true,true,true,true,true,true]
Jeremiah 27:10	[true,true,true,true,true]
Jeremiah 27:11	[]
Jeremiah 27:12	[true]
Jeremiah 27:13	[false,false]
Jeremiah 27:14	[true,true]
Jeremiah 27:15	[true,true,true,true]
Jeremiah 27:16	[true,true,true]
Jeremiah 27:17	[]
Jeremiah 27:18	[]
Jeremiah 27:19	[]
Jeremiah 27:20	[]
Jeremiah 27:21	[]
Jeremiah 27:22	[]
Jeremiah 28:1	[]
Jeremiah 28:2	[]
Jeremiah 28:3	[]
Jeremiah 28:4	[]
Jeremiah 28:5	[]
Jeremiah 28:6	[false]
Jeremiah 28:7	[false]
Jeremiah 28:8	[false]
Jeremiah 28:9	[]
Jeremiah 28:10	[]
Jeremiah 28:11	[]
Jeremiah 28:12	[]
Jeremiah 28:13	[false,false]
Jeremiah 28:14	[]
Jeremiah 28:15	[false,false]
Jeremiah 28:16	[false,false,false]
Jeremiah 28:17	[]
Jeremiah 29:1	[]
Jeremiah 29:2	[]
Jeremiah 29:3	[]
Jeremiah 29:4	[]
Jeremiah 29:5	[]
Jeremiah 29:6	[true,true]
Jeremiah 29:7	[true,true]
Jeremiah 29:8	[true,true]
Jeremiah 29:9	[true]
Jeremiah 29:10	[true,true]
Jeremiah 29:11	[true,true,true,true]
Jeremiah 29:12	[true,true]
Jeremiah 29:13	[true,true,true]
Jeremiah 29:14	[true,true,true,true,true,true]
Jeremiah 29:15	[true]
Jeremiah 29:16	[true,true]
Jeremiah 29:17	[]
Jeremiah 29:18	[]
Jeremiah 29:19	[false]
Jeremiah 29:20	[false]
Jeremiah 29:21	[true,true]
Jeremiah 29:22	[false]
Jeremiah 29:23	[]
Jeremiah 29:24	[false]
Jeremiah 29:25	[false,false,false]
Jeremiah 29:26	[false,false]
Jeremiah 29:27	[true,true]
Jeremiah 29:28	[]
Jeremiah 29:29	[]
Jeremiah 29:30	[]
Jeremiah 29:31	[true,true]
Jeremiah 29:32	[]
Jeremiah 30:1	[]
Jeremiah 30:2	[false]
Jeremiah 30:3	[]
Jeremiah 30:4	[]
Jeremiah 30:5	[]
Jeremiah 30:6	[]
Jeremiah 30:7	[]
Jeremiah 30:8	[]
Jeremiah 30:9	[]
Jeremiah 30:10	[false,false,false]
Jeremiah 30:11	[false,false,false,false,false,false]
Jeremiah 30:12	[false,false]
Jeremiah 30:13	[false,false,false]
Jeremiah 30:14	[false,false,false,false,false,false]
Jeremiah 30:15	[false,false,false,false,false,false]
Jeremiah 30:16	[false,false,false,false]
Jeremiah 30:17	[false,false,false]
Jeremiah 30:18	[]
Jeremiah 30:19	[]
Jeremiah 30:20	[]
Jeremiah 30:21	[]
Jeremiah 30:22	[true,true]
Jeremiah 30:23	[]
Jeremiah 30:24	[true]
Jeremiah 31:1	[]
Jeremiah 31:2	[]
Jeremiah 31:3	[false,false]
Jeremiah 31:4	[false,false,false,false]
Jeremiah 31:5	[false]
Jeremiah 31:6	[]
Jeremiah 31:7	[true,false]
Jeremiah 31:8	[]
Jeremiah 31:9	[]
Jeremiah 31:10	[]
Jeremiah 31:11	[]
Jeremiah 31:12	[]
Jeremiah 31:13	[]
Jeremiah 31:14	[]
Jeremiah 31:15	[]
Jeremiah 31:16	[false,false,false,false]
Jeremiah 31:17	[false,false]
Jeremiah 31:18	[false,false]
Jeremiah 31:19	[]
Jeremiah 31:20	[]
Jeremiah 31:21	[false,false]
Jeremiah 31:22	[false]
Jeremiah 31:23	[false]
Jeremiah 31:24	[]
Jeremiah 31:25	[]
Jeremiah 31:26	[]
Jeremiah 31:27	[]
Jeremiah 31:28	[]
Jeremiah 31:29	[]
Jeremiah 31:30	[]
Jeremiah 31:31	[]
Jeremiah 31:32	[]
Jeremiah 31:33	[]
Jeremiah 31:34	[]
Jeremiah 31:35	[]
Jeremiah 31:36	[]
Jeremiah 31:37	[]
Jeremiah 31:38	[]
Jeremiah 31:39	[]
Jeremiah 31:40	[]
Jeremiah 32:1	[]
Jeremiah 32:2	[]
Jeremiah 32:3	[false,false]
Jeremiah 32:4	[]
Jeremiah 32:5	[true,true]
Jeremiah 32:6	[]
Jeremiah 32:7	[false,false,false,false]
Jeremiah 32:8	[false,false]
Jeremiah 32:9	[]
Jeremiah 32:10	[]
Jeremiah 32:11	[]
Jeremiah 32:12	[]
Jeremiah 32:13	[]
Jeremiah 32:14	[]
Jeremiah 32:15	[]
Jeremiah 32:16	[]
Jeremiah 32:17	[false,false,false]
Jeremiah 32:18	[false]
Jeremiah 32:19	[]
Jeremiah 32:20	[false,false,false,false]
Jeremiah 32:21	[false,false]
Jeremiah 32:22	[false,false]
Jeremiah 32:23	[false,false,false,false]
Jeremiah 32:24	[false,false]
Jeremiah 32:25	[false,false]
Jeremiah 32:26	[]
Jeremiah 32:27	[]
Jeremiah 32:28	[]
Jeremiah 32:29	[]
Jeremiah 32:30	[]
Jeremiah 32:31	[]
Jeremiah 32:32	[]
Jeremiah 32:33	[]
Jeremiah 32:34	[]
Jeremiah 32:35	[]
Jeremiah 32:36	[true]
Jeremiah 32:37	[]
Jeremiah 32:38	[]
Jeremiah 32:39	[]
Jeremiah 32:40	[]
Jeremiah 32:41	[]
Jeremiah 32:42	[]
Jeremiah 32:43	[true]
Jeremiah 32:44	[]
Jeremiah 33:1	[]
Jeremiah 33:2	[]
Jeremiah 33:3	[false,false]
Jeremiah 33:4	[]
Jeremiah 33:5	[]
Jeremiah 33:6	[]
Jeremiah 33:7	[]
Jeremiah 33:8	[]
Jeremiah 33:9	[]
Jeremiah 33:10	[true]
Jeremiah 33:11	[]
Jeremiah 33:12	[]
Jeremiah 33:13	[]
Jeremiah 33:14	[]
Jeremiah 33:15	[]
Jeremiah 33:16	[]
Jeremiah 33:17	[]
Jeremiah 33:18	[]
Jeremiah 33:19	[]
Jeremiah 33:20	[true]
Jeremiah 33:21	[]
Jeremiah 33:22	[]
Jeremiah 33:23	[]
Jeremiah 33:24	[false]
Jeremiah 33:25	[]
Jeremiah 33:26	[]
Jeremiah 34:1	[]
Jeremiah 34:2	[]
Jeremiah 34:3	[false,false,false,false]
Jeremiah 34:4	[false,false]
Jeremiah 34:5	[false,false,false,false]
Jeremiah 34:6	[]
Jeremiah 34:7	[]
Jeremiah 34:8	[]
Jeremiah 34:9	[]
Jeremiah 34:10	[]
Jeremiah 34:11	[]
Jeremiah 34:12	[]
Jeremiah 34:13	[true]
Jeremiah 34:14	[true,false,false,false,true]
Jeremiah 34:15	[true,true,true]
Jeremiah 34:16	[true,true,true,true,true,true]
Jeremiah 34:17	[true,true,true,true]
Jeremiah 34:18	[]
Jeremiah 34:19	[]
Jeremiah 34:20	[]
Jeremiah 34:21	[true]
Jeremiah 34:22	[]
Jeremiah 35:1	[]
Jeremiah 35:2	[]
Jeremiah 35:3	[]
Jeremiah 35:4	[]
Jeremiah 35:5	[]
Jeremiah 35:6	[true,true]
Jeremiah 35:7	[true,true,true,true,true,true]
Jeremiah 35:8	[]
Jeremiah 35:9	[]
Jeremiah 35:10	[]
Jeremiah 35:11	[]
Jeremiah 35:12	[]
Jeremiah 35:13	[false]
Jeremiah 35:14	[true,true]
Jeremiah 35:15	[true,true,true,true,true,true,true,true]
Jeremiah 35:16	[]
Jeremiah 35:17	[]
Jeremiah 35:18	[true,true,true]
Jeremiah 35:19	[]
Jeremiah 36:1	[]
Jeremiah 36:2	[false,false]
Jeremiah 36:3	[]
Jeremiah 36:4	[]
Jeremiah 36:5	[]
Jeremiah 36:6	[false,false,false]
Jeremiah 36:7	[]
Jeremiah 36:8	[]
Jeremiah 36:9	[]
Jeremiah 36:10	[]
Jeremiah 36:11	[]
Jeremiah 36:12	[]
Jeremiah 36:13	[]
Jeremiah 36:14	[false]
Jeremiah 36:15	[]
Jeremiah 36:16	[]
Jeremiah 36:17	[false]
Jeremiah 36:18	[]
Jeremiah 36:19	[false,false,true]
Jeremiah 36:20	[]
Jeremiah 36:21	[]
Jeremiah 36:22	[]
Jeremiah 36:23	[]
Jeremiah 36:24	[]
Jeremiah 36:25	[]
Jeremiah 36:26	[]
Jeremiah 36:27	[]
Jeremiah 36:28	[]
Jeremiah 36:29	[false,false,false]
Jeremiah 36:30	[]
Jeremiah 36:31	[]
Jeremiah 36:32	[]
Jeremiah 37:1	[]
Jeremiah 37:2	[]
Jeremiah 37:3	[]
Jeremiah 37:4	[]
Jeremiah 37:5	[]
Jeremiah 37:6	[]
Jeremiah 37:7	[true,true,true]
Jeremiah 37:8	[]
Jeremiah 37:9	[true]
Jeremiah 37:10	[true,true]
Jeremiah 37:11	[]
Jeremiah 37:12	[]
Jeremiah 37:13	[false]
Jeremiah 37:14	[]
Jeremiah 37:15	[]
Jeremiah 37:16	[]
Jeremiah 37:17	[false]
Jeremiah 37:18	[false,false,true]
Jeremiah 37:19	[true,true,true]
Jeremiah 37:20	[false]
Jeremiah 37:21	[]
Jeremiah 38:1	[]
Jeremiah 38:2	[]
Jeremiah 38:3	[]
Jeremiah 38:4	[]
Jeremiah 38:5	[true,true]
Jeremiah 38:6	[]
Jeremiah 38:7	[]
Jeremiah 38:8	[]
Jeremiah 38:9	[]
Jeremiah 38:10	[false]
Jeremiah 38:11	[]
Jeremiah 38:12	[false]
Jeremiah 38:13	[]
Jeremiah 38:14	[false]
Jeremiah 38:15	[false,false,false,false]
Jeremiah 38:16	[false,false,false]
Jeremiah 38:17	[false,false,false,false]
Jeremiah 38:18	[false,false,false]
Jeremiah 38:19	[]
Jeremiah 38:20	[false,false,false,false]
Jeremiah 38:21	[false]
Jeremiah 38:22	[false,false,false,false,false]
Jeremiah 38:23	[false,false,false,false]
Jeremiah 38:24	[false]
Jeremiah 38:25	[false,false,false,false,false]
Jeremiah 38:26	[]
Jeremiah 38:27	[]
Jeremiah 38:28	[]
Jeremiah 39:1	[]
Jeremiah 39:2	[]
Jeremiah 39:3	[]
Jeremiah 39:4	[]
Jeremiah 39:5	[]
Jeremiah 39:6	[]
Jeremiah 39:7	[]
Jeremiah 39:8	[]
Jeremiah 39:9	[]
Jeremiah 39:10	[]
Jeremiah 39:11	[]
Jeremiah 39:12	[]
Jeremiah 39:13	[]
Jeremiah 39:14	[]
Jeremiah 39:15	[]
Jeremiah 39:16	[false]
Jeremiah 39:17	[false,false,false]
Jeremiah 39:18	[false,false,false,false,false]
Jeremiah 40:1	[]
Jeremiah 40:2	[false]
Jeremiah 40:3	[true,true]
Jeremiah 40:4	[false,false,false,false,false,false,false]
Jeremiah 40:5	[]
Jeremiah 40:6	[]
Jeremiah 40:7	[]
Jeremiah 40:8	[]
Jeremiah 40:9	[true]
Jeremiah 40:10	[true,true,true,true]
Jeremiah 40:11	[]
Jeremiah 40:12	[]
Jeremiah 40:13	[]
Jeremiah 40:14	[false,false]
Jeremiah 40:15	[false,false]
Jeremiah 40:16	[false]
Jeremiah 41:1	[]
Jeremiah 41:2	[]
Jeremiah 41:3	[]
Jeremiah 41:4	[]
Jeremiah 41:5	[]
Jeremiah 41:6	[]
Jeremiah 41:7	[]
Jeremiah 41:8	[]
Jeremiah 41:9	[]
Jeremiah 41:10	[]
Jeremiah 41:11	[]
Jeremiah 41:12	[]
Jeremiah 41:13	[]
Jeremiah 41:14	[]
Jeremiah 41:15	[]
Jeremiah 41:16	[]
Jeremiah 41:17	[]
Jeremiah 41:18	[]
Jeremiah 42:1	[]
Jeremiah 42:2	[false,false,false,false]
Jeremiah 42:3	[false]
Jeremiah 42:4	[true,true,true,true,true]
Jeremiah 42:5	[false,false]
Jeremiah 42:6	[false]
Jeremiah 42:7	[]
Jeremiah 42:8	[]
Jeremiah 42:9	[true,true]
Jeremiah 42:10	[true,true,true,true,true,true]
Jeremiah 42:11	[true,true,true,true]
Jeremiah 42:12	[true,true,true,true]
Jeremiah 42:13	[true,true,true]
Jeremiah 42:14	[false]
Jeremiah 42:15	[true]
Jeremiah 42:16	[true,true,true,true,true]
Jeremiah 42:17	[]
Jeremiah 42:18	[true,true,true,true]
Jeremiah 42:19	[true,true]
Jeremiah 42:20	[true,true,true]
Jeremiah 42:21	[true,true,true,true]
Jeremiah 42:22	[true,true]
Jeremiah 43:1	[]
Jeremiah 43:2	[false,false,false]
Jeremiah 43:3	[false]
Jeremiah 43:4	[]
Jeremiah 43:5	[]
Jeremiah 43:6	[]
Jeremiah 43:7	[]
Jeremiah 43:8	[]
Jeremiah 43:9	[]
Jeremiah 43:10	[]
Jeremiah 43:11	[]
Jeremiah 43:12	[]
Jeremiah 43:13	[]
Jeremiah 44:1	[]
Jeremiah 44:2	[true]
Jeremiah 44:3	[true,true]
Jeremiah 44:4	[true]
Jeremiah 44:5	[]
Jeremiah 44:6	[]
Jeremiah 44:7	[true,true,true]
Jeremiah 44:8	[true,true,true,true]
Jeremiah 44:9	[true,true,true,true]
Jeremiah 44:10	[true,true]
Jeremiah 44:11	[]
Jeremiah 44:12	[]
Jeremiah 44:13	[]
Jeremiah 44:14	[]
Jeremiah 44:15	[]
Jeremiah 44:16	[false,false]
Jeremiah 44:17	[]
Jeremiah 44:18	[]
Jeremiah 44:19	[]
Jeremiah 44:20	[]
Jeremiah 44:21	[true,true,true,true,true]
Jeremiah 44:22	[true,true]
Jeremiah 44:23	[true,true,true]
Jeremiah 44:24	[]
Jeremiah 44:25	[true,true,true,true,true,true,true,true]
Jeremiah 44:26	[false]
Jeremiah 44:27	[]
Jeremiah 44:28	[]
Jeremiah 44:29	[true,true,true,true]
Jeremiah 44:30	[]
Jeremiah 45:1	[]
Jeremiah 45:2	[false]
Jeremiah 45:3	[false]
Jeremiah 45:4	[]
Jeremiah 45:5	[false,false,false,false,false]
Jeremiah 46:1	[]
Jeremiah 46:2	[]
Jeremiah 46:3	[false]
Jeremiah 46:4	[true,true]
Jeremiah 46:5	[]
Jeremiah 46:6	[]
Jeremiah 46:7	[]
Jeremiah 46:8	[]
Jeremiah 46:9	[]
Jeremiah 46:10	[]
Jeremiah 46:11	[false,false]
Jeremiah 46:12	[false,false]
Jeremiah 46:13	[]
Jeremiah 46:14	[false,false,false]
Jeremiah 46:15	[false]
Jeremiah 46:16	[]
Jeremiah 46:17	[]
Jeremiah 46:18	[]
Jeremiah 46:19	[false]
Jeremiah 46:20	[]
Jeremiah 46:21	[]
Jeremiah 46:22	[]
Jeremiah 46:23	[]
Jeremiah 46:24	[]
Jeremiah 46:25	[]
Jeremiah 46:26	[]
Jeremiah 46:27	[false,false,false]
Jeremiah 46:28	[false,false,false,false,false,false]
Jeremiah 47:1	[]
Jeremiah 47:2	[]
Jeremiah 47:3	[]
Jeremiah 47:4	[]
Jeremiah 47:5	[false,false]
Jeremiah 47:6	[false,false]
Jeremiah 47:7	[]
Jeremiah 48:1	[]
Jeremiah 48:2	[false,false]
Jeremiah 48:3	[]
Jeremiah 48:4	[]
Jeremiah 48:5	[]
Jeremiah 48:6	[true]
Jeremiah 48:7	[false,false,false]
Jeremiah 48:8	[]
Jeremiah 48:9	[]
Jeremiah 48:10	[]
Jeremiah 48:11	[]
Jeremiah 48:12	[]
Jeremiah 48:13	[]
Jeremiah 48:14	[true]
Jeremiah 48:15	[]
Jeremiah 48:16	[]
Jeremiah 48:17	[false]
Jeremiah 48:18	[false,false,false]
Jeremiah 48:19	[]
Jeremiah 48:20	[]
Jeremiah 48:21	[]
Jeremiah 48:22	[]
Jeremiah 48:23	[]
Jeremiah 48:24	[]
Jeremiah 48:25	[]
Jeremiah 48:26	[]
Jeremiah 48:27	[false,false,false,false]
Jeremiah 48:28	[]
Jeremiah 48:29	[]
Jeremiah 48:30	[]
Jeremiah 48:31	[]
Jeremiah 48:32	[false,false,false]
Jeremiah 48:33	[]
Jeremiah 48:34	[]
Jeremiah 48:35	[]
Jeremiah 48:36	[]
Jeremiah 48:37	[]
Jeremiah 48:38	[]
Jeremiah 48:39	[]
Jeremiah 48:40	[]
Jeremiah 48:41	[]
Jeremiah 48:42	[]
Jeremiah 48:43	[false]
Jeremiah 48:44	[]
Jeremiah 48:45	[]
Jeremiah 48:46	[false,false,false]
Jeremiah 48:47	[]
Jeremiah 49:1	[]
Jeremiah 49:2	[]
Jeremiah 49:3	[false]
Jeremiah 49:4	[false,false,false,false,false]
Jeremiah 49:5	[false,false,true]
Jeremiah 49:6	[]
Jeremiah 49:7	[]
Jeremiah 49:8	[]
Jeremiah 49:9	[false]
Jeremiah 49:10	[]
Jeremiah 49:11	[false,false]
Jeremiah 49:12	[false,false,false]
Jeremiah 49:13	[]
Jeremiah 49:14	[true]
Jeremiah 49:15	[false]
Jeremiah 49:16	[false,false,false,false,false,false]
Jeremiah 49:17	[]
Jeremiah 49:18	[]
Jeremiah 49:19	[]
Jeremiah 49:20	[]
Jeremiah 49:21	[]
Jeremiah 49:22	[]
Jeremiah 49:23	[]
Jeremiah 49:24	[]
Jeremiah 49:25	[]
Jeremiah 49:26	[]
Jeremiah 49:27	[]
Jeremiah 49:28	[]
Jeremiah 49:29	[]
Jeremiah 49:30	[true,true]
Jeremiah 49:31	[]
Jeremiah 49:32	[]
Jeremiah 49:33	[]
Jeremiah 49:34	[]
Jeremiah 49:35	[]
Jeremiah 49:36	[]
Jeremiah 49:37	[]
Jeremiah 49:38	[]
Jeremiah 49:39	[]
Jeremiah 50:1	[]
Jeremiah 50:2	[true]
Jeremiah 50:3	[]
Jeremiah 50:4	[]
Jeremiah 50:5	[]
Jeremiah 50:6	[]
Jeremiah 50:7	[]
Jeremiah 50:8	[]
Jeremiah 50:9	[]
Jeremiah 50:10	[]
Jeremiah 50:11	[true,true,true,true]
Jeremiah 50:12	[true,true]
Jeremiah 50:13	[]
Jeremiah 50:14	[false]
Jeremiah 50:15	[true]
Jeremiah 50:16	[]
Jeremiah 50:17	[]
Jeremiah 50:18	[]
Jeremiah 50:19	[]
Jeremiah 50:20	[]
Jeremiah 50:21	[false]
Jeremiah 50:22	[]
Jeremiah 50:23	[]
Jeremiah 50:24	[false,false,false,false,false]
Jeremiah 50:25	[]
Jeremiah 50:26	[]
Jeremiah 50:27	[]
Jeremiah 50:28	[]
Jeremiah 50:29	[]
Jeremiah 50:30	[]
Jeremiah 50:31	[false,false,false]
Jeremiah 50:32	[]
Jeremiah 50:33	[]
Jeremiah 50:34	[]
Jeremiah 50:35	[]
Jeremiah 50:36	[]
Jeremiah 50:37	[]
Jeremiah 50:38	[]
Jeremiah 50:39	[]
Jeremiah 50:40	[]
Jeremiah 50:41	[]
Jeremiah 50:42	[false]
Jeremiah 50:43	[]
Jeremiah 50:44	[]
Jeremiah 50:45	[]
Jeremiah 50:46	[]
Jeremiah 51:1	[]
Jeremiah 51:2	[]
Jeremiah 51:3	[]
Jeremiah 51:4	[]
Jeremiah 51:5	[]
Jeremiah 51:6	[false]
Jeremiah 51:7	[]
Jeremiah 51:8	[]
Jeremiah 51:9	[]
Jeremiah 51:10	[]
Jeremiah 51:11	[]
Jeremiah 51:12	[]
Jeremiah 51:13	[false,false,false]
Jeremiah 51:14	[false,false]
Jeremiah 51:15	[]
Jeremiah 51:16	[]
Jeremiah 51:17	[]
Jeremiah 51:18	[]
Jeremiah 51:19	[]
Jeremiah 51:20	[false,false,false]
Jeremiah 51:21	[false,false]
Jeremiah 51:22	[false,false,false]
Jeremiah 51:23	[false,false,false]
Jeremiah 51:24	[true]
Jeremiah 51:25	[false,false,false,false,false]
Jeremiah 51:26	[false,false]
Jeremiah 51:27	[]
Jeremiah 51:28	[]
Jeremiah 51:29	[]
Jeremiah 51:30	[]
Jeremiah 51:31	[]
Jeremiah 51:32	[]
Jeremiah 51:33	[]
Jeremiah 51:34	[]
Jeremiah 51:35	[]
Jeremiah 51:36	[false,false]
Jeremiah 51:37	[]
Jeremiah 51:38	[]
Jeremiah 51:39	[]
Jeremiah 51:40	[]
Jeremiah 51:41	[]
Jeremiah 51:42	[]
Jeremiah 51:43	[]
Jeremiah 51:44	[]
Jeremiah 51:45	[false,false]
Jeremiah 51:46	[true]
Jeremiah 51:47	[]
Jeremiah 51:48	[]
Jeremiah 51:49	[]
Jeremiah 51:50	[false]
Jeremiah 51:51	[]
Jeremiah 51:52	[]
Jeremiah 51:53	[]
Jeremiah 51:54	[]
Jeremiah 51:55	[]
Jeremiah 51:56	[]
Jeremiah 51:57	[]
Jeremiah 51:58	[]
Jeremiah 51:59	[]
Jeremiah 51:60	[]
Jeremiah 51:61	[false,false]
Jeremiah 51:62	[false]
Jeremiah 51:63	[false]
Jeremiah 51:64	[false]
Jeremiah 52:1	[]
Jeremiah 52:2	[]
Jeremiah 52:3	[]
Jeremiah 52:4	[]
Jeremiah 52:5	[]
Jeremiah 52:6	[]
Jeremiah 52:7	[]
Jeremiah 52:8	[]
Jeremiah 52:9	[]
Jeremiah 52:10	[]
Jeremiah 52:11	[]
Jeremiah 52:12	[]
Jeremiah 52:13	[]
Jeremiah 52:14	[]
Jeremiah 52:15	[]
Jeremiah 52:16	[]
Jeremiah 52:17	[]
Jeremiah 52:18	[]
Jeremiah 52:19	[]
Jeremiah 52:20	[]
Jeremiah 52:21	[]
Jeremiah 52:22	[]
Jeremiah 52:23	[]
Jeremiah 52:24	[]
Jeremiah 52:25	[]
Jeremiah 52:26	[]
Jeremiah 52:27	[]
Jeremiah 52:28	[]
Jeremiah 52:29	[]
Jeremiah 52:30	[]
Jeremiah 52:31	[]
Jeremiah 52:32	[]
Jeremiah 52:33	[]
Jeremiah 52:34	[]
Lamentations 1:1	[]
Lamentations 1:2	[]
Lamentations 1:3	[]
Lamentations 1:4	[]
Lamentations 1:5	[]
Lamentations 1:6	[]
Lamentations 1:7	[]
Lamentations 1:8	[]
Lamentations 1:9	[]
Lamentations 1:10	[false,false]
Lamentations 1:11	[]
Lamentations 1:12	[true,true]
Lamentations 1:13	[]
Lamentations 1:14	[]
Lamentations 1:15	[]
Lamentations 1:16	[]
Lamentations 1:17	[]
Lamentations 1:18	[false]
Lamentations 1:19	[]
Lamentations 1:20	[]
Lamentations 1:21	[false,false,false]
Lamentations 1:22	[false,false]
Lamentations 2:1	[]
Lamentations 2:2	[]
Lamentations 2:3	[]
Lamentations 2:4	[]
Lamentations 2:5	[]
Lamentations 2:6	[]
Lamentations 2:7	[]
Lamentations 2:8	[]
Lamentations 2:9	[]
Lamentations 2:10	[]
Lamentations 2:11	[]
Lamentations 2:12	[]
Lamentations 2:13	[false,false,false,false,false,false]
Lamentations 2:14	[false,false,false,false]
Lamentations 2:15	[false]
Lamentations 2:16	[false,false]
Lamentations 2:17	[false,false,false]
Lamentations 2:18	[false,false,false]
Lamentations 2:19	[false,false,false]
Lamentations 2:20	[false]
Lamentations 2:21	[false,false,false]
Lamentations 2:22	[false]
Lamentations 3:1	[]
Lamentations 3:2	[]
Lamentations 3:3	[]
Lamentations 3:4	[]
Lamentations 3:5	[]
Lamentations 3:6	[]
Lamentations 3:7	[]
Lamentations 3:8	[]
Lamentations 3:9	[]
Lamentations 3:10	[]
Lamentations 3:11	[]
Lamentations 3:12	[]
Lamentations 3:13	[]
Lamentations 3:14	[]
Lamentations 3:15	[]
Lamentations 3:16	[]
Lamentations 3:17	[]
Lamentations 3:18	[]
Lamentations 3:19	[]
Lamentations 3:20	[]
Lamentations 3:21	[]
Lamentations 3:22	[]
Lamentations 3:23	[false]
Lamentations 3:24	[]
Lamentations 3:25	[]
Lamentations 3:26	[]
Lamentations 3:27	[]
Lamentations 3:28	[]
Lamentations 3:29	[]
Lamentations 3:30	[]
Lamentations 3:31	[]
Lamentations 3:32	[]
Lamentations 3:33	[]
Lamentations 3:34	[]
Lamentations 3:35	[]
Lamentations 3:36	[]
Lamentations 3:37	[]
Lamentations 3:38	[]
Lamentations 3:39	[]
Lamentations 3:40	[]
Lamentations 3:41	[]
Lamentations 3:42	[false]
Lamentations 3:43	[false,false,false]
Lamentations 3:44	[false,false]
Lamentations 3:45	[false]
Lamentations 3:46	[]
Lamentations 3:47	[]
Lamentations 3:48	[]
Lamentations 3:49	[]
Lamentations 3:50	[]
Lamentations 3:51	[]
Lamentations 3:52	[]
Lamentations 3:53	[]
Lamentations 3:54	[]
Lamentations 3:55	[false]
Lamentations 3:56	[false]
Lamentations 3:57	[false,false,false]
Lamentations 3:58	[false,false]
Lamentations 3:59	[false]
Lamentations 3:60	[false]
Lamentations 3:61	[false]
Lamentations 3:62	[]
Lamentations 3:63	[]
Lamentations 3:64	[false]
Lamentations 3:65	[false]
Lamentations 3:66	[false,false]
Lamentations 4:1	[]
Lamentations 4:2	[]
Lamentations 4:3	[]
Lamentations 4:4	[]
Lamentations 4:5	[]
Lamentations 4:6	[]
Lamentations 4:7	[]
Lamentations 4:8	[]
Lamentations 4:9	[]
Lamentations 4:10	[]
Lamentations 4:11	[]
Lamentations 4:12	[]
Lamentations 4:13	[]
Lamentations 4:14	[]
Lamentations 4:15	[]
Lamentations 4:16	[]
Lamentations 4:17	[]
Lamentations 4:18	[]
Lamentations 4:19	[]
Lamentations 4:20	[]
Lamentations 4:21	[false,false,false,false]
Lamentations 4:22	[false,false,false,false]
Lamentations 5:1	[]
Lamentations 5:2	[]
Lamentations 5:3	[]
Lamentations 5:4	[]
Lamentations 5:5	[]
Lamentations 5:6	[]
Lamentations 5:7	[]
Lamentations 5:8	[]
Lamentations 5:9	[]
Lamentations 5:10	[]
Lamentations 5:11	[]
Lamentations 5:12	[]
Lamentations 5:13	[]
Lamentations 5:14	[]
Lamentations 5:15	[]
Lamentations 5:16	[]
Lamentations 5:17	[]
Lamentations 5:18	[]
Lamentations 5:19	[false,false]
Lamentations 5:20	[false,false]
Lamentations 5:21	[false]
Lamentations 5:22	[false]
Ezekiel 1:1	[]
Ezekiel 1:2	[]
Ezekiel 1:3	[]
Ezekiel 1:4	[]
Ezekiel 1:5	[]
Ezekiel 1:6	[]
Ezekiel 1:7	[]
Ezekiel 1:8	[]
Ezekiel 1:9	[]
Ezekiel 1:10	[]
Ezekiel 1:11	[]
Ezekiel 1:12	[]
Ezekiel 1:13	[]
Ezekiel 1:14	[]
Ezekiel 1:15	[]
Ezekiel 1:16	[]
Ezekiel 1:17	[]
Ezekiel 1:18	[]
Ezekiel 1:19	[]
Ezekiel 1:20	[]
Ezekiel 1:21	[]
Ezekiel 1:22	[]
Ezekiel 1:23	[]
Ezekiel 1:24	[]
Ezekiel 1:25	[]
Ezekiel 1:26	[]
Ezekiel 1:27	[]
Ezekiel 1:28	[]
Ezekiel 2:1	[false,false]
Ezekiel 2:2	[]
Ezekiel 2:3	[false]
Ezekiel 2:4	[false,false]
Ezekiel 2:5	[]
Ezekiel 2:6	[false,false,false]
Ezekiel 2:7	[]
Ezekiel 2:8	[false,false,false,false]
Ezekiel 2:9	[]
Ezekiel 2:10	[]
Ezekiel 3:1	[false]
Ezekiel 3:2	[]
Ezekiel 3:3	[false,false]
Ezekiel 3:4	[]
Ezekiel 3:5	[false]
Ezekiel 3:6	[false,false,false]
Ezekiel 3:7	[false]
Ezekiel 3:8	[false,false]
Ezekiel 3:9	[false]
Ezekiel 3:10	[false]
Ezekiel 3:11	[false]
Ezekiel 3:12	[]
Ezekiel 3:13	[]
Ezekiel 3:14	[]
Ezekiel 3:15	[]
Ezekiel 3:16	[]
Ezekiel 3:17	[false,false]
Ezekiel 3:18	[false,false,false]
Ezekiel 3:19	[false,false,false]
Ezekiel 3:20	[false,false]
Ezekiel 3:21	[false,false,false,false]
Ezekiel 3:22	[false]
Ezekiel 3:23	[]
Ezekiel 3:24	[false,false]
Ezekiel 3:25	[false,false,false]
Ezekiel 3:26	[false,false,false]
Ezekiel 3:27	[false,false,false]
Ezekiel 4:1	[false,false]
Ezekiel 4:2	[]
Ezekiel 4:3	[false,false]
Ezekiel 4:4	[false,false,false,false,false]
Ezekiel 4:5	[false,false]
Ezekiel 4:6	[false,false,false]
Ezekiel 4:7	[false,false,false]
Ezekiel 4:8	[false,false,false,false]
Ezekiel 4:9	[false,false,false,false]
Ezekiel 4:10	[false,false]
Ezekiel 4:11	[false,false]
Ezekiel 4:12	[false,false,false]
Ezekiel 4:13	[]
Ezekiel 4:14	[]
Ezekiel 4:15	[false,false,false]
Ezekiel 4:16	[]
Ezekiel 4:17	[]
Ezekiel 5:1	[false,false]
Ezekiel 5:2	[false,false,false]
Ezekiel 5:3	[false,false]
Ezekiel 5:4	[]
Ezekiel 5:5	[]
Ezekiel 5:6	[]
Ezekiel 5:7	[true,true,true,true,true]
Ezekiel 5:8	[false,false]
Ezekiel 5:9	[false,false]
Ezekiel 5:10	[false,false,false]
Ezekiel 5:11	[false,false,false,false]
Ezekiel 5:12	[false,false,false]
Ezekiel 5:13	[]
Ezekiel 5:14	[false,false]
Ezekiel 5:15	[false,false,false]
Ezekiel 5:16	[true,true,true,true]
Ezekiel 5:17	[true,false,false,false]
Ezekiel 6:1	[]
Ezekiel 6:2	[false]
Ezekiel 6:3	[false,true,true]
Ezekiel 6:4	[true,true,true,true]
Ezekiel 6:5	[true,true]
Ezekiel 6:6	[true,true,true,true,true]
Ezekiel 6:7	[true,true]
Ezekiel 6:8	[true,true]
Ezekiel 6:9	[true]
Ezekiel 6:10	[]
Ezekiel 6:11	[false,false]
Ezekiel 6:12	[]
Ezekiel 6:13	[true]
Ezekiel 6:14	[]
Ezekiel 7:1	[]
Ezekiel 7:2	[]
Ezekiel 7:3	[false,false,false,false,false,false]
Ezekiel 7:4	[false,false,false,false,false,true]
Ezekiel 7:5	[]
Ezekiel 7:6	[false]
Ezekiel 7:7	[false]
Ezekiel 7:8	[false,false,false,false,false,false]
Ezekiel 7:9	[false,false,false,false,false,true]
Ezekiel 7:10	[]
Ezekiel 7:11	[]
Ezekiel 7:12	[]
Ezekiel 7:13	[]
Ezekiel 7:14	[]
Ezekiel 7:15	[]
Ezekiel 7:16	[]
Ezekiel 7:17	[]
Ezekiel 7:18	[]
Ezekiel 7:19	[]
Ezekiel 7:20	[]
Ezekiel 7:21	[]
Ezekiel 7:22	[]
Ezekiel 7:23	[]
Ezekiel 7:24	[]
Ezekiel 7:25	[]
Ezekiel 7:26	[]
Ezekiel 7:27	[]
Ezekiel 8:1	[]
Ezekiel 8:2	[]
Ezekiel 8:3	[]
Ezekiel 8:4	[]
Ezekiel 8:5	[false]
Ezekiel 8:6	[false,false]
Ezekiel 8:7	[]
Ezekiel 8:8	[]
Ezekiel 8:9	[]
Ezekiel 8:10	[]
Ezekiel 8:11	[]
Ezekiel 8:12	[false]
Ezekiel 8:13	[false]
Ezekiel 8:14	[]
Ezekiel 8:15	[false,false]
Ezekiel 8:16	[]
Ezekiel 8:17	[false]
Ezekiel 8:18	[]
Ezekiel 9:1	[]
Ezekiel 9:2	[]
Ezekiel 9:3	[]
Ezekiel 9:4	[]
Ezekiel 9:5	[]
Ezekiel 9:6	[]
Ezekiel 9:7	[]
Ezekiel 9:8	[false,false,false]
Ezekiel 9:9	[]
Ezekiel 9:10	[]
Ezekiel 9:11	[false]
Ezekiel 10:1	[]
Ezekiel 10:2	[false]
Ezekiel 10:3	[]
Ezekiel 10:4	[]
Ezekiel 10:5	[]
Ezekiel 10:6	[]
Ezekiel 10:7	[]
Ezekiel 10:8	[]
Ezekiel 10:9	[]
Ezekiel 10:10	[]
Ezekiel 10:11	[]
Ezekiel 10:12	[]
Ezekiel 10:13	[]
Ezekiel 10:14	[]
Ezekiel 10:15	[]
Ezekiel 10:16	[]
Ezekiel 10:17	[]
Ezekiel 10:18	[]
Ezekiel 10:19	[]
Ezekiel 10:20	[]
Ezekiel 10:21	[]
Ezekiel 10:22	[]
Ezekiel 11:1	[]
Ezekiel 11:2	[]
Ezekiel 11:3	[]
Ezekiel 11:4	[]
Ezekiel 11:5	[true,true]
Ezekiel 11:6	[true,true]
Ezekiel 11:7	[true,true]
Ezekiel 11:8	[true,true]
Ezekiel 11:9	[true,true,true]
Ezekiel 11:10	[true,true,true]
Ezekiel 11:11	[true,true,true]
Ezekiel 11:12	[true,true,true,true]
Ezekiel 11:13	[false]
Ezekiel 11:14	[]
Ezekiel 11:15	[false,false,false]
Ezekiel 11:16	[]
Ezekiel 11:17	[true,true,true,true]
Ezekiel 11:18	[]
Ezekiel 11:19	[]
Ezekiel 11:20	[]
Ezekiel 11:21	[]
Ezekiel 11:22	[]
Ezekiel 11:23	[]
Ezekiel 11:24	[]
Ezekiel 11:25	[]
Ezekiel 12:1	[]
Ezekiel 12:2	[false]
Ezekiel 12:3	[false,false]
Ezekiel 12:4	[false]
Ezekiel 12:5	[false]
Ezekiel 12:6	[false,false,false,false,false]
Ezekiel 12:7	[]
Ezekiel 12:8	[]
Ezekiel 12:9	[false,false]
Ezekiel 12:10	[]
Ezekiel 12:11	[false,true]
Ezekiel 12:12	[]
Ezekiel 12:13	[]
Ezekiel 12:14	[]
Ezekiel 12:15	[]
Ezekiel 12:16	[]
Ezekiel 12:17	[]
Ezekiel 12:18	[false,false]
Ezekiel 12:19	[]
Ezekiel 12:20	[true]
Ezekiel 12:21	[]
Ezekiel 12:22	[false]
Ezekiel 12:23	[]
Ezekiel 12:24	[]
Ezekiel 12:25	[true]
Ezekiel 12:26	[]
Ezekiel 12:27	[]
Ezekiel 12:28	[]
Ezekiel 13:1	[]
Ezekiel 13:2	[]
Ezekiel 13:3	[]
Ezekiel 13:4	[false]
Ezekiel 13:5	[false]
Ezekiel 13:6	[]
Ezekiel 13:7	[true,true]
Ezekiel 13:8	[true,true]
Ezekiel 13:9	[true]
Ezekiel 13:10	[]
Ezekiel 13:11	[]
Ezekiel 13:12	[true,true]
Ezekiel 13:13	[]
Ezekiel 13:14	[true,true,true]
Ezekiel 13:15	[true]
Ezekiel 13:16	[]
Ezekiel 13:17	[false,false]
Ezekiel 13:18	[true,true]
Ezekiel 13:19	[true,true]
Ezekiel 13:20	[true,true,true]
Ezekiel 13:21	[true,true,true,true]
Ezekiel 13:22	[false,false,false]
Ezekiel 13:23	[true,true,true]
Ezekiel 14:1	[]
Ezekiel 14:2	[]
Ezekiel 14:3	[]
Ezekiel 14:4	[]
Ezekiel 14:5	[]
Ezekiel 14:6	[true,true,true]
Ezekiel 14:7	[]
Ezekiel 14:8	[true]
Ezekiel 14:9	[]
Ezekiel 14:10	[]
Ezekiel 14:11	[]
Ezekiel 14:12	[]
Ezekiel 14:13	[]
Ezekiel 14:14	[]
Ezekiel 14:15	[]
Ezekiel 14:16	[]
Ezekiel 14:17	[]
Ezekiel 14:18	[]
Ezekiel 14:19	[]
Ezekiel 14:20	[]
Ezekiel 14:21	[]
Ezekiel 14:22	[true,true,true]
Ezekiel 14:23	[true,true,true]
Ezekiel 15:1	[]
Ezekiel 15:2	[]
Ezekiel 15:3	[]
Ezekiel 15:4	[]
Ezekiel 15:5	[]
Ezekiel 15:6	[]
Ezekiel 15:7	[true]
Ezekiel 15:8	[]
Ezekiel 16:1	[]
Ezekiel 16:2	[]
Ezekiel 16:3	[false,false,false,false]
Ezekiel 16:4	[false,false,false,false]
Ezekiel 16:5	[false,false,false,false,false]
Ezekiel 16:6	[false,false,false,false,false,false]
Ezekiel 16:7	[false,false,false,false,false]
Ezekiel 16:8	[false,false,false,false,false,false,false]
Ezekiel 16:9	[false,false,false]
Ezekiel 16:10	[false,false,false,false]
Ezekiel 16:11	[false,false,false]
Ezekiel 16:12	[false,false,false]
Ezekiel 16:13	[false,false,false,false]
Ezekiel 16:14	[false,false,false]
Ezekiel 16:15	[false,false,false,false,false,false]
Ezekiel 16:16	[false,false,false,false,false]
Ezekiel 16:17	[false,false,false,false]
Ezekiel 16:18	[false,false,false]
Ezekiel 16:19	[false,false,false]
Ezekiel 16:20	[false,false,false]
Ezekiel 16:21	[false]
Ezekiel 16:22	[false,false,false,false,false]
Ezekiel 16:23	[false,false]
Ezekiel 16:24	[false,false,false]
Ezekiel 16:25	[false,false,false,false,false]
Ezekiel 16:26	[false,false,false,false]
Ezekiel 16:27	[false,false,false,false,false]
Ezekiel 16:28	[false,false,false,false]
Ezekiel 16:29	[false,false,false]
Ezekiel 16:30	[false,false]
Ezekiel 16:31	[false,false,false,false,false]
Ezekiel 16:32	[false,false,false]
Ezekiel 16:33	[false,false,false,false,false]
Ezekiel 16:34	[false,false,false,false]
Ezekiel 16:35	[]
Ezekiel 16:36	[false,false,false,false,false,false,false,false]
Ezekiel 16:37	[false,false,false,false,false,false]
Ezekiel 16:38	[false,false,false]
Ezekiel 16:39	[false,false,false,false,false,false,false]
Ezekiel 16:40	[false,false,false]
Ezekiel 16:41	[false,false,false,false,false]
Ezekiel 16:42	[false,false]
Ezekiel 16:43	[false,false,false,false,false,false]
Ezekiel 16:44	[false]
Ezekiel 16:45	[false,false,false,false,true,true]
Ezekiel 16:46	[false,false,false,false]
Ezekiel 16:47	[false,false]
Ezekiel 16:48	[false,false,false]
Ezekiel 16:49	[false]
Ezekiel 16:50	[false]
Ezekiel 16:51	[false,false,false,false,false]
Ezekiel 16:52	[false,false,false,false,false,false,false,false,false,false]
Ezekiel 16:53	[false]
Ezekiel 16:54	[false,false,false]
Ezekiel 16:55	[false,false,false,false]
Ezekiel 16:56	[false,false,false]
Ezekiel 16:57	[false,false,false,false]
Ezekiel 16:58	[false,false,false]
Ezekiel 16:59	[false,false,false]
Ezekiel 16:60	[false,false,false]
Ezekiel 16:61	[false,false,false,false,false,false]
Ezekiel 16:62	[false,false]
Ezekiel 16:63	[false,false,false,false]
Ezekiel 17:1	[]
Ezekiel 17:2	[]
Ezekiel 17:3	[]
Ezekiel 17:4	[]
Ezekiel 17:5	[]
Ezekiel 17:6	[]
Ezekiel 17:7	[]
Ezekiel 17:8	[]
Ezekiel 17:9	[false]
Ezekiel 17:10	[]
Ezekiel 17:11	[]
Ezekiel 17:12	[false]
Ezekiel 17:13	[]
Ezekiel 17:14	[]
Ezekiel 17:15	[]
Ezekiel 17:16	[]
Ezekiel 17:17	[]
Ezekiel 17:18	[]
Ezekiel 17:19	[]
Ezekiel 17:20	[]
Ezekiel 17:21	[true]
Ezekiel 17:22	[]
Ezekiel 17:23	[]
Ezekiel 17:24	[]
Ezekiel 18:1	[]
Ezekiel 18:2	[true]
Ezekiel 18:3	[false]
Ezekiel 18:4	[]
Ezekiel 18:5	[]
Ezekiel 18:6	[]
Ezekiel 18:7	[]
Ezekiel 18:8	[]
Ezekiel 18:9	[]
Ezekiel 18:10	[]
Ezekiel 18:11	[]
Ezekiel 18:12	[]
Ezekiel 18:13	[]
Ezekiel 18:14	[]
Ezekiel 18:15	[]
Ezekiel 18:16	[]
Ezekiel 18:17	[]
Ezekiel 18:18	[]
Ezekiel 18:19	[true]
Ezekiel 18:20	[]
Ezekiel 18:21	[]
Ezekiel 18:22	[]
Ezekiel 18:23	[]
Ezekiel 18:24	[]
Ezekiel 18:25	[true,true]
Ezekiel 18:26	[]
Ezekiel 18:27	[]
Ezekiel 18:28	[]
Ezekiel 18:29	[true]
Ezekiel 18:30	[true,true,true,true]
Ezekiel 18:31	[true,true,true,true]
Ezekiel 18:32	[]
Ezekiel 19:1	[false]
Ezekiel 19:2	[false]
Ezekiel 19:3	[]
Ezekiel 19:4	[]
Ezekiel 19:5	[]
Ezekiel 19:6	[]
Ezekiel 19:7	[]
Ezekiel 19:8	[]
Ezekiel 19:9	[]
Ezekiel 19:10	[false,false]
Ezekiel 19:11	[]
Ezekiel 19:12	[]
Ezekiel 19:13	[]
Ezekiel 19:14	[]
Ezekiel 20:1	[]
Ezekiel 20:2	[]
Ezekiel 20:3	[true,true]
Ezekiel 20:4	[false,false]
Ezekiel 20:5	[true]
Ezekiel 20:6	[]
Ezekiel 20:7	[true,true,true,true]
Ezekiel 20:8	[]
Ezekiel 20:9	[]
Ezekiel 20:10	[]
Ezekiel 20:11	[]
Ezekiel 20:12	[]
Ezekiel 20:13	[]
Ezekiel 20:14	[]
Ezekiel 20:15	[]
Ezekiel 20:16	[]
Ezekiel 20:17	[]
Ezekiel 20:18	[true,true]
Ezekiel 20:19	[true]
Ezekiel 20:20	[true,true]
Ezekiel 20:21	[]
Ezekiel 20:22	[]
Ezekiel 20:23	[]
Ezekiel 20:24	[]
Ezekiel 20:25	[]
Ezekiel 20:26	[]
Ezekiel 20:27	[true]
Ezekiel 20:28	[]
Ezekiel 20:29	[true]
Ezekiel 20:30	[true,true,true,true]
Ezekiel 20:31	[true,true,true,true,true,true,true,true]
Ezekiel 20:32	[true,true]
Ezekiel 20:33	[true]
Ezekiel 20:34	[true,true,true]
Ezekiel 20:35	[true,true]
Ezekiel 20:36	[true,true]
Ezekiel 20:37	[false,false]
Ezekiel 20:38	[true,true]
Ezekiel 20:39	[true,true,true,true,true,true]
Ezekiel 20:40	[true,true]
Ezekiel 20:41	[true,true,true,true,true]
Ezekiel 20:42	[true,true,true]
Ezekiel 20:43	[true,true,true,true,true,true,true]
Ezekiel 20:44	[true,true,true]
Ezekiel 20:45	[]
Ezekiel 20:46	[false]
Ezekiel 20:47	[false,false]
Ezekiel 20:48	[]
Ezekiel 20:49	[]
Ezekiel 21:1	[]
Ezekiel 21:2	[false]
Ezekiel 21:3	[false,false]
Ezekiel 21:4	[]
Ezekiel 21:5	[]
Ezekiel 21:6	[false]
Ezekiel 21:7	[false,false]
Ezekiel 21:8	[]
Ezekiel 21:9	[]
Ezekiel 21:10	[]
Ezekiel 21:11	[]
Ezekiel 21:12	[false]
Ezekiel 21:13	[]
Ezekiel 21:14	[false]
Ezekiel 21:15	[]
Ezekiel 21:16	[false,false]
Ezekiel 21:17	[]
Ezekiel 21:18	[]
Ezekiel 21:19	[false]
Ezekiel 21:20	[]
Ezekiel 21:21	[]
Ezekiel 21:22	[]
Ezekiel 21:23	[]
Ezekiel 21:24	[true,true,true,true,true,true,true]
Ezekiel 21:25	[false,false]
Ezekiel 21:26	[]
Ezekiel 21:27	[]
Ezekiel 21:28	[]
Ezekiel 21:29	[false,false]
Ezekiel 21:30	[false,false,false]
Ezekiel 21:31	[false,false,false]
Ezekiel 21:32	[false,false,false,false]
Ezekiel 22:1	[]
Ezekiel 22:2	[false,false,false]
Ezekiel 22:3	[]
Ezekiel 22:4	[false,false,false,false,false,false,false,false]
Ezekiel 22:5	[false]
Ezekiel 22:6	[false]
Ezekiel 22:7	[false]
Ezekiel 22:8	[false]
Ezekiel 22:9	[false,false]
Ezekiel 22:10	[false,false]
Ezekiel 22:11	[]
Ezekiel 22:12	[false,false,false,false]
Ezekiel 22:13	[false,false,false]
Ezekiel 22:14	[false,false,false]
Ezekiel 22:15	[false,false,false]
Ezekiel 22:16	[false,false,false]
Ezekiel 22:17	[]
Ezekiel 22:18	[]
Ezekiel 22:19	[true,true]
Ezekiel 22:20	[true,true,true]
Ezekiel 22:21	[true,true,true]
Ezekiel 22:22	[true,true,true]
Ezekiel 22:23	[]
Ezekiel 22:24	[false]
Ezekiel 22:25	[]
Ezekiel 22:26	[]
Ezekiel 22:27	[]
Ezekiel 22:28	[]
Ezekiel 22:29	[]
Ezekiel 22:30	[]
Ezekiel 22:31	[]
Ezekiel 23:1	[]
Ezekiel 23:2	[]
Ezekiel 23:3	[]
Ezekiel 23:4	[]
Ezekiel 23:5	[]
Ezekiel 23:6	[]
Ezekiel 23:7	[]
Ezekiel 23:8	[]
Ezekiel 23:9	[]
Ezekiel 23:10	[]
Ezekiel 23:11	[]
Ezekiel 23:12	[]
Ezekiel 23:13	[]
Ezekiel 23:14	[]
Ezekiel 23:15	[]
Ezekiel 23:16	[]
Ezekiel 23:17	[]
Ezekiel 23:18	[]
Ezekiel 23:19	[]
Ezekiel 23:20	[]
Ezekiel 23:21	[false,false,false,false]
Ezekiel 23:22	[false,false,false,false]
Ezekiel 23:23	[]
Ezekiel 23:24	[false,false,false]
Ezekiel 23:25	[false,false,false,false,false,false]
Ezekiel 23:26	[false,false]
Ezekiel 23:27	[false,false,false]
Ezekiel 23:28	[false,false,false]
Ezekiel 23:29	[false,false,false,false,false]
Ezekiel 23:30	[false,false,false,false]
Ezekiel 23:31	[false,false,false]
Ezekiel 23:32	[false,false]
Ezekiel 23:33	[false,false]
Ezekiel 23:34	[false,false,false]
Ezekiel 23:35	[false,false,false,false]
Ezekiel 23:36	[false]
Ezekiel 23:37	[]
Ezekiel 23:38	[]
Ezekiel 23:39	[]
Ezekiel 23:40	[false,false,false,false]
Ezekiel 23:41	[false,false]
Ezekiel 23:42	[false,false]
Ezekiel 23:43	[]
Ezekiel 23:44	[]
Ezekiel 23:45	[]
Ezekiel 23:46	[]
Ezekiel 23:47	[]
Ezekiel 23:48	[true]
Ezekiel 23:49	[true,true,true,true,true]
Ezekiel 24:1	[]
Ezekiel 24:2	[]
Ezekiel 24:3	[]
Ezekiel 24:4	[]
Ezekiel 24:5	[]
Ezekiel 24:6	[]
Ezekiel 24:7	[]
Ezekiel 24:8	[]
Ezekiel 24:9	[]
Ezekiel 24:10	[]
Ezekiel 24:11	[]
Ezekiel 24:12	[]
Ezekiel 24:13	[false,false,false,false,false,false]
Ezekiel 24:14	[false,false]
Ezekiel 24:15	[]
Ezekiel 24:16	[false,false,false]
Ezekiel 24:17	[false,false,false,false]
Ezekiel 24:18	[]
Ezekiel 24:19	[false,false]
Ezekiel 24:20	[]
Ezekiel 24:21	[true,true,true,true]
Ezekiel 24:22	[true,true,true]
Ezekiel 24:23	[true,true,true,true,true,true,true,true,true]
Ezekiel 24:24	[true,true,true]
Ezekiel 24:25	[false]
Ezekiel 24:26	[false]
Ezekiel 24:27	[false,false,false]
Ezekiel 25:1	[]
Ezekiel 25:2	[false]
Ezekiel 25:3	[false]
Ezekiel 25:4	[false,false,false,false]
Ezekiel 25:5	[true]
Ezekiel 25:6	[false,false,false]
Ezekiel 25:7	[false,false,false,false,false,false]
Ezekiel 25:8	[]
Ezekiel 25:9	[]
Ezekiel 25:10	[]
Ezekiel 25:11	[]
Ezekiel 25:12	[]
Ezekiel 25:13	[]
Ezekiel 25:14	[]
Ezekiel 25:15	[]
Ezekiel 25:16	[]
Ezekiel 25:17	[]
Ezekiel 26:1	[]
Ezekiel 26:2	[]
Ezekiel 26:3	[false,false]
Ezekiel 26:4	[]
Ezekiel 26:5	[]
Ezekiel 26:6	[]
Ezekiel 26:7	[]
Ezekiel 26:8	[false,false,false,false]
Ezekiel 26:9	[false,false]
Ezekiel 26:10	[false,false,false]
Ezekiel 26:11	[false,false,false]
Ezekiel 26:12	[false,false,false,false,false]
Ezekiel 26:13	[false,false]
Ezekiel 26:14	[false,false,false]
Ezekiel 26:15	[false,false]
Ezekiel 26:16	[false]
Ezekiel 26:17	[false,false]
Ezekiel 26:18	[false,false]
Ezekiel 26:19	[false,false,false]
Ezekiel 26:20	[false,false,false]
Ezekiel 26:21	[false,false,false]
Ezekiel 27:1	[]
Ezekiel 27:2	[false]
Ezekiel 27:3	[false]
Ezekiel 27:4	[false,false,false]
Ezekiel 27:5	[false,false]
Ezekiel 27:6	[false,false]
Ezekiel 27:7	[false,false,false]
Ezekiel 27:8	[false,false,false]
Ezekiel 27:9	[false,false]
Ezekiel 27:10	[false,false,false]
Ezekiel 27:11	[false,false,false,false]
Ezekiel 27:12	[false,false,false]
Ezekiel 27:13	[false,false]
Ezekiel 27:14	[false]
Ezekiel 27:15	[false,false,false]
Ezekiel 27:16	[false,false,false]
Ezekiel 27:17	[false,false]
Ezekiel 27:18	[false,false,false]
Ezekiel 27:19	[false,false]
Ezekiel 27:20	[false]
Ezekiel 27:21	[false]
Ezekiel 27:22	[false,false]
Ezekiel 27:23	[false]
Ezekiel 27:24	[false,false]
Ezekiel 27:25	[false,false]
Ezekiel 27:26	[false,false,false]
Ezekiel 27:27	[false,false,false,false,false]
Ezekiel 27:28	[false]
Ezekiel 27:29	[]
Ezekiel 27:30	[false]
Ezekiel 27:31	[false,false]
Ezekiel 27:32	[false,false]
Ezekiel 27:33	[false,false,false,false]
Ezekiel 27:34	[false,false,false,false]
Ezekiel 27:35	[false]
Ezekiel 27:36	[false,false]
Ezekiel 28:1	[]
Ezekiel 28:2	[false,false,false,false,false]
Ezekiel 28:3	[false,false]
Ezekiel 28:4	[false,false,false,false]
Ezekiel 28:5	[false,false,false,false]
Ezekiel 28:6	[false,false]
Ezekiel 28:7	[false,false,false]
Ezekiel 28:8	[false,false]
Ezekiel 28:9	[false,false,false,false]
Ezekiel 28:10	[false]
Ezekiel 28:11	[]
Ezekiel 28:12	[false]
Ezekiel 28:13	[false,false,false,false]
Ezekiel 28:14	[false,false,false,false]
Ezekiel 28:15	[false,false,false,false]
Ezekiel 28:16	[false,false,false,false,false]
Ezekiel 28:17	[false,false,false,false,false,false,false]
Ezekiel 28:18	[false,false,false,false,false,false,false,false]
Ezekiel 28:19	[false,false,false]
Ezekiel 28:20	[]
Ezekiel 28:21	[false]
Ezekiel 28:22	[false,false,false]
Ezekiel 28:23	[]
Ezekiel 28:24	[]
Ezekiel 28:25	[]
Ezekiel 28:26	[]
Ezekiel 29:1	[]
Ezekiel 29:2	[false]
Ezekiel 29:3	[false]
Ezekiel 29:4	[false,false,false,false,false,false,false]
Ezekiel 29:5	[false,false,false,false,false]
Ezekiel 29:6	[false]
Ezekiel 29:7	[false,false,false,false]
Ezekiel 29:8	[false,false]
Ezekiel 29:9	[false]
Ezekiel 29:10	[false,false]
Ezekiel 29:11	[]
Ezekiel 29:12	[]
Ezekiel 29:13	[]
Ezekiel 29:14	[]
Ezekiel 29:15	[]
Ezekiel 29:16	[]
Ezekiel 29:17	[]
Ezekiel 29:18	[]
Ezekiel 29:19	[]
Ezekiel 29:20	[]
Ezekiel 29:21	[false]
Ezekiel 30:1	[]
Ezekiel 30:2	[]
Ezekiel 30:3	[]
Ezekiel 30:4	[]
Ezekiel 30:5	[]
Ezekiel 30:6	[]
Ezekiel 30:7	[]
Ezekiel 30:8	[]
Ezekiel 30:9	[]
Ezekiel 30:10	[]
Ezekiel 30:11	[]
Ezekiel 30:12	[]
Ezekiel 30:13	[]
Ezekiel 30:14	[]
Ezekiel 30:15	[]
Ezekiel 30:16	[]
Ezekiel 30:17	[]
Ezekiel 30:18	[]
Ezekiel 30:19	[]
Ezekiel 30:20	[]
Ezekiel 30:21	[]
Ezekiel 30:22	[]
Ezekiel 30:23	[]
Ezekiel 30:24	[]
Ezekiel 30:25	[]
Ezekiel 30:26	[]
Ezekiel 31:1	[]
Ezekiel 31:2	[false]
Ezekiel 31:3	[]
Ezekiel 31:4	[]
Ezekiel 31:5	[]
Ezekiel 31:6	[]
Ezekiel 31:7	[]
Ezekiel 31:8	[]
Ezekiel 31:9	[]
Ezekiel 31:10	[]
Ezekiel 31:11	[]
Ezekiel 31:12	[]
Ezekiel 31:13	[]
Ezekiel 31:14	[]
Ezekiel 31:15	[]
Ezekiel 31:16	[]
Ezekiel 31:17	[]
Ezekiel 31:18	[false,false,false]
Ezekiel 32:1	[]
Ezekiel 32:2	[false,false,false,false,false]
Ezekiel 32:3	[false,false]
Ezekiel 32:4	[false,false,false,false]
Ezekiel 32:5	[false,false]
Ezekiel 32:6	[false]
Ezekiel 32:7	[false]
Ezekiel 32:8	[false,false]
Ezekiel 32:9	[false,false]
Ezekiel 32:10	[false,false,false]
Ezekiel 32:11	[false]
Ezekiel 32:12	[false]
Ezekiel 32:13	[]
Ezekiel 32:14	[]
Ezekiel 32:15	[]
Ezekiel 32:16	[]
Ezekiel 32:17	[]
Ezekiel 32:18	[]
Ezekiel 32:19	[false]
Ezekiel 32:20	[]
Ezekiel 32:21	[]
Ezekiel 32:22	[]
Ezekiel 32:23	[]
Ezekiel 32:24	[]
Ezekiel 32:25	[]
Ezekiel 32:26	[]
Ezekiel 32:27	[]
Ezekiel 32:28	[false]
Ezekiel 32:29	[]
Ezekiel 32:30	[]
Ezekiel 32:31	[]
Ezekiel 32:32	[]
Ezekiel 33:1	[]
Ezekiel 33:2	[false]
Ezekiel 33:3	[]
Ezekiel 33:4	[]
Ezekiel 33:5	[]
Ezekiel 33:6	[]
Ezekiel 33:7	[false,false]
Ezekiel 33:8	[false,false,false]
Ezekiel 33:9	[false,false,false]
Ezekiel 33:10	[false]
Ezekiel 33:11	[true,true]
Ezekiel 33:12	[false]
Ezekiel 33:13	[]
Ezekiel 33:14	[false]
Ezekiel 33:15	[]
Ezekiel 33:16	[]
Ezekiel 33:17	[false]
Ezekiel 33:18	[]
Ezekiel 33:19	[]
Ezekiel 33:20	[true,true]
Ezekiel 33:21	[]
Ezekiel 33:22	[]
Ezekiel 33:23	[]
Ezekiel 33:24	[]
Ezekiel 33:25	[true,true,true,true]
Ezekiel 33:26	[true,true,true,true,true]
Ezekiel 33:27	[]
Ezekiel 33:28	[]
Ezekiel 33:29	[]
Ezekiel 33:30	[false,false,false]
Ezekiel 33:31	[false,false,false]
Ezekiel 33:32	[false,false]
Ezekiel 33:33	[]
Ezekiel 34:1	[]
Ezekiel 34:2	[]
Ezekiel 34:3	[true,true]
Ezekiel 34:4	[true,true]
Ezekiel 34:5	[]
Ezekiel 34:6	[]
Ezekiel 34:7	[true]
Ezekiel 34:8	[]
Ezekiel 34:9	[true]
Ezekiel 34:10	[]
Ezekiel 34:11	[]
Ezekiel 34:12	[]
Ezekiel 34:13	[]
Ezekiel 34:14	[]
Ezekiel 34:15	[]
Ezekiel 34:16	[]
Ezekiel 34:17	[true]
Ezekiel 34:18	[true,true,true,true,true,true]
Ezekiel 34:19	[true,true]
Ezekiel 34:20	[]
Ezekiel 34:21	[true,true,true]
Ezekiel 34:22	[]
Ezekiel 34:23	[]
Ezekiel 34:24	[]
Ezekiel 34:25	[]
Ezekiel 34:26	[]
Ezekiel 34:27	[]
Ezekiel 34:28	[]
Ezekiel 34:29	[]
Ezekiel 34:30	[]
Ezekiel 34:31	[true,true]
Ezekiel 35:1	[]
Ezekiel 35:2	[false]
Ezekiel 35:3	[false,false,false]
Ezekiel 35:4	[false,false,false]
Ezekiel 35:5	[false]
Ezekiel 35:6	[false,false,false,false]
Ezekiel 35:7	[]
Ezekiel 35:8	[false,false,false]
Ezekiel 35:9	[false,false,true]
Ezekiel 35:10	[false]
Ezekiel 35:11	[false,false,false,false]
Ezekiel 35:12	[false,false,false]
Ezekiel 35:13	[true,true,true]
Ezekiel 35:14	[false]
Ezekiel 35:15	[false,false,false]
Ezekiel 36:1	[false]
Ezekiel 36:2	[true]
Ezekiel 36:3	[true,true,true]
Ezekiel 36:4	[false]
Ezekiel 36:5	[]
Ezekiel 36:6	[true]
Ezekiel 36:7	[true]
Ezekiel 36:8	[true]
Ezekiel 36:9	[true,true,true]
Ezekiel 36:10	[true]
Ezekiel 36:11	[true,true,true,true,true]
Ezekiel 36:12	[true,false,false,false]
Ezekiel 36:13	[true,false,false]
Ezekiel 36:14	[false,false]
Ezekiel 36:15	[false,false,false]
Ezekiel 36:16	[]
Ezekiel 36:17	[]
Ezekiel 36:18	[]
Ezekiel 36:19	[]
Ezekiel 36:20	[]
Ezekiel 36:21	[]
Ezekiel 36:22	[true,true,true]
Ezekiel 36:23	[true,true]
Ezekiel 36:24	[true,true,true,true]
Ezekiel 36:25	[true,true,true,true,true]
Ezekiel 36:26	[true,true,true,true]
Ezekiel 36:27	[true,true]
Ezekiel 36:28	[true,true,true,true]
Ezekiel 36:29	[true,true,true]
Ezekiel 36:30	[false]
Ezekiel 36:31	[true,true,true,true,true]
Ezekiel 36:32	[true,true,true]
Ezekiel 36:33	[true,true]
Ezekiel 36:34	[]
Ezekiel 36:35	[]
Ezekiel 36:36	[true]
Ezekiel 36:37	[]
Ezekiel 36:38	[]
Ezekiel 37:1	[]
Ezekiel 37:2	[]
Ezekiel 37:3	[false]
Ezekiel 37:4	[]
Ezekiel 37:5	[true,true]
Ezekiel 37:6	[true,true,true,true,true,true]
Ezekiel 37:7	[]
Ezekiel 37:8	[]
Ezekiel 37:9	[]
Ezekiel 37:10	[]
Ezekiel 37:11	[]
Ezekiel 37:12	[true,true,true]
Ezekiel 37:13	[true,true,true]
Ezekiel 37:14	[true,true,true,true,true]
Ezekiel 37:15	[]
Ezekiel 37:16	[false]
Ezekiel 37:17	[false]
Ezekiel 37:18	[false,false,false,false]
Ezekiel 37:19	[false]
Ezekiel 37:20	[false,false]
Ezekiel 37:21	[false]
Ezekiel 37:22	[]
Ezekiel 37:23	[]
Ezekiel 37:24	[]
Ezekiel 37:25	[true]
Ezekiel 37:26	[]
Ezekiel 37:27	[]
Ezekiel 37:28	[]
Ezekiel 38:1	[]
Ezekiel 38:2	[false]
Ezekiel 38:3	[false]
Ezekiel 38:4	[false,false,false,false,false,false]
Ezekiel 38:5	[]
Ezekiel 38:6	[false]
Ezekiel 38:7	[false,false,false,false,false]
Ezekiel 38:8	[false,false]
Ezekiel 38:9	[false,false,false,false]
Ezekiel 38:10	[false,false]
Ezekiel 38:11	[false]
Ezekiel 38:12	[]
Ezekiel 38:13	[false,false,false]
Ezekiel 38:14	[false]
Ezekiel 38:15	[false,false,false,false]
Ezekiel 38:16	[false,false,false]
Ezekiel 38:17	[false,false]
Ezekiel 38:18	[]
Ezekiel 38:19	[]
Ezekiel 38:20	[]
Ezekiel 38:21	[]
Ezekiel 38:22	[]
Ezekiel 38:23	[]
Ezekiel 39:1	[false,false]
Ezekiel 39:2	[false,false,false,false]
Ezekiel 39:3	[false,false]
Ezekiel 39:4	[false,false,false,false,false]
Ezekiel 39:5	[false]
Ezekiel 39:6	[]
Ezekiel 39:7	[]
Ezekiel 39:8	[]
Ezekiel 39:9	[]
Ezekiel 39:10	[]
Ezekiel 39:11	[]
Ezekiel 39:12	[]
Ezekiel 39:13	[]
Ezekiel 39:14	[]
Ezekiel 39:15	[]
Ezekiel 39:16	[]
Ezekiel 39:17	[false,true,true]
Ezekiel 39:18	[true]
Ezekiel 39:19	[true,true,true]
Ezekiel 39:20	[true,true]
Ezekiel 39:21	[]
Ezekiel 39:22	[]
Ezekiel 39:23	[]
Ezekiel 39:24	[]
Ezekiel 39:25	[]
Ezekiel 39:26	[]
Ezekiel 39:27	[]
Ezekiel 39:28	[]
Ezekiel 39:29	[]
Ezekiel 40:1	[]
Ezekiel 40:2	[]
Ezekiel 40:3	[]
Ezekiel 40:4	[false,false,false,false,false]
Ezekiel 40:5	[]
Ezekiel 40:6	[]
Ezekiel 40:7	[]
Ezekiel 40:8	[]
Ezekiel 40:9	[]
Ezekiel 40:10	[]
Ezekiel 40:11	[]
Ezekiel 40:12	[]
Ezekiel 40:13	[]
Ezekiel 40:14	[]
Ezekiel 40:15	[]
Ezekiel 40:16	[]
Ezekiel 40:17	[]
Ezekiel 40:18	[]
Ezekiel 40:19	[]
Ezekiel 40:20	[]
Ezekiel 40:21	[]
Ezekiel 40:22	[]
Ezekiel 40:23	[]
Ezekiel 40:24	[]
Ezekiel 40:25	[]
Ezekiel 40:26	[]
Ezekiel 40:27	[]
Ezekiel 40:28	[]
Ezekiel 40:29	[]
Ezekiel 40:30	[]
Ezekiel 40:31	[]
Ezekiel 40:32	[]
Ezekiel 40:33	[]
Ezekiel 40:34	[]
Ezekiel 40:35	[]
Ezekiel 40:36	[]
Ezekiel 40:37	[]
Ezekiel 40:38	[]
Ezekiel 40:39	[]
Ezekiel 40:40	[]
Ezekiel 40:41	[]
Ezekiel 40:42	[]
Ezekiel 40:43	[]
Ezekiel 40:44	[]
Ezekiel 40:45	[]
Ezekiel 40:46	[]
Ezekiel 40:47	[]
Ezekiel 40:48	[]
Ezekiel 40:49	[]
Ezekiel 41:1	[]
Ezekiel 41:2	[]
Ezekiel 41:3	[]
Ezekiel 41:4	[]
Ezekiel 41:5	[]
Ezekiel 41:6	[]
Ezekiel 41:7	[]
Ezekiel 41:8	[]
Ezekiel 41:9	[]
Ezekiel 41:10	[]
Ezekiel 41:11	[]
Ezekiel 41:12	[]
Ezekiel 41:13	[]
Ezekiel 41:14	[]
Ezekiel 41:15	[]
Ezekiel 41:16	[]
Ezekiel 41:17	[]
Ezekiel 41:18	[]
Ezekiel 41:19	[]
Ezekiel 41:20	[]
Ezekiel 41:21	[]
Ezekiel 41:22	[]
Ezekiel 41:23	[]
Ezekiel 41:24	[]
Ezekiel 41:25	[]
Ezekiel 41:26	[]
Ezekiel 42:1	[]
Ezekiel 42:2	[]
Ezekiel 42:3	[]
Ezekiel 42:4	[]
Ezekiel 42:5	[]
Ezekiel 42:6	[]
Ezekiel 42:7	[]
Ezekiel 42:8	[]
Ezekiel 42:9	[]
Ezekiel 42:10	[]
Ezekiel 42:11	[]
Ezekiel 42:12	[]
Ezekiel 42:13	[]
Ezekiel 42:14	[]
Ezekiel 42:15	[]
Ezekiel 42:16	[]
Ezekiel 42:17	[]
Ezekiel 42:18	[]
Ezekiel 42:19	[]
Ezekiel 42:20	[]
Ezekiel 43:1	[]
Ezekiel 43:2	[]
Ezekiel 43:3	[]
Ezekiel 43:4	[]
Ezekiel 43:5	[]
Ezekiel 43:6	[]
Ezekiel 43:7	[]
Ezekiel 43:8	[]
Ezekiel 43:9	[]
Ezekiel 43:10	[false]
Ezekiel 43:11	[]
Ezekiel 43:12	[]
Ezekiel 43:13	[]
Ezekiel 43:14	[]
Ezekiel 43:15	[]
Ezekiel 43:16	[]
Ezekiel 43:17	[]
Ezekiel 43:18	[]
Ezekiel 43:19	[false]
Ezekiel 43:20	[false,false]
Ezekiel 43:21	[false]
Ezekiel 43:22	[false]
Ezekiel 43:23	[false,false]
Ezekiel 43:24	[false]
Ezekiel 43:25	[false,false]
Ezekiel 43:26	[]
Ezekiel 43:27	[true,true]
Ezekiel 44:1	[]
Ezekiel 44:2	[]
Ezekiel 44:3	[]
Ezekiel 44:4	[]
Ezekiel 44:5	[false,false,false]
Ezekiel 44:6	[true]
Ezekiel 44:7	[true,true,true,true,true]
Ezekiel 44:8	[true,true]
Ezekiel 44:9	[]
Ezekiel 44:10	[]
Ezekiel 44:11	[]
Ezekiel 44:12	[]
Ezekiel 44:13	[]
Ezekiel 44:14	[]
Ezekiel 44:15	[]
Ezekiel 44:16	[]
Ezekiel 44:17	[]
Ezekiel 44:18	[]
Ezekiel 44:19	[]
Ezekiel 44:20	[]
Ezekiel 44:21	[]
Ezekiel 44:22	[]
Ezekiel 44:23	[]
Ezekiel 44:24	[]
Ezekiel 44:25	[]
Ezekiel 44:26	[]
Ezekiel 44:27	[]
Ezekiel 44:28	[true]
Ezekiel 44:29	[]
Ezekiel 44:30	[true,true,false,false]
Ezekiel 44:31	[]
Ezekiel 45:1	[true,true]
Ezekiel 45:2	[]
Ezekiel 45:3	[false]
Ezekiel 45:4	[]
Ezekiel 45:5	[]
Ezekiel 45:6	[true]
Ezekiel 45:7	[]
Ezekiel 45:8	[]
Ezekiel 45:9	[false]
Ezekiel 45:10	[false]
Ezekiel 45:11	[]
Ezekiel 45:12	[]
Ezekiel 45:13	[true]
Ezekiel 45:14	[]
Ezekiel 45:15	[]
Ezekiel 45:16	[]
Ezekiel 45:17	[]
Ezekiel 45:18	[false]
Ezekiel 45:19	[]
Ezekiel 45:20	[false,true]
Ezekiel 45:21	[false]
Ezekiel 45:22	[]
Ezekiel 45:23	[]
Ezekiel 45:24	[]
Ezekiel 45:25	[]
Ezekiel 46:1	[]
Ezekiel 46:2	[]
Ezekiel 46:3	[]
Ezekiel 46:4	[]
Ezekiel 46:5	[]
Ezekiel 46:6	[]
Ezekiel 46:7	[]
Ezekiel 46:8	[]
Ezekiel 46:9	[]
Ezekiel 46:10	[]
Ezekiel 46:11	[]
Ezekiel 46:12	[]
Ezekiel 46:13	[false,false]
Ezekiel 46:14	[false]
Ezekiel 46:15	[]
Ezekiel 46:16	[]
Ezekiel 46:17	[]
Ezekiel 46:18	[]
Ezekiel 46:19	[]
Ezekiel 46:20	[]
Ezekiel 46:21	[]
Ezekiel 46:22	[]
Ezekiel 46:23	[]
Ezekiel 46:24	[]
Ezekiel 47:1	[]
Ezekiel 47:2	[]
Ezekiel 47:3	[]
Ezekiel 47:4	[]
Ezekiel 47:5	[]
Ezekiel 47:6	[false]
Ezekiel 47:7	[]
Ezekiel 47:8	[]
Ezekiel 47:9	[]
Ezekiel 47:10	[]
Ezekiel 47:11	[]
Ezekiel 47:12	[]
Ezekiel 47:13	[false]
Ezekiel 47:14	[true,true,true]
Ezekiel 47:15	[]
Ezekiel 47:16	[]
Ezekiel 47:17	[]
Ezekiel 47:18	[]
Ezekiel 47:19	[]
Ezekiel 47:20	[]
Ezekiel 47:21	[true,true]
Ezekiel 47:22	[true,true,true,true,true]
Ezekiel 47:23	[true]
Ezekiel 48:1	[]
Ezekiel 48:2	[]
Ezekiel 48:3	[]
Ezekiel 48:4	[]
Ezekiel 48:5	[]
Ezekiel 48:6	[]
Ezekiel 48:7	[]
Ezekiel 48:8	[true]
Ezekiel 48:9	[true]
Ezekiel 48:10	[]
Ezekiel 48:11	[]
Ezekiel 48:12	[]
Ezekiel 48:13	[]
Ezekiel 48:14	[]
Ezekiel 48:15	[]
Ezekiel 48:16	[]
Ezekiel 48:17	[]
Ezekiel 48:18	[]
Ezekiel 48:19	[]
Ezekiel 48:20	[true]
Ezekiel 48:21	[]
Ezekiel 48:22	[]
Ezekiel 48:23	[]
Ezekiel 48:24	[]
Ezekiel 48:25	[]
Ezekiel 48:26	[]
Ezekiel 48:27	[]
Ezekiel 48:28	[]
Ezekiel 48:29	[true]
Ezekiel 48:30	[]
Ezekiel 48:31	[]
Ezekiel 48:32	[]
Ezekiel 48:33	[]
Ezekiel 48:34	[]
Ezekiel 48:35	[]
Daniel 1:1	[]
Daniel 1:2	[]
Daniel 1:3	[]
Daniel 1:4	[]
Daniel 1:5	[]
Daniel 1:6	[]
Daniel 1:7	[]
Daniel 1:8	[]
Daniel 1:9	[]
Daniel 1:10	[true,true,true,true]
Daniel 1:11	[]
Daniel 1:12	[false]
Daniel 1:13	[false,false]
Daniel 1:14	[]
Daniel 1:15	[]
Daniel 1:16	[]
Daniel 1:17	[]
Daniel 1:18	[]
Daniel 1:19	[]
Daniel 1:20	[]
Daniel 1:21	[]
Daniel 2:1	[]
Daniel 2:2	[]
Daniel 2:3	[]
Daniel 2:4	[false,false]
Daniel 2:5	[true,true,true]
Daniel 2:6	[true,true]
Daniel 2:7	[]
Daniel 2:8	[true,true]
Daniel 2:9	[true,true,true,true]
Daniel 2:10	[]
Daniel 2:11	[]
Daniel 2:12	[]
Daniel 2:13	[]
Daniel 2:14	[]
Daniel 2:15	[]
Daniel 2:16	[]
Daniel 2:17	[]
Daniel 2:18	[]
Daniel 2:19	[]
Daniel 2:20	[]
Daniel 2:21	[]
Daniel 2:22	[]
Daniel 2:23	[false,false,false,false]
Daniel 2:24	[]
Daniel 2:25	[]
Daniel 2:26	[false]
Daniel 2:27	[]
Daniel 2:28	[false,false,false,false]
Daniel 2:29	[false,false,false,false]
Daniel 2:30	[false,false]
Daniel 2:31	[false,false]
Daniel 2:32	[]
Daniel 2:33	[]
Daniel 2:34	[false]
Daniel 2:35	[]
Daniel 2:36	[]
Daniel 2:37	[false]
Daniel 2:38	[false,false,false]
Daniel 2:39	[false,false]
Daniel 2:40	[]
Daniel 2:41	[false,false]
Daniel 2:42	[]
Daniel 2:43	[false]
Daniel 2:44	[]
Daniel 2:45	[false]
Daniel 2:46	[]
Daniel 2:47	[true,false]
Daniel 2:48	[]
Daniel 2:49	[]
Daniel 3:1	[]
Daniel 3:2	[]
Daniel 3:3	[]
Daniel 3:4	[true]
Daniel 3:5	[true,true]
Daniel 3:6	[]
Daniel 3:7	[]
Daniel 3:8	[]
Daniel 3:9	[false]
Daniel 3:10	[false]
Daniel 3:11	[]
Daniel 3:12	[false,false,false,false]
Daniel 3:13	[]
Daniel 3:14	[false]
Daniel 3:15	[true,true,true,true,true]
Daniel 3:16	[false]
Daniel 3:17	[false]
Daniel 3:18	[false,false,false]
Daniel 3:19	[]
Daniel 3:20	[]
Daniel 3:21	[]
Daniel 3:22	[]
Daniel 3:23	[]
Daniel 3:24	[]
Daniel 3:25	[]
Daniel 3:26	[]
Daniel 3:27	[]
Daniel 3:28	[]
Daniel 3:29	[]
Daniel 3:30	[]
Daniel 4:1	[true]
Daniel 4:2	[]
Daniel 4:3	[]
Daniel 4:4	[]
Daniel 4:5	[]
Daniel 4:6	[]
Daniel 4:7	[]
Daniel 4:8	[]
Daniel 4:9	[false,false]
Daniel 4:10	[]
Daniel 4:11	[]
Daniel 4:12	[]
Daniel 4:13	[]
Daniel 4:14	[]
Daniel 4:15	[]
Daniel 4:16	[]
Daniel 4:17	[]
Daniel 4:18	[false,false]
Daniel 4:19	[false,false,false]
Daniel 4:20	[false]
Daniel 4:21	[]
Daniel 4:22	[false,false,false,false]
Daniel 4:23	[false]
Daniel 4:24	[]
Daniel 4:25	[false,false,false,false,false]
Daniel 4:26	[false,false,false]
Daniel 4:27	[false,false,false,false]
Daniel 4:28	[]
Daniel 4:29	[]
Daniel 4:30	[]
Daniel 4:31	[false,false]
Daniel 4:32	[false,false,false,false]
Daniel 4:33	[]
Daniel 4:34	[]
Daniel 4:35	[false]
Daniel 4:36	[]
Daniel 4:37	[]
Daniel 5:1	[]
Daniel 5:2	[]
Daniel 5:3	[]
Daniel 5:4	[]
Daniel 5:5	[]
Daniel 5:6	[]
Daniel 5:7	[]
Daniel 5:8	[]
Daniel 5:9	[]
Daniel 5:10	[false,false,false,false]
Daniel 5:11	[false,false,false,false]
Daniel 5:12	[false]
Daniel 5:13	[false]
Daniel 5:14	[false,false]
Daniel 5:15	[]
Daniel 5:16	[false,false,false,false,false,false]
Daniel 5:17	[false,false,false,false]
Daniel 5:18	[false,false]
Daniel 5:19	[]
Daniel 5:20	[]
Daniel 5:21	[]
Daniel 5:22	[false,false,false]
Daniel 5:23	[false,false,false,false,false,false,false,false,false,false]
Daniel 5:24	[]
Daniel 5:25	[]
Daniel 5:26	[false]
Daniel 5:27	[false]
Daniel 5:28	[false]
Daniel 5:29	[]
Daniel 5:30	[]
Daniel 5:31	[]
Daniel 6:1	[]
Daniel 6:2	[]
Daniel 6:3	[]
Daniel 6:4	[]
Daniel 6:5	[]
Daniel 6:6	[false]
Daniel 6:7	[false]
Daniel 6:8	[]
Daniel 6:9	[]
Daniel 6:10	[]
Daniel 6:11	[]
Daniel 6:12	[false,false]
Daniel 6:13	[false,false]
Daniel 6:14	[]
Daniel 6:15	[]
Daniel 6:16	[false,false,false]
Daniel 6:17	[]
Daniel 6:18	[]
Daniel 6:19	[]
Daniel 6:20	[false,false,false]
Daniel 6:21	[false]
Daniel 6:22	[false]
Daniel 6:23	[]
Daniel 6:24	[]
Daniel 6:25	[true]
Daniel 6:26	[]
Daniel 6:27	[]
Daniel 6:28	[]
Daniel 7:1	[]
Daniel 7:2	[]
Daniel 7:3	[]
Daniel 7:4	[]
Daniel 7:5	[false]
Daniel 7:6	[]
Daniel 7:7	[]
Daniel 7:8	[]
Daniel 7:9	[]
Daniel 7:10	[]
Daniel 7:11	[]
Daniel 7:12	[]
Daniel 7:13	[]
Daniel 7:14	[]
Daniel 7:15	[]
Daniel 7:16	[]
Daniel 7:17	[]
Daniel 7:18	[]
Daniel 7:19	[]
Daniel 7:20	[]
Daniel 7:21	[]
Daniel 7:22	[]
Daniel 7:23	[]
Daniel 7:24	[]
Daniel 7:25	[]
Daniel 7:26	[]
Daniel 7:27	[]
Daniel 7:28	[]
Daniel 8:1	[]
Daniel 8:2	[]
Daniel 8:3	[]
Daniel 8:4	[]
Daniel 8:5	[]
Daniel 8:6	[]
Daniel 8:7	[]
Daniel 8:8	[]
Daniel 8:9	[]
Daniel 8:10	[]
Daniel 8:11	[]
Daniel 8:12	[]
Daniel 8:13	[]
Daniel 8:14	[]
Daniel 8:15	[]
Daniel 8:16	[]
Daniel 8:17	[]
Daniel 8:18	[]
Daniel 8:19	[false]
Daniel 8:20	[false]
Daniel 8:21	[]
Daniel 8:22	[]
Daniel 8:23	[]
Daniel 8:24	[]
Daniel 8:25	[]
Daniel 8:26	[false]
Daniel 8:27	[]
Daniel 9:1	[]
Daniel 9:2	[]
Daniel 9:3	[]
Daniel 9:4	[]
Daniel 9:5	[false]
Daniel 9:6	[false,false]
Daniel 9:7	[false,false,false]
Daniel 9:8	[false]
Daniel 9:9	[]
Daniel 9:10	[]
Daniel 9:11	[false,false,false]
Daniel 9:12	[false]
Daniel 9:13	[false]
Daniel 9:14	[]
Daniel 9:15	[false,false]
Daniel 9:16	[false,false,false,false,false]
Daniel 9:17	[false,false,false,false]
Daniel 9:18	[false,false,false,false,false]
Daniel 9:19	[false,false,false,false]
Daniel 9:20	[]
Daniel 9:21	[]
Daniel 9:22	[false]
Daniel 9:23	[false,false,false]
Daniel 9:24	[false,false]
Daniel 9:25	[]
Daniel 9:26	[]
Daniel 9:27	[]
Daniel 10:1	[]
Daniel 10:2	[]
Daniel 10:3	[]
Daniel 10:4	[]
Daniel 10:5	[]
Daniel 10:6	[]
Daniel 10:7	[]
Daniel 10:8	[]
Daniel 10:9	[]
Daniel 10:10	[]
Daniel 10:11	[false,false,false]
Daniel 10:12	[false,false,false,false]
Daniel 10:13	[]
Daniel 10:14	[false,false]
Daniel 10:15	[]
Daniel 10:16	[]
Daniel 10:17	[false,false]
Daniel 10:18	[]
Daniel 10:19	[false,false,false]
Daniel 10:20	[false,false]
Daniel 10:21	[false,true]
Daniel 11:1	[]
Daniel 11:2	[false]
Daniel 11:3	[]
Daniel 11:4	[]
Daniel 11:5	[]
Daniel 11:6	[]
Daniel 11:7	[]
Daniel 11:8	[]
Daniel 11:9	[]
Daniel 11:10	[]
Daniel 11:11	[]
Daniel 11:12	[]
Daniel 11:13	[]
Daniel 11:14	[false]
Daniel 11:15	[]
Daniel 11:16	[]
Daniel 11:17	[]
Daniel 11:18	[]
Daniel 11:19	[]
Daniel 11:20	[]
Daniel 11:21	[]
Daniel 11:22	[]
Daniel 11:23	[]
Daniel 11:24	[]
Daniel 11:25	[]
Daniel 11:26	[]
Daniel 11:27	[]
Daniel 11:28	[]
Daniel 11:29	[]
Daniel 11:30	[]
Daniel 11:31	[]
Daniel 11:32	[]
Daniel 11:33	[]
Daniel 11:34	[]
Daniel 11:35	[]
Daniel 11:36	[]
Daniel 11:37	[]
Daniel 11:38	[]
Daniel 11:39	[]
Daniel 11:40	[]
Daniel 11:41	[]
Daniel 11:42	[]
Daniel 11:43	[]
Daniel 11:44	[]
Daniel 11:45	[]
Daniel 12:1	[false,false]
Daniel 12:2	[]
Daniel 12:3	[]
Daniel 12:4	[false]
Daniel 12:5	[]
Daniel 12:6	[]
Daniel 12:7	[]
Daniel 12:8	[]
Daniel 12:9	[false]
Daniel 12:10	[]
Daniel 12:11	[]
Daniel 12:12	[]
Daniel 12:13	[false,false,false,false,false]
Hosea 1:1	[]
Hosea 1:2	[false]
Hosea 1:3	[]
Hosea 1:4	[]
Hosea 1:5	[]
Hosea 1:6	[]
Hosea 1:7	[]
Hosea 1:8	[]
Hosea 1:9	[true,true]
Hosea 1:10	[true]
Hosea 1:11	[]
Hosea 2:1	[true,true]
Hosea 2:2	[true]
Hosea 2:3	[]
Hosea 2:4	[]
Hosea 2:5	[]
Hosea 2:6	[]
Hosea 2:7	[]
Hosea 2:8	[]
Hosea 2:9	[]
Hosea 2:10	[]
Hosea 2:11	[]
Hosea 2:12	[]
Hosea 2:13	[]
Hosea 2:14	[]
Hosea 2:15	[]
Hosea 2:16	[false]
Hosea 2:17	[]
Hosea 2:18	[]
Hosea 2:19	[false,false]
Hosea 2:20	[false,false]
Hosea 2:21	[]
Hosea 2:22	[]
Hosea 2:23	[false,false]
Hosea 3:1	[false]
Hosea 3:2	[]
Hosea 3:3	[false,false,false]
Hosea 3:4	[]
Hosea 3:5	[]
Hosea 4:1	[]
Hosea 4:2	[]
Hosea 4:3	[]
Hosea 4:4	[false]
Hosea 4:5	[false,false,false]
Hosea 4:6	[false,false,false,false,false]
Hosea 4:7	[]
Hosea 4:8	[]
Hosea 4:9	[]
Hosea 4:10	[]
Hosea 4:11	[]
Hosea 4:12	[]
Hosea 4:13	[true,true]
Hosea 4:14	[true,true]
Hosea 4:15	[false,false]
Hosea 4:16	[]
Hosea 4:17	[]
Hosea 4:18	[]
Hosea 4:19	[]
Hosea 5:1	[true,true]
Hosea 5:2	[]
Hosea 5:3	[false]
Hosea 5:4	[]
Hosea 5:5	[]
Hosea 5:6	[]
Hosea 5:7	[]
Hosea 5:8	[]
Hosea 5:9	[]
Hosea 5:10	[]
Hosea 5:11	[]
Hosea 5:12	[]
Hosea 5:13	[true,true]
Hosea 5:14	[]
Hosea 5:15	[]
Hosea 6:1	[]
Hosea 6:2	[]
Hosea 6:3	[]
Hosea 6:4	[false,false,true]
Hosea 6:5	[]
Hosea 6:6	[]
Hosea 6:7	[]
Hosea 6:8	[]
Hosea 6:9	[]
Hosea 6:10	[]
Hosea 6:11	[false]
Hosea 7:1	[]
Hosea 7:2	[]
Hosea 7:3	[]
Hosea 7:4	[]
Hosea 7:5	[]
Hosea 7:6	[]
Hosea 7:7	[]
Hosea 7:8	[]
Hosea 7:9	[]
Hosea 7:10	[]
Hosea 7:11	[]
Hosea 7:12	[]
Hosea 7:13	[]
Hosea 7:14	[]
Hosea 7:15	[]
Hosea 7:16	[]
Hosea 8:1	[false]
Hosea 8:2	[false]
Hosea 8:3	[]
Hosea 8:4	[]
Hosea 8:5	[false]
Hosea 8:6	[]
Hosea 8:7	[]
Hosea 8:8	[]
Hosea 8:9	[]
Hosea 8:10	[]
Hosea 8:11	[]
Hosea 8:12	[]
Hosea 8:13	[]
Hosea 8:14	[]
Hosea 9:1	[false,false,false]
Hosea 9:2	[]
Hosea 9:3	[]
Hosea 9:4	[]
Hosea 9:5	[true]
Hosea 9:6	[]
Hosea 9:7	[false]
Hosea 9:8	[]
Hosea 9:9	[]
Hosea 9:10	[true]
Hosea 9:11	[]
Hosea 9:12	[]
Hosea 9:13	[]
Hosea 9:14	[false]
Hosea 9:15	[]
Hosea 9:16	[]
Hosea 9:17	[]
Hosea 10:1	[]
Hosea 10:2	[]
Hosea 10:3	[]
Hosea 10:4	[]
Hosea 10:5	[]
Hosea 10:6	[]
Hosea 10:7	[]
Hosea 10:8	[]
Hosea 10:9	[false,false]
Hosea 10:10	[]
Hosea 10:11	[]
Hosea 10:12	[true,true,true]
Hosea 10:13	[true,true,false,false,false]
Hosea 10:14	[false,false]
Hosea 10:15	[true,true]
Hosea 11:1	[]
Hosea 11:2	[]
Hosea 11:3	[]
Hosea 11:4	[]
Hosea 11:5	[]
Hosea 11:6	[]
Hosea 11:7	[]
Hosea 11:8	[false,false,false,false]
Hosea 11:9	[false]
Hosea 11:10	[]
Hosea 11:11	[]
Hosea 11:12	[]
Hosea 12:1	[]
Hosea 12:2	[]
Hosea 12:3	[]
Hosea 12:4	[]
Hosea 12:5	[]
Hosea 12:6	[false,false,false]
Hosea 12:7	[]
Hosea 12:8	[]
Hosea 12:9	[false,false]
Hosea 12:10	[]
Hosea 12:11	[]
Hosea 12:12	[]
Hosea 12:13	[]
Hosea 12:14	[]
Hosea 13:1	[]
Hosea 13:2	[]
Hosea 13:3	[]
Hosea 13:4	[false,false]
Hosea 13:5	[false]
Hosea 13:6	[]
Hosea 13:7	[]
Hosea 13:8	[]
Hosea 13:9	[false,false,false]
Hosea 13:10	[false,false,false,false]
Hosea 13:11	[false]
Hosea 13:12	[]
Hosea 13:13	[]
Hosea 13:14	[false,false]
Hosea 13:15	[]
Hosea 13:16	[]
Hosea 14:1	[false,false,false]
Hosea 14:2	[true]
Hosea 14:3	[false]
Hosea 14:4	[]
Hosea 14:5	[]
Hosea 14:6	[]
Hosea 14:7	[]
Hosea 14:8	[false]
Hosea 14:9	[]
Joel 1:1	[]
Joel 1:2	[true,true]
Joel 1:3	[true,true]
Joel 1:4	[]
Joel 1:5	[true,true,true]
Joel 1:6	[]
Joel 1:7	[]
Joel 1:8	[]
Joel 1:9	[]
Joel 1:10	[]
Joel 1:11	[]
Joel 1:12	[]
Joel 1:13	[true]
Joel 1:14	[true]
Joel 1:15	[]
Joel 1:16	[]
Joel 1:17	[]
Joel 1:18	[]
Joel 1:19	[false]
Joel 1:20	[false]
Joel 2:1	[]
Joel 2:2	[]
Joel 2:3	[]
Joel 2:4	[]
Joel 2:5	[]
Joel 2:6	[]
Joel 2:7	[]
Joel 2:8	[]
Joel 2:9	[]
Joel 2:10	[]
Joel 2:11	[]
Joel 2:12	[true]
Joel 2:13	[true,true,true]
Joel 2:14	[true]
Joel 2:15	[]
Joel 2:16	[]
Joel 2:17	[false,false]
Joel 2:18	[]
Joel 2:19	[true,true,true]
Joel 2:20	[true]
Joel 2:21	[]
Joel 2:22	[]
Joel 2:23	[true,true,true,true]
Joel 2:24	[]
Joel 2:25	[true,true]
Joel 2:26	[true,true,true,true,true]
Joel 2:27	[true,true]
Joel 2:28	[true,true,true]
Joel 2:29	[]
Joel 2:30	[]
Joel 2:31	[]
Joel 2:32	[]
Joel 3:1	[]
Joel 3:2	[]
Joel 3:3	[]
Joel 3:4	[true,true,true,true,true]
Joel 3:5	[true,true]
Joel 3:6	[true]
Joel 3:7	[true,true,true]
Joel 3:8	[true]
Joel 3:9	[]
Joel 3:10	[true,true]
Joel 3:11	[false,false,false]
Joel 3:12	[]
Joel 3:13	[]
Joel 3:14	[]
Joel 3:15	[]
Joel 3:16	[]
Joel 3:17	[true,true]
Joel 3:18	[]
Joel 3:19	[]
Joel 3:20	[]
Joel 3:21	[]
Amos 1:1	[]
Amos 1:2	[]
Amos 1:3	[]
Amos 1:4	[]
Amos 1:5	[]
Amos 1:6	[]
Amos 1:7	[]
Amos 1:8	[]
Amos 1:9	[]
Amos 1:10	[]
Amos 1:11	[]
Amos 1:12	[]
Amos 1:13	[]
Amos 1:14	[]
Amos 1:15	[]
Amos 2:1	[]
Amos 2:2	[]
Amos 2:3	[]
Amos 2:4	[]
Amos 2:5	[]
Amos 2:6	[]
Amos 2:7	[]
Amos 2:8	[]
Amos 2:9	[]
Amos 2:10	[true,true,true]
Amos 2:11	[true,true]
Amos 2:12	[false]
Amos 2:13	[true,true]
Amos 2:14	[]
Amos 2:15	[]
Amos 2:16	[]
Amos 3:1	[true]
Amos 3:2	[true,true,true]
Amos 3:3	[]
Amos 3:4	[]
Amos 3:5	[]
Amos 3:6	[]
Amos 3:7	[]
Amos 3:8	[]
Amos 3:9	[]
Amos 3:10	[]
Amos 3:11	[false,false]
Amos 3:12	[]
Amos 3:13	[]
Amos 3:14	[]
Amos 3:15	[]
Amos 4:1	[true,true,true]
Amos 4:2	[true,true]
Amos 4:3	[true,true]
Amos 4:4	[true,true]
Amos 4:5	[false,false]
Amos 4:6	[true,true,true]
Amos 4:7	[true]
Amos 4:8	[false]
Amos 4:9	[true,true,true,true]
Amos 4:10	[true,true,true,true,true,true]
Amos 4:11	[true,true,true]
Amos 4:12	[false,false,false]
Amos 4:13	[]
Amos 5:1	[true]
Amos 5:2	[]
Amos 5:3	[]
Amos 5:4	[]
Amos 5:5	[]
Amos 5:6	[]
Amos 5:7	[]
Amos 5:8	[]
Amos 5:9	[]
Amos 5:10	[]
Amos 5:11	[true,true,true,true,true]
Amos 5:12	[true,true,true,true]
Amos 5:13	[]
Amos 5:14	[true,true,true]
Amos 5:15	[]
Amos 5:16	[]
Amos 5:17	[false]
Amos 5:18	[true,true]
Amos 5:19	[]
Amos 5:20	[]
Amos 5:21	[true,true]
Amos 5:22	[true,true]
Amos 5:23	[false,false]
Amos 5:24	[]
Amos 5:25	[true]
Amos 5:26	[true,true,true,true,true]
Amos 5:27	[false]
Amos 6:1	[]
Amos 6:2	[true,true]
Amos 6:3	[true]
Amos 6:4	[true,true,true]
Amos 6:5	[true,true]
Amos 6:6	[true,true,true]
Amos 6:7	[false,false]
Amos 6:8	[]
Amos 6:9	[]
Amos 6:10	[false]
Amos 6:11	[]
Amos 6:12	[true]
Amos 6:13	[true]
Amos 6:14	[true,true]
Amos 7:1	[]
Amos 7:2	[]
Amos 7:3	[]
Amos 7:4	[]
Amos 7:5	[]
Amos 7:6	[]
Amos 7:7	[]
Amos 7:8	[false]
Amos 7:9	[]
Amos 7:10	[false]
Amos 7:11	[]
Amos 7:12	[false,false,false]
Amos 7:13	[]
Amos 7:14	[]
Amos 7:15	[]
Amos 7:16	[false]
Amos 7:17	[false,false,false,false,false]
Amos 8:1	[]
Amos 8:2	[false]
Amos 8:3	[]
Amos 8:4	[true]
Amos 8:5	[]
Amos 8:6	[]
Amos 8:7	[]
Amos 8:8	[]
Amos 8:9	[]
Amos 8:10	[true,true]
Amos 8:11	[]
Amos 8:12	[]
Amos 8:13	[]
Amos 8:14	[false]
Amos 9:1	[]
Amos 9:2	[]
Amos 9:3	[]
Amos 9:4	[]
Amos 9:5	[]
Amos 9:6	[]
Amos 9:7	[false]
Amos 9:8	[]
Amos 9:9	[]
Amos 9:10	[]
Amos 9:11	[]
Amos 9:12	[]
Amos 9:13	[]
Amos 9:14	[]
Amos 9:15	[false]
Obadiah 1:1	[]
Obadiah 1:2	[false,false]
Obadiah 1:3	[false,false,false]
Obadiah 1:4	[false,false,false]
Obadiah 1:5	[false,false,false]
Obadiah 1:6	[]
Obadiah 1:7	[false,false,false,false,false,false,false]
Obadiah 1:8	[]
Obadiah 1:9	[false]
Obadiah 1:10	[false,false]
Obadiah 1:11	[false,false]
Obadiah 1:12	[false,false]
Obadiah 1:13	[false]
Obadiah 1:14	[false]
Obadiah 1:15	[false,false,false,false]
Obadiah 1:16	[true]
Obadiah 1:17	[]
Obadiah 1:18	[]
Obadiah 1:19	[]
Obadiah 1:20	[]
Obadiah 1:21	[]
Jonah 1:1	[]
Jonah 1:2	[]
Jonah 1:3	[]
Jonah 1:4	[]
Jonah 1:5	[]
Jonah 1:6	[false,false]
Jonah 1:7	[]
Jonah 1:8	[false,false,false,false]
Jonah 1:9	[]
Jonah 1:10	[false]
Jonah 1:11	[false]
Jonah 1:12	[true,true]
Jonah 1:13	[]
Jonah 1:14	[false,false]
Jonah 1:15	[]
Jonah 1:16	[]
Jonah 1:17	[]
Jonah 2:1	[]
Jonah 2:2	[false]
Jonah 2:3	[false,false]
Jonah 2:4	[false,false]
Jonah 2:5	[]
Jonah 2:6	[false]
Jonah 2:7	[false,false]
Jonah 2:8	[]
Jonah 2:9	[false]
Jonah 2:10	[]
Jonah 3:1	[]
Jonah 3:2	[false]
Jonah 3:3	[]
Jonah 3:4	[]
Jonah 3:5	[]
Jonah 3:6	[]
Jonah 3:7	[]
Jonah 3:8	[]
Jonah 3:9	[]
Jonah 3:10	[]
Jonah 4:1	[]
Jonah 4:2	[false]
Jonah 4:3	[]
Jonah 4:4	[false]
Jonah 4:5	[]
Jonah 4:6	[]
Jonah 4:7	[]
Jonah 4:8	[]
Jonah 4:9	[false]
Jonah 4:10	[false,false]
Jonah 4:11	[]
Micah 1:1	[]
Micah 1:2	[true,true]
Micah 1:3	[]
Micah 1:4	[]
Micah 1:5	[]
Micah 1:6	[]
Micah 1:7	[]
Micah 1:8	[]
Micah 1:9	[]
Micah 1:10	[]
Micah 1:11	[true]
Micah 1:12	[]
Micah 1:13	[false,false,false]
Micah 1:14	[]
Micah 1:15	[false]
Micah 1:16	[false,false,false,false,false]
Micah 2:1	[]
Micah 2:2	[]
Micah 2:3	[true,true,true]
Micah 2:4	[true,true]
Micah 2:5	[false]
Micah 2:6	[]
Micah 2:7	[]
Micah 2:8	[true]
Micah 2:9	[true,true]
Micah 2:10	[false]
Micah 2:11	[false]
Micah 2:12	[false]
Micah 2:13	[]
Micah 3:1	[false,false]
Micah 3:2	[false,false]
Micah 3:3	[false,false]
Micah 3:4	[]
Micah 3:5	[]
Micah 3:6	[true]
Micah 3:7	[]
Micah 3:8	[]
Micah 3:9	[]
Micah 3:10	[]
Micah 3:11	[]
Micah 3:12	[true]
Micah 4:1	[]
Micah 4:2	[]
Micah 4:3	[]
Micah 4:4	[]
Micah 4:5	[]
Micah 4:6	[]
Micah 4:7	[]
Micah 4:8	[false,false]
Micah 4:9	[false,false,false,false]
Micah 4:10	[false,false,false,false,false]
Micah 4:11	[false]
Micah 4:12	[]
Micah 4:13	[false,false]
Micah 5:1	[false]
Micah 5:2	[false,false]
Micah 5:3	[]
Micah 5:4	[]
Micah 5:5	[]
Micah 5:6	[]
Micah 5:7	[]
Micah 5:8	[]
Micah 5:9	[false,false,false]
Micah 5:10	[false,false,false]
Micah 5:11	[false,false]
Micah 5:12	[false,false]
Micah 5:13	[false,false,false]
Micah 5:14	[false,false]
Micah 5:15	[]
Micah 6:1	[false,false]
Micah 6:2	[false]
Micah 6:3	[false,false]
Micah 6:4	[false,false,false]
Micah 6:5	[false,false]
Micah 6:6	[]
Micah 6:7	[]
Micah 6:8	[false,false,false]
Micah 6:9	[false]
Micah 6:10	[]
Micah 6:11	[]
Micah 6:12	[]
Micah 6:13	[false,false,false]
Micah 6:14	[false,false,false,false,false,false]
Micah 6:15	[false,false,false,false]
Micah 6:16	[true,true,false,true,true]
Micah 7:1	[]
Micah 7:2	[]
Micah 7:3	[]
Micah 7:4	[false,false]
Micah 7:5	[false,false]
Micah 7:6	[]
Micah 7:7	[]
Micah 7:8	[]
Micah 7:9	[]
Micah 7:10	[false]
Micah 7:11	[false,false]
Micah 7:12	[false]
Micah 7:13	[]
Micah 7:14	[false,false,false]
Micah 7:15	[false]
Micah 7:16	[]
Micah 7:17	[false]
Micah 7:18	[false]
Micah 7:19	[false]
Micah 7:20	[false,false]
Nahum 1:1	[]
Nahum 1:2	[]
Nahum 1:3	[]
Nahum 1:4	[]
Nahum 1:5	[]
Nahum 1:6	[]
Nahum 1:7	[]
Nahum 1:8	[]
Nahum 1:9	[true]
Nahum 1:10	[]
Nahum 1:11	[false]
Nahum 1:12	[false,false]
Nahum 1:13	[false,false]
Nahum 1:14	[false,false,false,false,false]
Nahum 1:15	[false,false,false]
Nahum 2:1	[false,false,false]
Nahum 2:2	[]
Nahum 2:3	[]
Nahum 2:4	[]
Nahum 2:5	[]
Nahum 2:6	[]
Nahum 2:7	[]
Nahum 2:8	[]
Nahum 2:9	[]
Nahum 2:10	[]
Nahum 2:11	[]
Nahum 2:12	[]
Nahum 2:13	[false,false,false,false,false]
Nahum 3:1	[]
Nahum 3:2	[]
Nahum 3:3	[]
Nahum 3:4	[]
Nahum 3:5	[false,false,false,false,false]
Nahum 3:6	[false,false,false]
Nahum 3:7	[false,false,false]
Nahum 3:8	[false]
Nahum 3:9	[]
Nahum 3:10	[]
Nahum 3:11	[false,false]
Nahum 3:12	[false]
Nahum 3:13	[false,false,false,false]
Nahum 3:14	[false,false]
Nahum 3:15	[false,false,false,false,false]
Nahum 3:16	[false,false]
Nahum 3:17	[false,false]
Nahum 3:18	[false,false,false]
Nahum 3:19	[false,false,false,false,false]
Habakkuk 1:1	[]
Habakkuk 1:2	[false,false,false]
Habakkuk 1:3	[false,false]
Habakkuk 1:4	[]
Habakkuk 1:5	[true,true,true]
Habakkuk 1:6	[]
Habakkuk 1:7	[]
Habakkuk 1:8	[]
Habakkuk 1:9	[]
Habakkuk 1:10	[]
Habakkuk 1:11	[]
Habakkuk 1:12	[false,false,false]
Habakkuk 1:13	[false,false,false,false]
Habakkuk 1:14	[false]
Habakkuk 1:15	[]
Habakkuk 1:16	[]
Habakkuk 1:17	[]
Habakkuk 2:1	[]
Habakkuk 2:2	[]
Habakkuk 2:3	[]
Habakkuk 2:4	[]
Habakkuk 2:5	[]
Habakkuk 2:6	[]
Habakkuk 2:7	[false,false,false]
Habakkuk 2:8	[false,false,false,false]
Habakkuk 2:9	[]
Habakkuk 2:10	[false,false,false]
Habakkuk 2:11	[]
Habakkuk 2:12	[]
Habakkuk 2:13	[]
Habakkuk 2:14	[]
Habakkuk 2:15	[]
Habakkuk 2:16	[false,false,false,false,false]
Habakkuk 2:17	[false,false,false,false,false]
Habakkuk 2:18	[]
Habakkuk 2:19	[]
Habakkuk 2:20	[]
Habakkuk 3:1	[]
Habakkuk 3:2	[false,false,false]
Habakkuk 3:3	[]
Habakkuk 3:4	[]
Habakkuk 3:5	[]
Habakkuk 3:6	[]
Habakkuk 3:7	[]
Habakkuk 3:8	[false,false,false,false,false,false]
Habakkuk 3:9	[false,false,false,false]
Habakkuk 3:10	[false]
Habakkuk 3:11	[false,false]
Habakkuk 3:12	[false,false]
Habakkuk 3:13	[false,false,false,false]
Habakkuk 3:14	[false]
Habakkuk 3:15	[false,false]
Habakkuk 3:16	[]
Habakkuk 3:17	[]
Habakkuk 3:18	[]
Habakkuk 3:19	[]
Zephaniah 1:1	[]
Zephaniah 1:2	[]
Zephaniah 1:3	[]
Zephaniah 1:4	[]
Zephaniah 1:5	[]
Zephaniah 1:6	[]
Zephaniah 1:7	[]
Zephaniah 1:8	[]
Zephaniah 1:9	[]
Zephaniah 1:10	[]
Zephaniah 1:11	[false]
Zephaniah 1:12	[]
Zephaniah 1:13	[]
Zephaniah 1:14	[]
Zephaniah 1:15	[]
Zephaniah 1:16	[]
Zephaniah 1:17	[]
Zephaniah 1:18	[]
Zephaniah 2:1	[true]
Zephaniah 2:2	[true,true]
Zephaniah 2:3	[true,true]
Zephaniah 2:4	[]
Zephaniah 2:5	[true,false]
Zephaniah 2:6	[]
Zephaniah 2:7	[]
Zephaniah 2:8	[]
Zephaniah 2:9	[]
Zephaniah 2:10	[]
Zephaniah 2:11	[]
Zephaniah 2:12	[true]
Zephaniah 2:13	[]
Zephaniah 2:14	[]
Zephaniah 2:15	[]
Zephaniah 3:1	[]
Zephaniah 3:2	[]
Zephaniah 3:3	[]
Zephaniah 3:4	[]
Zephaniah 3:5	[]
Zephaniah 3:6	[]
Zephaniah 3:7	[false]
Zephaniah 3:8	[]
Zephaniah 3:9	[]
Zephaniah 3:10	[]
Zephaniah 3:11	[false,false,false,false]
Zephaniah 3:12	[false]
Zephaniah 3:13	[]
Zephaniah 3:14	[false]
Zephaniah 3:15	[false,false,false,false]
Zephaniah 3:16	[false]
Zephaniah 3:17	[false,false,false,false,false]
Zephaniah 3:18	[false,false]
Zephaniah 3:19	[false]
Zephaniah 3:20	[true,true,true,true,true]
Haggai 1:1	[]
Haggai 1:2	[]
Haggai 1:3	[]
Haggai 1:4	[true,true,true]
Haggai 1:5	[true]
Haggai 1:6	[true,true,true,true,true,true]
Haggai 1:7	[true]
Haggai 1:8	[]
Haggai 1:9	[true,true,true]
Haggai 1:10	[true]
Haggai 1:11	[false]
Haggai 1:12	[]
Haggai 1:13	[true]
Haggai 1:14	[]
Haggai 1:15	[]
Haggai 2:1	[]
Haggai 2:2	[]
Haggai 2:3	[true,true,true]
Haggai 2:4	[true,true]
Haggai 2:5	[true,true,true]
Haggai 2:6	[]
Haggai 2:7	[]
Haggai 2:8	[]
Haggai 2:9	[]
Haggai 2:10	[]
Haggai 2:11	[]
Haggai 2:12	[]
Haggai 2:13	[]
Haggai 2:14	[]
Haggai 2:15	[]
Haggai 2:16	[]
Haggai 2:17	[true,true,true]
Haggai 2:18	[]
Haggai 2:19	[false]
Haggai 2:20	[]
Haggai 2:21	[]
Haggai 2:22	[]
Haggai 2:23	[false,false,false]
Zechariah 1:1	[]
Zechariah 1:2	[true]
Zechariah 1:3	[true]
Zechariah 1:4	[true,true]
Zechariah 1:5	[true]
Zechariah 1:6	[true]
Zechariah 1:7	[]
Zechariah 1:8	[]
Zechariah 1:9	[false]
Zechariah 1:10	[]
Zechariah 1:11	[]
Zechariah 1:12	[false,false]
Zechariah 1:13	[]
Zechariah 1:14	[]
Zechariah 1:15	[]
Zechariah 1:16	[]
Zechariah 1:17	[]
Zechariah 1:18	[]
Zechariah 1:19	[]
Zechariah 1:20	[]
Zechariah 1:21	[]
Zechariah 2:1	[]
Zechariah 2:2	[false]
Zechariah 2:3	[]
Zechariah 2:4	[]
Zechariah 2:5	[]
Zechariah 2:6	[false]
Zechariah 2:7	[false]
Zechariah 2:8	[true,true]
Zechariah 2:9	[true]
Zechariah 2:10	[false]
Zechariah 2:11	[false,false,false]
Zechariah 2:12	[]
Zechariah 2:13	[]
Zechariah 3:1	[]
Zechariah 3:2	[false,false]
Zechariah 3:3	[]
Zechariah 3:4	[false,false]
Zechariah 3:5	[]
Zechariah 3:6	[]
Zechariah 3:7	[false,false,false]
Zechariah 3:8	[false,false,false]
Zechariah 3:9	[]
Zechariah 3:10	[true,true,true]
Zechariah 4:1	[]
Zechariah 4:2	[false]
Zechariah 4:3	[]
Zechariah 4:4	[]
Zechariah 4:5	[false]
Zechariah 4:6	[]
Zechariah 4:7	[false,false]
Zechariah 4:8	[]
Zechariah 4:9	[false,true]
Zechariah 4:10	[]
Zechariah 4:11	[]
Zechariah 4:12	[]
Zechariah 4:13	[false]
Zechariah 4:14	[]
Zechariah 5:1	[]
Zechariah 5:2	[false]
Zechariah 5:3	[]
Zechariah 5:4	[]
Zechariah 5:5	[false]
Zechariah 5:6	[]
Zechariah 5:7	[]
Zechariah 5:8	[]
Zechariah 5:9	[]
Zechariah 5:10	[]
Zechariah 5:11	[]
Zechariah 6:1	[]
Zechariah 6:2	[]
Zechariah 6:3	[]
Zechariah 6:4	[]
Zechariah 6:5	[]
Zechariah 6:6	[]
Zechariah 6:7	[]
Zechariah 6:8	[]
Zechariah 6:9	[]
Zechariah 6:10	[]
Zechariah 6:11	[]
Zechariah 6:12	[false]
Zechariah 6:13	[]
Zechariah 6:14	[]
Zechariah 6:15	[true,true,true,true]
Zechariah 7:1	[]
Zechariah 7:2	[]
Zechariah 7:3	[]
Zechariah 7:4	[]
Zechariah 7:5	[true,true]
Zechariah 7:6	[true,true,true]
Zechariah 7:7	[]
Zechariah 7:8	[]
Zechariah 7:9	[]
Zechariah 7:10	[true]
Zechariah 7:11	[]
Zechariah 7:12	[]
Zechariah 7:13	[]
Zechariah 7:14	[]
Zechariah 8:1	[]
Zechariah 8:2	[]
Zechariah 8:3	[]
Zechariah 8:4	[]
Zechariah 8:5	[]
Zechariah 8:6	[]
Zechariah 8:7	[]
Zechariah 8:8	[]
Zechariah 8:9	[true,true]
Zechariah 8:10	[]
Zechariah 8:11	[]
Zechariah 8:12	[]
Zechariah 8:13	[true,true,true,true]
Zechariah 8:14	[true,true]
Zechariah 8:15	[]
Zechariah 8:16	[true,true]
Zechariah 8:17	[true,true]
Zechariah 8:18	[]
Zechariah 8:19	[true]
Zechariah 8:20	[]
Zechariah 8:21	[]
Zechariah 8:22	[]
Zechariah 8:23	[true,true]
Zechariah 9:1	[]
Zechariah 9:2	[]
Zechariah 9:3	[]
Zechariah 9:4	[]
Zechariah 9:5	[]
Zechariah 9:6	[]
Zechariah 9:7	[]
Zechariah 9:8	[]
Zechariah 9:9	[false,false]
Zechariah 9:10	[]
Zechariah 9:11	[false,false]
Zechariah 9:12	[false,false]
Zechariah 9:13	[false,false]
Zechariah 9:14	[]
Zechariah 9:15	[]
Zechariah 9:16	[]
Zechariah 9:17	[]
Zechariah 10:1	[]
Zechariah 10:2	[]
Zechariah 10:3	[]
Zechariah 10:4	[]
Zechariah 10:5	[]
Zechariah 10:6	[]
Zechariah 10:7	[]
Zechariah 10:8	[]
Zechariah 10:9	[]
Zechariah 10:10	[]
Zechariah 10:11	[]
Zechariah 10:12	[]
Zechariah 11:1	[false,false]
Zechariah 11:2	[]
Zechariah 11:3	[]
Zechariah 11:4	[]
Zechariah 11:5	[]
Zechariah 11:6	[]
Zechariah 11:7	[]
Zechariah 11:8	[]
Zechariah 11:9	[false]
Zechariah 11:10	[]
Zechariah 11:11	[]
Zechariah 11:12	[false]
Zechariah 11:13	[]
Zechariah 11:14	[]
Zechariah 11:15	[]
Zechariah 11:16	[]
Zechariah 11:17	[]
Zechariah 12:1	[]
Zechariah 12:2	[]
Zechariah 12:3	[]
Zechariah 12:4	[]
Zechariah 12:5	[]
Zechariah 12:6	[]
Zechariah 12:7	[]
Zechariah 12:8	[]
Zechariah 12:9	[]
Zechariah 12:10	[]
Zechariah 12:11	[]
Zechariah 12:12	[]
Zechariah 12:13	[]
Zechariah 12:14	[]
Zechariah 13:1	[]
Zechariah 13:2	[]
Zechariah 13:3	[false,false]
Zechariah 13:4	[]
Zechariah 13:5	[]
Zechariah 13:6	[false]
Zechariah 13:7	[]
Zechariah 13:8	[]
Zechariah 13:9	[]
Zechariah 14:1	[false,false]
Zechariah 14:2	[]
Zechariah 14:3	[]
Zechariah 14:4	[]
Zechariah 14:5	[true,true,true]
Zechariah 14:6	[]
Zechariah 14:7	[]
Zechariah 14:8	[]
Zechariah 14:9	[]
Zechariah 14:10	[]
Zechariah 14:11	[]
Zechariah 14:12	[]
Zechariah 14:13	[]
Zechariah 14:14	[]
Zechariah 14:15	[]
Zechariah 14:16	[]
Zechariah 14:17	[]
Zechariah 14:18	[]
Zechariah 14:19	[]
Zechariah 14:20	[]
Zechariah 14:21	[]
Malachi 1:1	[]
Malachi 1:2	[true,true,false]
Malachi 1:3	[]
Malachi 1:4	[]
Malachi 1:5	[true,true,true,true]
Malachi 1:6	[true,true,true,false]
Malachi 1:7	[true,false]
Malachi 1:8	[true,true,false,false,false]
Malachi 1:9	[true,true]
Malachi 1:10	[true,true,true,true]
Malachi 1:11	[]
Malachi 1:12	[true,true]
Malachi 1:13	[true,true,true,true,true]
Malachi 1:14	[]
Malachi 2:1	[true]
Malachi 2:2	[true,true,true,true,true]
Malachi 2:3	[true,true,true,true]
Malachi 2:4	[true,true]
Malachi 2:5	[]
Malachi 2:6	[]
Malachi 2:7	[]
Malachi 2:8	[true,true,true]
Malachi 2:9	[true,true]
Malachi 2:10	[]
Malachi 2:11	[]
Malachi 2:12	[]
Malachi 2:13	[true,true,true,true]
Malachi 2:14	[true,false,false,false,false,false]
Malachi 2:15	[true,true,false]
Malachi 2:16	[true,true]
Malachi 2:17	[true,true,true]
Malachi 3:1	[true,true]
Malachi 3:2	[]
Malachi 3:3	[]
Malachi 3:4	[]
Malachi 3:5	[true]
Malachi 3:6	[true]
Malachi 3:7	[true,true,true,true]
Malachi 3:8	[true,true,false]
Malachi 3:9	[true,true]
Malachi 3:10	[true]
Malachi 3:11	[true,true,true]
Malachi 3:12	[true,true]
Malachi 3:13	[true,true,false]
Malachi 3:14	[true]
Malachi 3:15	[]
Malachi 3:16	[]
Malachi 3:17	[]
Malachi 3:18	[true]
Malachi 4:1	[]
Malachi 4:2	[true,true]
Malachi 4:3	[true,true]
Malachi 4:4	[]
Malachi 4:5	[true]
Malachi 4:6	[]
Matthew 1:1	[]
Matthew 1:2	[]
Matthew 1:3	[]
Matthew 1:4	[]
Matthew 1:5	[]
Matthew 1:6	[]
Matthew 1:7	[]
Matthew 1:8	[]
Matthew 1:9	[]
Matthew 1:10	[]
Matthew 1:11	[]
Matthew 1:12	[]
Matthew 1:13	[]
Matthew 1:14	[]
Matthew 1:15	[]
Matthew 1:16	[]
Matthew 1:17	[]
Matthew 1:18	[]
Matthew 1:19	[]
Matthew 1:20	[false]
Matthew 1:21	[false]
Matthew 1:22	[]
Matthew 1:23	[]
Matthew 1:24	[]
Matthew 1:25	[]
Matthew 2:1	[]
Matthew 2:2	[]
Matthew 2:3	[]
Matthew 2:4	[]
Matthew 2:5	[]
Matthew 2:6	[false,false]
Matthew 2:7	[]
Matthew 2:8	[true]
Matthew 2:9	[]
Matthew 2:10	[]
Matthew 2:11	[]
Matthew 2:12	[]
Matthew 2:13	[false]
Matthew 2:14	[]
Matthew 2:15	[]
Matthew 2:16	[]
Matthew 2:17	[]
Matthew 2:18	[]
Matthew 2:19	[]
Matthew 2:20	[]
Matthew 2:21	[]
Matthew 2:22	[]
Matthew 2:23	[]
Matthew 3:1	[]
Matthew 3:2	[]
Matthew 3:3	[]
Matthew 3:4	[]
Matthew 3:5	[]
Matthew 3:6	[]
Matthew 3:7	[true,true]
Matthew 3:8	[]
Matthew 3:9	[true,true]
Matthew 3:10	[]
Matthew 3:11	[true,true]
Matthew 3:12	[]
Matthew 3:13	[]
Matthew 3:14	[false,false]
Matthew 3:15	[]
Matthew 3:16	[]
Matthew 3:17	[]
Matthew 4:1	[]
Matthew 4:2	[]
Matthew 4:3	[false]
Matthew 4:4	[]
Matthew 4:5	[]
Matthew 4:6	[false,false,false,false,false,false]
Matthew 4:7	[false]
Matthew 4:8	[]
Matthew 4:9	[false,false]
Matthew 4:10	[false]
Matthew 4:11	[]
Matthew 4:12	[]
Matthew 4:13	[]
Matthew 4:14	[]
Matthew 4:15	[]
Matthew 4:16	[]
Matthew 4:17	[]
Matthew 4:18	[]
Matthew 4:19	[true]
Matthew 4:20	[]
Matthew 4:21	[]
Matthew 4:22	[]
Matthew 4:23	[]
Matthew 4:24	[]
Matthew 4:25	[]
Matthew 5:1	[]
Matthew 5:2	[]
Matthew 5:3	[]
Matthew 5:4	[]
Matthew 5:5	[]
Matthew 5:6	[]
Matthew 5:7	[]
Matthew 5:8	[]
Matthew 5:9	[]
Matthew 5:10	[]
Matthew 5:11	[true,true,true,true]
Matthew 5:12	[true,true]
Matthew 5:13	[true]
Matthew 5:14	[true]
Matthew 5:15	[]
Matthew 5:16	[true,true,true]
Matthew 5:17	[]
Matthew 5:18	[true]
Matthew 5:19	[]
Matthew 5:20	[true,true,true]
Matthew 5:21	[true]
Matthew 5:22	[true,true]
Matthew 5:23	[false,false,false,false]
Matthew 5:24	[false,false,false]
Matthew 5:25	[false,false,false,false,false]
Matthew 5:26	[false,false,false]
Matthew 5:27	[true]
Matthew 5:28	[true]
Matthew 5:29	[false,false,false,false,false]
Matthew 5:30	[false,false,false,false,false]
Matthew 5:31	[]
Matthew 5:32	[true]
Matthew 5:33	[true,false,false]
Matthew 5:34	[true]
Matthew 5:35	[]
Matthew 5:36	[false,false,false]
Matthew 5:37	[true,true]
Matthew 5:38	[true]
Matthew 5:39	[true,false,false]
Matthew 5:40	[false,false,false]
Matthew 5:41	[false]
Matthew 5:42	[false,false]
Matthew 5:43	[true,false,false]
Matthew 5:44	[true,true,true]
Matthew 5:45	[true,true]
Matthew 5:46	[true,true,true]
Matthew 5:47	[true,true,true]
Matthew 5:48	[true]
Matthew 6:1	[true,true,true,true]
Matthew 6:2	[false,false,true]
Matthew 6:3	[false,false,false]
Matthew 6:4	[false,false,false]
Matthew 6:5	[true,true]
Matthew 6:6	[false,false,false,false,false,false]
Matthew 6:7	[true]
Matthew 6:8	[true,true,true]
Matthew 6:9	[true,false]
Matthew 6:10	[false,false]
Matthew 6:11	[]
Matthew 6:12	[]
Matthew 6:13	[]
Matthew 6:14	[true,true,true]
Matthew 6:15	[true,true,true]
Matthew 6:16	[true,true]
Matthew 6:17	[false,false,false]
Matthew 6:18	[false,false,false,false]
Matthew 6:19	[true]
Matthew 6:20	[true]
Matthew 6:21	[false,false]
Matthew 6:22	[false,false]
Matthew 6:23	[false,false,false]
Matthew 6:24	[true]
Matthew 6:25	[true,true,true,true,true]
Matthew 6:26	[true,true]
Matthew 6:27	[true]
Matthew 6:28	[true]
Matthew 6:29	[true]
Matthew 6:30	[true,true]
Matthew 6:31	[]
Matthew 6:32	[true,true]
Matthew 6:33	[true]
Matthew 6:34	[]
Matthew 7:1	[true]
Matthew 7:2	[true,true,true,true]
Matthew 7:3	[false,false,false]
Matthew 7:4	[false,false,false,false]
Matthew 7:5	[false,false,false,false]
Matthew 7:6	[true,true,true]
Matthew 7:7	[true,true,true]
Matthew 7:8	[]
Matthew 7:9	[true]
Matthew 7:10	[]
Matthew 7:11	[true,true,true]
Matthew 7:12	[true,true]
Matthew 7:13	[]
Matthew 7:14	[]
Matthew 7:15	[true]
Matthew 7:16	[true]
Matthew 7:17	[]
Matthew 7:18	[]
Matthew 7:19	[]
Matthew 7:20	[true]
Matthew 7:21	[]
Matthew 7:22	[false,false]
Matthew 7:23	[true,true]
Matthew 7:24	[]
Matthew 7:25	[]
Matthew 7:26	[]
Matthew 7:27	[]
Matthew 7:28	[]
Matthew 7:29	[]
Matthew 8:1	[]
Matthew 8:2	[false,false]
Matthew 8:3	[]
Matthew 8:4	[false,false]
Matthew 8:5	[]
Matthew 8:6	[]
Matthew 8:7	[]
Matthew 8:8	[false]
Matthew 8:9	[]
Matthew 8:10	[true]
Matthew 8:11	[true]
Matthew 8:12	[]
Matthew 8:13	[false,false]
Matthew 8:14	[]
Matthew 8:15	[]
Matthew 8:16	[]
Matthew 8:17	[]
Matthew 8:18	[]
Matthew 8:19	[false,false]
Matthew 8:20	[]
Matthew 8:21	[]
Matthew 8:22	[]
Matthew 8:23	[]
Matthew 8:24	[]
Matthew 8:25	[]
Matthew 8:26	[true,true]
Matthew 8:27	[]
Matthew 8:28	[]
Matthew 8:29	[false,false]
Matthew 8:30	[]
Matthew 8:31	[false]
Matthew 8:32	[]
Matthew 8:33	[]
Matthew 8:34	[]
Matthew 9:1	[]
Matthew 9:2	[false]
Matthew 9:3	[]
Matthew 9:4	[true,true]
Matthew 9:5	[false]
Matthew 9:6	[true,false]
Matthew 9:7	[]
Matthew 9:8	[]
Matthew 9:9	[]
Matthew 9:10	[]
Matthew 9:11	[true]
Matthew 9:12	[]
Matthew 9:13	[]
Matthew 9:14	[false]
Matthew 9:15	[]
Matthew 9:16	[]
Matthew 9:17	[]
Matthew 9:18	[false]
Matthew 9:19	[]
Matthew 9:20	[]
Matthew 9:21	[]
Matthew 9:22	[false,false]
Matthew 9:23	[]
Matthew 9:24	[]
Matthew 9:25	[]
Matthew 9:26	[]
Matthew 9:27	[]
Matthew 9:28	[true]
Matthew 9:29	[true,true]
Matthew 9:30	[]
Matthew 9:31	[]
Matthew 9:32	[]
Matthew 9:33	[]
Matthew 9:34	[]
Matthew 9:35	[]
Matthew 9:36	[]
Matthew 9:37	[]
Matthew 9:38	[]
Matthew 10:1	[]
Matthew 10:2	[]
Matthew 10:3	[]
Matthew 10:4	[]
Matthew 10:5	[]
Matthew 10:6	[]
Matthew 10:7	[true]
Matthew 10:8	[true]
Matthew 10:9	[true]
Matthew 10:10	[]
Matthew 10:11	[true,true]
Matthew 10:12	[true]
Matthew 10:13	[true,true,true]
Matthew 10:14	[true,true,true,true]
Matthew 10:15	[true]
Matthew 10:16	[false]
Matthew 10:17	[true,true]
Matthew 10:18	[true]
Matthew 10:19	[true,true]
Matthew 10:20	[true,true,true]
Matthew 10:21	[]
Matthew 10:22	[true]
Matthew 10:23	[true,true,true]
Matthew 10:24	[]
Matthew 10:25	[]
Matthew 10:26	[]
Matthew 10:27	[true,true]
Matthew 10:28	[]
Matthew 10:29	[true]
Matthew 10:30	[true]
Matthew 10:31	[true]
Matthew 10:32	[]
Matthew 10:33	[]
Matthew 10:34	[]
Matthew 10:35	[]
Matthew 10:36	[]
Matthew 10:37	[]
Matthew 10:38	[]
Matthew 10:39	[]
Matthew 10:40	[true]
Matthew 10:41	[]
Matthew 10:42	[true]
Matthew 11:1	[]
Matthew 11:2	[]
Matthew 11:3	[false]
Matthew 11:4	[true]
Matthew 11:5	[]
Matthew 11:6	[]
Matthew 11:7	[true]
Matthew 11:8	[true]
Matthew 11:9	[true,true]
Matthew 11:10	[false,false,false]
Matthew 11:11	[true]
Matthew 11:12	[]
Matthew 11:13	[]
Matthew 11:14	[true]
Matthew 11:15	[]
Matthew 11:16	[]
Matthew 11:17	[true,true,true]
Matthew 11:18	[]
Matthew 11:19	[]
Matthew 11:20	[]
Matthew 11:21	[false,false,true]
Matthew 11:22	[true,true]
Matthew 11:23	[false,false,false,false]
Matthew 11:24	[true,false]
Matthew 11:25	[false,false]
Matthew 11:26	[false]
Matthew 11:27	[]
Matthew 11:28	[false,false]
Matthew 11:29	[true,true,true]
Matthew 11:30	[]
Matthew 12:1	[]
Matthew 12:2	[false]
Matthew 12:3	[true]
Matthew 12:4	[]
Matthew 12:5	[true]
Matthew 12:6	[true]
Matthew 12:7	[true,true]
Matthew 12:8	[]
Matthew 12:9	[]
Matthew 12:10	[]
Matthew 12:11	[true]
Matthew 12:12	[]
Matthew 12:13	[false]
Matthew 12:14	[]
Matthew 12:15	[]
Matthew 12:16	[]
Matthew 12:17	[]
Matthew 12:18	[]
Matthew 12:19	[]
Matthew 12:20	[]
Matthew 12:21	[]
Matthew 12:22	[]
Matthew 12:23	[]
Matthew 12:24	[]
Matthew 12:25	[]
Matthew 12:26	[]
Matthew 12:27	[true,true]
Matthew 12:28	[true]
Matthew 12:29	[]
Matthew 12:30	[]
Matthew 12:31	[true]
Matthew 12:32	[]
Matthew 12:33	[]
Matthew 12:34	[true,true]
Matthew 12:35	[]
Matthew 12:36	[true]
Matthew 12:37	[false,false,false,false]
Matthew 12:38	[false]
Matthew 12:39	[]
Matthew 12:40	[]
Matthew 12:41	[]
Matthew 12:42	[]
Matthew 12:43	[]
Matthew 12:44	[]
Matthew 12:45	[]
Matthew 12:46	[]
Matthew 12:47	[false,false]
Matthew 12:48	[]
Matthew 12:49	[]
Matthew 12:50	[]
Matthew 13:1	[]
Matthew 13:2	[]
Matthew 13:3	[]
Matthew 13:4	[]
Matthew 13:5	[]
Matthew 13:6	[]
Matthew 13:7	[]
Matthew 13:8	[]
Matthew 13:9	[]
Matthew 13:10	[false]
Matthew 13:11	[true]
Matthew 13:12	[]
Matthew 13:13	[]
Matthew 13:14	[true,true]
Matthew 13:15	[]
Matthew 13:16	[true,true]
Matthew 13:17	[true,true,true]
Matthew 13:18	[]
Matthew 13:19	[]
Matthew 13:20	[]
Matthew 13:21	[]
Matthew 13:22	[]
Matthew 13:23	[]
Matthew 13:24	[]
Matthew 13:25	[]
Matthew 13:26	[]
Matthew 13:27	[false,false]
Matthew 13:28	[false]
Matthew 13:29	[true,true]
Matthew 13:30	[]
Matthew 13:31	[]
Matthew 13:32	[]
Matthew 13:33	[]
Matthew 13:34	[]
Matthew 13:35	[]
Matthew 13:36	[]
Matthew 13:37	[]
Matthew 13:38	[]
Matthew 13:39	[]
Matthew 13:40	[]
Matthew 13:41	[]
Matthew 13:42	[]
Matthew 13:43	[]
Matthew 13:44	[]
Matthew 13:45	[]
Matthew 13:46	[]
Matthew 13:47	[]
Matthew 13:48	[]
Matthew 13:49	[]
Matthew 13:50	[]
Matthew 13:51	[true]
Matthew 13:52	[]
Matthew 13:53	[]
Matthew 13:54	[]
Matthew 13:55	[]
Matthew 13:56	[]
Matthew 13:57	[]
Matthew 13:58	[]
Matthew 14:1	[]
Matthew 14:2	[]
Matthew 14:3	[]
Matthew 14:4	[false]
Matthew 14:5	[]
Matthew 14:6	[]
Matthew 14:7	[]
Matthew 14:8	[]
Matthew 14:9	[]
Matthew 14:10	[]
Matthew 14:11	[]
Matthew 14:12	[]
Matthew 14:13	[]
Matthew 14:14	[]
Matthew 14:15	[]
Matthew 14:16	[true]
Matthew 14:17	[]
Matthew 14:18	[]
Matthew 14:19	[]
Matthew 14:20	[]
Matthew 14:21	[]
Matthew 14:22	[]
Matthew 14:23	[]
Matthew 14:24	[]
Matthew 14:25	[]
Matthew 14:26	[]
Matthew 14:27	[]
Matthew 14:28	[false,false]
Matthew 14:29	[]
Matthew 14:30	[]
Matthew 14:31	[false,false]
Matthew 14:32	[]
Matthew 14:33	[false]
Matthew 14:34	[]
Matthew 14:35	[]
Matthew 14:36	[]
Matthew 15:1	[]
Matthew 15:2	[false]
Matthew 15:3	[true,true]
Matthew 15:4	[false]
Matthew 15:5	[true,false]
Matthew 15:6	[true,true]
Matthew 15:7	[true,true]
Matthew 15:8	[]
Matthew 15:9	[]
Matthew 15:10	[]
Matthew 15:11	[]
Matthew 15:12	[false]
Matthew 15:13	[]
Matthew 15:14	[]
Matthew 15:15	[]
Matthew 15:16	[true]
Matthew 15:17	[true]
Matthew 15:18	[]
Matthew 15:19	[]
Matthew 15:20	[]
Matthew 15:21	[]
Matthew 15:22	[]
Matthew 15:23	[]
Matthew 15:24	[]
Matthew 15:25	[]
Matthew 15:26	[]
Matthew 15:27	[]
Matthew 15:28	[false,false,false]
Matthew 15:29	[]
Matthew 15:30	[]
Matthew 15:31	[]
Matthew 15:32	[]
Matthew 15:33	[]
Matthew 15:34	[true]
Matthew 15:35	[]
Matthew 15:36	[]
Matthew 15:37	[]
Matthew 15:38	[]
Matthew 15:39	[]
Matthew 16:1	[]
Matthew 16:2	[true]
Matthew 16:3	[true]
Matthew 16:4	[]
Matthew 16:5	[]
Matthew 16:6	[]
Matthew 16:7	[]
Matthew 16:8	[true,true,true]
Matthew 16:9	[true,true,true]
Matthew 16:10	[true]
Matthew 16:11	[true,true]
Matthew 16:12	[]
Matthew 16:13	[]
Matthew 16:14	[]
Matthew 16:15	[true,true]
Matthew 16:16	[false]
Matthew 16:17	[false,false]
Matthew 16:18	[false,false]
Matthew 16:19	[false,false,false]
Matthew 16:20	[]
Matthew 16:21	[]
Matthew 16:22	[false,false]
Matthew 16:23	[false,false]
Matthew 16:24	[]
Matthew 16:25	[]
Matthew 16:26	[]
Matthew 16:27	[]
Matthew 16:28	[true]
Matthew 17:1	[]
Matthew 17:2	[]
Matthew 17:3	[]
Matthew 17:4	[false,false]
Matthew 17:5	[]
Matthew 17:6	[]
Matthew 17:7	[]
Matthew 17:8	[]
Matthew 17:9	[]
Matthew 17:10	[]
Matthew 17:11	[]
Matthew 17:12	[true]
Matthew 17:13	[]
Matthew 17:14	[]
Matthew 17:15	[]
Matthew 17:16	[false]
Matthew 17:17	[true,true]
Matthew 17:18	[]
Matthew 17:19	[]
Matthew 17:20	[true,true,true,true,true]
Matthew 17:21	[]
Matthew 17:22	[]
Matthew 17:23	[]
Matthew 17:24	[true]
Matthew 17:25	[false]
Matthew 17:26	[]
Matthew 17:27	[false,false,false,false]
Matthew 18:1	[]
Matthew 18:2	[]
Matthew 18:3	[true,true,true]
Matthew 18:4	[]
Matthew 18:5	[]
Matthew 18:6	[]
Matthew 18:7	[]
Matthew 18:8	[false,false,false,false]
Matthew 18:9	[false,false,false]
Matthew 18:10	[true,true]
Matthew 18:11	[]
Matthew 18:12	[true]
Matthew 18:13	[true]
Matthew 18:14	[true]
Matthew 18:15	[false,false,false,false,false]
Matthew 18:16	[]
Matthew 18:17	[false]
Matthew 18:18	[true,true,true]
Matthew 18:19	[true,true,true,true]
Matthew 18:20	[]
Matthew 18:21	[]
Matthew 18:22	[false]
Matthew 18:23	[]
Matthew 18:24	[]
Matthew 18:25	[]
Matthew 18:26	[]
Matthew 18:27	[]
Matthew 18:28	[false]
Matthew 18:29	[false]
Matthew 18:30	[]
Matthew 18:31	[]
Matthew 18:32	[false,false,false]
Matthew 18:33	[false,false,false]
Matthew 18:34	[]
Matthew 18:35	[true,true,true,true]
Matthew 19:1	[]
Matthew 19:2	[]
Matthew 19:3	[]
Matthew 19:4	[true]
Matthew 19:5	[]
Matthew 19:6	[]
Matthew 19:7	[]
Matthew 19:8	[true,true,true]
Matthew 19:9	[true]
Matthew 19:10	[]
Matthew 19:11	[]
Matthew 19:12	[]
Matthew 19:13	[]
Matthew 19:14	[]
Matthew 19:15	[]
Matthew 19:16	[]
Matthew 19:17	[false,false]
Matthew 19:18	[]
Matthew 19:19	[false,false,false]
Matthew 19:20	[]
Matthew 19:21	[false,false,false]
Matthew 19:22	[]
Matthew 19:23	[true]
Matthew 19:24	[true]
Matthew 19:25	[]
Matthew 19:26	[]
Matthew 19:27	[false]
Matthew 19:28	[true,true]
Matthew 19:29	[]
Matthew 19:30	[]
Matthew 20:1	[]
Matthew 20:2	[]
Matthew 20:3	[]
Matthew 20:4	[true,true]
Matthew 20:5	[]
Matthew 20:6	[true]
Matthew 20:7	[true]
Matthew 20:8	[]
Matthew 20:9	[]
Matthew 20:10	[]
Matthew 20:11	[]
Matthew 20:12	[false]
Matthew 20:13	[false,false]
Matthew 20:14	[false,false]
Matthew 20:15	[false]
Matthew 20:16	[]
Matthew 20:17	[]
Matthew 20:18	[]
Matthew 20:19	[]
Matthew 20:20	[]
Matthew 20:21	[false,false,false,false]
Matthew 20:22	[true,true,true]
Matthew 20:23	[true]
Matthew 20:24	[]
Matthew 20:25	[true]
Matthew 20:26	[true,true,true]
Matthew 20:27	[true,true]
Matthew 20:28	[]
Matthew 20:29	[]
Matthew 20:30	[]
Matthew 20:31	[]
Matthew 20:32	[true,true]
Matthew 20:33	[]
Matthew 20:34	[]
Matthew 21:1	[]
Matthew 21:2	[true,true]
Matthew 21:3	[true]
Matthew 21:4	[]
Matthew 21:5	[false,false]
Matthew 21:6	[]
Matthew 21:7	[]
Matthew 21:8	[]
Matthew 21:9	[]
Matthew 21:10	[]
Matthew 21:11	[]
Matthew 21:12	[]
Matthew 21:13	[true]
Matthew 21:14	[]
Matthew 21:15	[]
Matthew 21:16	[false,true,false]
Matthew 21:17	[]
Matthew 21:18	[]
Matthew 21:19	[false]
Matthew 21:20	[]
Matthew 21:21	[true,true,true,true]
Matthew 21:22	[true,true,true]
Matthew 21:23	[false,false]
Matthew 21:24	[true,true,true]
Matthew 21:25	[true]
Matthew 21:26	[]
Matthew 21:27	[true]
Matthew 21:28	[true]
Matthew 21:29	[]
Matthew 21:30	[]
Matthew 21:31	[true,true]
Matthew 21:32	[true,true,true,true]
Matthew 21:33	[]
Matthew 21:34	[]
Matthew 21:35	[]
Matthew 21:36	[]
Matthew 21:37	[]
Matthew 21:38	[]
Matthew 21:39	[]
Matthew 21:40	[]
Matthew 21:41	[]
Matthew 21:42	[true]
Matthew 21:43	[true,true]
Matthew 21:44	[]
Matthew 21:45	[]
Matthew 21:46	[]
Matthew 22:1	[]
Matthew 22:2	[]
Matthew 22:3	[]
Matthew 22:4	[]
Matthew 22:5	[]
Matthew 22:6	[]
Matthew 22:7	[]
Matthew 22:8	[]
Matthew 22:9	[true]
Matthew 22:10	[]
Matthew 22:11	[]
Matthew 22:12	[false]
Matthew 22:13	[]
Matthew 22:14	[]
Matthew 22:15	[]
Matthew 22:16	[false,false,false,false]
Matthew 22:17	[false]
Matthew 22:18	[true,true]
Matthew 22:19	[]
Matthew 22:20	[]
Matthew 22:21	[]
Matthew 22:22	[]
Matthew 22:23	[]
Matthew 22:24	[]
Matthew 22:25	[]
Matthew 22:26	[]
Matthew 22:27	[]
Matthew 22:28	[]
Matthew 22:29	[true,true]
Matthew 22:30	[]
Matthew 22:31	[true,true]
Matthew 22:32	[]
Matthew 22:33	[]
Matthew 22:34	[]
Matthew 22:35	[]
Matthew 22:36	[]
Matthew 22:37	[false,false,false,false]
Matthew 22:38	[]
Matthew 22:39	[false,false]
Matthew 22:40	[]
Matthew 22:41	[]
Matthew 22:42	[true]
Matthew 22:43	[]
Matthew 22:44	[false,false]
Matthew 22:45	[]
Matthew 22:46	[]
Matthew 23:1	[]
Matthew 23:2	[]
Matthew 23:3	[true]
Matthew 23:4	[]
Matthew 23:5	[]
Matthew 23:6	[]
Matthew 23:7	[]
Matthew 23:8	[true,true,true]
Matthew 23:9	[true,true]
Matthew 23:10	[true,true]
Matthew 23:11	[true,true]
Matthew 23:12	[]
Matthew 23:13	[true,true,true,true,true,true]
Matthew 23:14	[]
Matthew 23:15	[true,true,true,true,true]
Matthew 23:16	[true,true]
Matthew 23:17	[true]
Matthew 23:18	[false]
Matthew 23:19	[true]
Matthew 23:20	[]
Matthew 23:21	[]
Matthew 23:22	[]
Matthew 23:23	[true,true,true,true,true]
Matthew 23:24	[true,true]
Matthew 23:25	[true,true,true]
Matthew 23:26	[]
Matthew 23:27	[true,true,true]
Matthew 23:28	[true,true]
Matthew 23:29	[true,true,true]
Matthew 23:30	[true]
Matthew 23:31	[true,true,true]
Matthew 23:32	[true]
Matthew 23:33	[true,true,true]
Matthew 23:34	[true,true,true,true]
Matthew 23:35	[true,true]
Matthew 23:36	[true]
Matthew 23:37	[false,true]
Matthew 23:38	[true,true]
Matthew 23:39	[true,true,true]
Matthew 24:1	[]
Matthew 24:2	[true,true]
Matthew 24:3	[false]
Matthew 24:4	[true]
Matthew 24:5	[]
Matthew 24:6	[true,true]
Matthew 24:7	[]
Matthew 24:8	[]
Matthew 24:9	[true,true]
Matthew 24:10	[]
Matthew 24:11	[]
Matthew 24:12	[]
Matthew 24:13	[]
Matthew 24:14	[]
Matthew 24:15	[true]
Matthew 24:16	[]
Matthew 24:17	[]
Matthew 24:18	[]
Matthew 24:19	[]
Matthew 24:20	[true]
Matthew 24:21	[]
Matthew 24:22	[]
Matthew 24:23	[true]
Matthew 24:24	[]
Matthew 24:25	[false]
Matthew 24:26	[true]
Matthew 24:27	[]
Matthew 24:28	[]
Matthew 24:29	[]
Matthew 24:30	[]
Matthew 24:31	[]
Matthew 24:32	[true]
Matthew 24:33	[true,true]
Matthew 24:34	[true]
Matthew 24:35	[]
Matthew 24:36	[]
Matthew 24:37	[]
Matthew 24:38	[]
Matthew 24:39	[]
Matthew 24:40	[]
Matthew 24:41	[]
Matthew 24:42	[true,true]
Matthew 24:43	[]
Matthew 24:44	[true,true]
Matthew 24:45	[]
Matthew 24:46	[]
Matthew 24:47	[true]
Matthew 24:48	[]
Matthew 24:49	[]
Matthew 24:50	[]
Matthew 24:51	[]
Matthew 25:1	[]
Matthew 25:2	[]
Matthew 25:3	[]
Matthew 25:4	[]
Matthew 25:5	[]
Matthew 25:6	[]
Matthew 25:7	[]
Matthew 25:8	[true]
Matthew 25:9	[true,true]
Matthew 25:10	[]
Matthew 25:11	[]
Matthew 25:12	[true,true]
Matthew 25:13	[true]
Matthew 25:14	[]
Matthew 25:15	[]
Matthew 25:16	[]
Matthew 25:17	[]
Matthew 25:18	[]
Matthew 25:19	[]
Matthew 25:20	[false]
Matthew 25:21	[false,false,false]
Matthew 25:22	[false]
Matthew 25:23	[false,false,false]
Matthew 25:24	[false,false,false]
Matthew 25:25	[false,false,false]
Matthew 25:26	[false,false]
Matthew 25:27	[false]
Matthew 25:28	[]
Matthew 25:29	[]
Matthew 25:30	[]
Matthew 25:31	[]
Matthew 25:32	[]
Matthew 25:33	[]
Matthew 25:34	[true,true]
Matthew 25:35	[true,true,true]
Matthew 25:36	[true,true,true]
Matthew 25:37	[false,false,false]
Matthew 25:38	[false,false,false]
Matthew 25:39	[false,false]
Matthew 25:40	[true,true,true]
Matthew 25:41	[false]
Matthew 25:42	[true,true]
Matthew 25:43	[true,true,true]
Matthew 25:44	[false,false]
Matthew 25:45	[true,true,true]
Matthew 25:46	[]
Matthew 26:1	[]
Matthew 26:2	[true]
Matthew 26:3	[]
Matthew 26:4	[]
Matthew 26:5	[]
Matthew 26:6	[]
Matthew 26:7	[]
Matthew 26:8	[]
Matthew 26:9	[]
Matthew 26:10	[true]
Matthew 26:11	[true,true,true]
Matthew 26:12	[]
Matthew 26:13	[true]
Matthew 26:14	[]
Matthew 26:15	[true,true]
Matthew 26:16	[]
Matthew 26:17	[false,false]
Matthew 26:18	[false]
Matthew 26:19	[]
Matthew 26:20	[]
Matthew 26:21	[true,true]
Matthew 26:22	[]
Matthew 26:23	[]
Matthew 26:24	[]
Matthew 26:25	[false,false]
Matthew 26:26	[]
Matthew 26:27	[true]
Matthew 26:28	[]
Matthew 26:29	[true,true]
Matthew 26:30	[]
Matthew 26:31	[true]
Matthew 26:32	[true]
Matthew 26:33	[false]
Matthew 26:34	[false,false]
Matthew 26:35	[false,false]
Matthew 26:36	[]
Matthew 26:37	[]
Matthew 26:38	[]
Matthew 26:39	[false]
Matthew 26:40	[true]
Matthew 26:41	[true]
Matthew 26:42	[false]
Matthew 26:43	[]
Matthew 26:44	[]
Matthew 26:45	[true]
Matthew 26:46	[]
Matthew 26:47	[]
Matthew 26:48	[]
Matthew 26:49	[]
Matthew 26:50	[false]
Matthew 26:51	[]
Matthew 26:52	[false]
Matthew 26:53	[false]
Matthew 26:54	[]
Matthew 26:55	[true,true,true]
Matthew 26:56	[]
Matthew 26:57	[]
Matthew 26:58	[]
Matthew 26:59	[]
Matthew 26:60	[]
Matthew 26:61	[]
Matthew 26:62	[false,false]
Matthew 26:63	[false,false]
Matthew 26:64	[false,false,true,true]
Matthew 26:65	[true]
Matthew 26:66	[true]
Matthew 26:67	[]
Matthew 26:68	[false]
Matthew 26:69	[false]
Matthew 26:70	[false]
Matthew 26:71	[]
Matthew 26:72	[]
Matthew 26:73	[false,false,false]
Matthew 26:74	[]
Matthew 26:75	[false]
Matthew 27:1	[]
Matthew 27:2	[]
Matthew 27:3	[]
Matthew 27:4	[false]
Matthew 27:5	[]
Matthew 27:6	[]
Matthew 27:7	[]
Matthew 27:8	[]
Matthew 27:9	[]
Matthew 27:10	[]
Matthew 27:11	[false,false]
Matthew 27:12	[]
Matthew 27:13	[false,false]
Matthew 27:14	[]
Matthew 27:15	[]
Matthew 27:16	[]
Matthew 27:17	[true,true]
Matthew 27:18	[]
Matthew 27:19	[]
Matthew 27:20	[]
Matthew 27:21	[true,true]
Matthew 27:22	[]
Matthew 27:23	[]
Matthew 27:24	[true]
Matthew 27:25	[]
Matthew 27:26	[]
Matthew 27:27	[]
Matthew 27:28	[]
Matthew 27:29	[]
Matthew 27:30	[]
Matthew 27:31	[]
Matthew 27:32	[]
Matthew 27:33	[]
Matthew 27:34	[]
Matthew 27:35	[]
Matthew 27:36	[]
Matthew 27:37	[]
Matthew 27:38	[]
Matthew 27:39	[]
Matthew 27:40	[false,false,false]
Matthew 27:41	[]
Matthew 27:42	[]
Matthew 27:43	[]
Matthew 27:44	[]
Matthew 27:45	[]
Matthew 27:46	[false]
Matthew 27:47	[]
Matthew 27:48	[]
Matthew 27:49	[]
Matthew 27:50	[]
Matthew 27:51	[]
Matthew 27:52	[]
Matthew 27:53	[]
Matthew 27:54	[]
Matthew 27:55	[]
Matthew 27:56	[]
Matthew 27:57	[]
Matthew 27:58	[]
Matthew 27:59	[]
Matthew 27:60	[]
Matthew 27:61	[]
Matthew 27:62	[]
Matthew 27:63	[]
Matthew 27:64	[]
Matthew 27:65	[true,true]
Matthew 27:66	[]
Matthew 28:1	[]
Matthew 28:2	[]
Matthew 28:3	[]
Matthew 28:4	[]
Matthew 28:5	[true]
Matthew 28:6	[]
Matthew 28:7	[true,true,true]
Matthew 28:8	[]
Matthew 28:9	[]
Matthew 28:10	[]
Matthew 28:11	[]
Matthew 28:12	[]
Matthew 28:13	[true]
Matthew 28:14	[true]
Matthew 28:15	[]
Matthew 28:16	[]
Matthew 28:17	[]
Matthew 28:18	[]
Matthew 28:19	[]
Matthew 28:20	[true,true]
Mark 1:1	[]
Mark 1:2	[false,false]
Mark 1:3	[]
Mark 1:4	[]
Mark 1:5	[]
Mark 1:6	[]
Mark 1:7	[]
Mark 1:8	[true,true]
Mark 1:9	[]
Mark 1:10	[]
Mark 1:11	[false,false]
Mark 1:12	[]
Mark 1:13	[]
Mark 1:14	[]
Mark 1:15	[]
Mark 1:16	[]
Mark 1:17	[true]
Mark 1:18	[]
Mark 1:19	[]
Mark 1:20	[]
Mark 1:21	[]
Mark 1:22	[]
Mark 1:23	[]
Mark 1:24	[false,false,false]
Mark 1:25	[]
Mark 1:26	[]
Mark 1:27	[]
Mark 1:28	[]
Mark 1:29	[]
Mark 1:30	[]
Mark 1:31	[]
Mark 1:32	[]
Mark 1:33	[]
Mark 1:34	[]
Mark 1:35	[]
Mark 1:36	[]
Mark 1:37	[false]
Mark 1:38	[]
Mark 1:39	[]
Mark 1:40	[false,false]
Mark 1:41	[]
Mark 1:42	[]
Mark 1:43	[]
Mark 1:44	[false,false,false]
Mark 1:45	[]
Mark 2:1	[]
Mark 2:2	[]
Mark 2:3	[]
Mark 2:4	[]
Mark 2:5	[false]
Mark 2:6	[]
Mark 2:7	[]
Mark 2:8	[true,true]
Mark 2:9	[false,false]
Mark 2:10	[true]
Mark 2:11	[false,false]
Mark 2:12	[]
Mark 2:13	[]
Mark 2:14	[]
Mark 2:15	[]
Mark 2:16	[]
Mark 2:17	[]
Mark 2:18	[true]
Mark 2:19	[]
Mark 2:20	[]
Mark 2:21	[]
Mark 2:22	[]
Mark 2:23	[]
Mark 2:24	[]
Mark 2:25	[true]
Mark 2:26	[]
Mark 2:27	[]
Mark 2:28	[]
Mark 3:1	[]
Mark 3:2	[]
Mark 3:3	[]
Mark 3:4	[]
Mark 3:5	[false]
Mark 3:6	[]
Mark 3:7	[]
Mark 3:8	[]
Mark 3:9	[]
Mark 3:10	[]
Mark 3:11	[false]
Mark 3:12	[]
Mark 3:13	[]
Mark 3:14	[]
Mark 3:15	[]
Mark 3:16	[]
Mark 3:17	[]
Mark 3:18	[]
Mark 3:19	[]
Mark 3:20	[]
Mark 3:21	[]
Mark 3:22	[]
Mark 3:23	[]
Mark 3:24	[]
Mark 3:25	[]
Mark 3:26	[]
Mark 3:27	[]
Mark 3:28	[true]
Mark 3:29	[]
Mark 3:30	[]
Mark 3:31	[]
Mark 3:32	[false,false]
Mark 3:33	[]
Mark 3:34	[]
Mark 3:35	[]
Mark 4:1	[]
Mark 4:2	[]
Mark 4:3	[]
Mark 4:4	[]
Mark 4:5	[]
Mark 4:6	[]
Mark 4:7	[]
Mark 4:8	[]
Mark 4:9	[]
Mark 4:10	[]
Mark 4:11	[true]
Mark 4:12	[]
Mark 4:13	[true,true]
Mark 4:14	[]
Mark 4:15	[]
Mark 4:16	[]
Mark 4:17	[]
Mark 4:18	[]
Mark 4:19	[]
Mark 4:20	[]
Mark 4:21	[]
Mark 4:22	[]
Mark 4:23	[]
Mark 4:24	[true,true,true,true]
Mark 4:25	[]
Mark 4:26	[]
Mark 4:27	[]
Mark 4:28	[]
Mark 4:29	[]
Mark 4:30	[]
Mark 4:31	[]
Mark 4:32	[]
Mark 4:33	[]
Mark 4:34	[]
Mark 4:35	[]
Mark 4:36	[]
Mark 4:37	[]
Mark 4:38	[false]
Mark 4:39	[]
Mark 4:40	[true,true]
Mark 4:41	[]
Mark 5:1	[]
Mark 5:2	[]
Mark 5:3	[]
Mark 5:4	[]
Mark 5:5	[]
Mark 5:6	[]
Mark 5:7	[false,false]
Mark 5:8	[false]
Mark 5:9	[false]
Mark 5:10	[]
Mark 5:11	[]
Mark 5:12	[]
Mark 5:13	[]
Mark 5:14	[]
Mark 5:15	[]
Mark 5:16	[]
Mark 5:17	[]
Mark 5:18	[]
Mark 5:19	[true,false,false]
Mark 5:20	[]
Mark 5:21	[]
Mark 5:22	[]
Mark 5:23	[false]
Mark 5:24	[]
Mark 5:25	[]
Mark 5:26	[]
Mark 5:27	[]
Mark 5:28	[]
Mark 5:29	[]
Mark 5:30	[]
Mark 5:31	[false,false,false]
Mark 5:32	[]
Mark 5:33	[]
Mark 5:34	[false,false,false]
Mark 5:35	[false]
Mark 5:36	[]
Mark 5:37	[]
Mark 5:38	[]
Mark 5:39	[]
Mark 5:40	[]
Mark 5:41	[false]
Mark 5:42	[]
Mark 5:43	[]
Mark 6:1	[]
Mark 6:2	[]
Mark 6:3	[]
Mark 6:4	[]
Mark 6:5	[]
Mark 6:6	[]
Mark 6:7	[]
Mark 6:8	[]
Mark 6:9	[]
Mark 6:10	[true,true]
Mark 6:11	[true,true,true,true]
Mark 6:12	[]
Mark 6:13	[]
Mark 6:14	[]
Mark 6:15	[]
Mark 6:16	[]
Mark 6:17	[]
Mark 6:18	[false,false]
Mark 6:19	[]
Mark 6:20	[]
Mark 6:21	[]
Mark 6:22	[false,false]
Mark 6:23	[false,false]
Mark 6:24	[]
Mark 6:25	[false]
Mark 6:26	[]
Mark 6:27	[]
Mark 6:28	[]
Mark 6:29	[]
Mark 6:30	[]
Mark 6:31	[]
Mark 6:32	[]
Mark 6:33	[]
Mark 6:34	[]
Mark 6:35	[]
Mark 6:36	[]
Mark 6:37	[true]
Mark 6:38	[true]
Mark 6:39	[]
Mark 6:40	[]
Mark 6:41	[]
Mark 6:42	[]
Mark 6:43	[]
Mark 6:44	[]
Mark 6:45	[]
Mark 6:46	[]
Mark 6:47	[]
Mark 6:48	[]
Mark 6:49	[]
Mark 6:50	[]
Mark 6:51	[]
Mark 6:52	[]
Mark 6:53	[]
Mark 6:54	[]
Mark 6:55	[]
Mark 6:56	[]
Mark 7:1	[]
Mark 7:2	[]
Mark 7:3	[]
Mark 7:4	[]
Mark 7:5	[false]
Mark 7:6	[true]
Mark 7:7	[]
Mark 7:8	[true]
Mark 7:9	[true,true]
Mark 7:10	[false,false]
Mark 7:11	[true,false]
Mark 7:12	[]
Mark 7:13	[true,true,true]
Mark 7:14	[true]
Mark 7:15	[]
Mark 7:16	[]
Mark 7:17	[]
Mark 7:18	[true,true]
Mark 7:19	[]
Mark 7:20	[]
Mark 7:21	[]
Mark 7:22	[]
Mark 7:23	[]
Mark 7:24	[]
Mark 7:25	[]
Mark 7:26	[]
Mark 7:27	[]
Mark 7:28	[]
Mark 7:29	[false,false]
Mark 7:30	[]
Mark 7:31	[]
Mark 7:32	[]
Mark 7:33	[]
Mark 7:34	[]
Mark 7:35	[]
Mark 7:36	[]
Mark 7:37	[]
Mark 8:1	[]
Mark 8:2	[]
Mark 8:3	[]
Mark 8:4	[]
Mark 8:5	[true]
Mark 8:6	[]
Mark 8:7	[]
Mark 8:8	[]
Mark 8:9	[]
Mark 8:10	[]
Mark 8:11	[]
Mark 8:12	[true]
Mark 8:13	[]
Mark 8:14	[]
Mark 8:15	[]
Mark 8:16	[]
Mark 8:17	[true,true,true]
Mark 8:18	[true,true,true]
Mark 8:19	[true]
Mark 8:20	[true]
Mark 8:21	[true]
Mark 8:22	[]
Mark 8:23	[false]
Mark 8:24	[]
Mark 8:25	[]
Mark 8:26	[]
Mark 8:27	[]
Mark 8:28	[]
Mark 8:29	[true,true,false]
Mark 8:30	[]
Mark 8:31	[]
Mark 8:32	[]
Mark 8:33	[false]
Mark 8:34	[]
Mark 8:35	[]
Mark 8:36	[]
Mark 8:37	[]
Mark 8:38	[]
Mark 9:1	[true]
Mark 9:2	[]
Mark 9:3	[]
Mark 9:4	[]
Mark 9:5	[false]
Mark 9:6	[]
Mark 9:7	[]
Mark 9:8	[]
Mark 9:9	[]
Mark 9:10	[]
Mark 9:11	[]
Mark 9:12	[]
Mark 9:13	[true]
Mark 9:14	[]
Mark 9:15	[]
Mark 9:16	[true]
Mark 9:17	[false]
Mark 9:18	[false]
Mark 9:19	[true,true]
Mark 9:20	[]
Mark 9:21	[]
Mark 9:22	[false]
Mark 9:23	[false]
Mark 9:24	[]
Mark 9:25	[false,false]
Mark 9:26	[]
Mark 9:27	[]
Mark 9:28	[]
Mark 9:29	[]
Mark 9:30	[]
Mark 9:31	[]
Mark 9:32	[]
Mark 9:33	[true]
Mark 9:34	[]
Mark 9:35	[]
Mark 9:36	[]
Mark 9:37	[]
Mark 9:38	[false]
Mark 9:39	[]
Mark 9:40	[]
Mark 9:41	[true,true,true]
Mark 9:42	[]
Mark 9:43	[false,false,false]
Mark 9:44	[]
Mark 9:45	[false,false,false]
Mark 9:46	[]
Mark 9:47	[false,false,false]
Mark 9:48	[]
Mark 9:49	[]
Mark 9:50	[true,true]
Mark 10:1	[]
Mark 10:2	[]
Mark 10:3	[true]
Mark 10:4	[]
Mark 10:5	[true,true]
Mark 10:6	[]
Mark 10:7	[]
Mark 10:8	[]
Mark 10:9	[]
Mark 10:10	[]
Mark 10:11	[]
Mark 10:12	[]
Mark 10:13	[]
Mark 10:14	[]
Mark 10:15	[true]
Mark 10:16	[]
Mark 10:17	[]
Mark 10:18	[false]
Mark 10:19	[false,false]
Mark 10:20	[]
Mark 10:21	[false,false,false]
Mark 10:22	[]
Mark 10:23	[]
Mark 10:24	[]
Mark 10:25	[]
Mark 10:26	[]
Mark 10:27	[]
Mark 10:28	[false]
Mark 10:29	[true]
Mark 10:30	[]
Mark 10:31	[]
Mark 10:32	[]
Mark 10:33	[]
Mark 10:34	[]
Mark 10:35	[false]
Mark 10:36	[true,true]
Mark 10:37	[false,false,false]
Mark 10:38	[true,true,true]
Mark 10:39	[true,true]
Mark 10:40	[]
Mark 10:41	[]
Mark 10:42	[true]
Mark 10:43	[true,true,true]
Mark 10:44	[]
Mark 10:45	[]
Mark 10:46	[]
Mark 10:47	[]
Mark 10:48	[]
Mark 10:49	[false]
Mark 10:50	[]
Mark 10:51	[false,false]
Mark 10:52	[false,false]
Mark 11:1	[]
Mark 11:2	[true,true,true]
Mark 11:3	[true]
Mark 11:4	[]
Mark 11:5	[true]
Mark 11:6	[]
Mark 11:7	[]
Mark 11:8	[]
Mark 11:9	[]
Mark 11:10	[]
Mark 11:11	[]
Mark 11:12	[]
Mark 11:13	[]
Mark 11:14	[false]
Mark 11:15	[]
Mark 11:16	[]
Mark 11:17	[true]
Mark 11:18	[]
Mark 11:19	[]
Mark 11:20	[]
Mark 11:21	[false]
Mark 11:22	[]
Mark 11:23	[true]
Mark 11:24	[true,true,true,true]
Mark 11:25	[true,true,true,true]
Mark 11:26	[]
Mark 11:27	[]
Mark 11:28	[false,false]
Mark 11:29	[true,true,true]
Mark 11:30	[]
Mark 11:31	[true]
Mark 11:32	[]
Mark 11:33	[true]
Mark 12:1	[]
Mark 12:2	[]
Mark 12:3	[]
Mark 12:4	[]
Mark 12:5	[]
Mark 12:6	[]
Mark 12:7	[]
Mark 12:8	[]
Mark 12:9	[]
Mark 12:10	[true]
Mark 12:11	[]
Mark 12:12	[]
Mark 12:13	[]
Mark 12:14	[false,false]
Mark 12:15	[true]
Mark 12:16	[]
Mark 12:17	[]
Mark 12:18	[]
Mark 12:19	[]
Mark 12:20	[]
Mark 12:21	[]
Mark 12:22	[]
Mark 12:23	[]
Mark 12:24	[true,true]
Mark 12:25	[]
Mark 12:26	[true]
Mark 12:27	[true]
Mark 12:28	[]
Mark 12:29	[]
Mark 12:30	[false,false,false,false,false]
Mark 12:31	[false,false]
Mark 12:32	[false]
Mark 12:33	[false,false,false,false,false]
Mark 12:34	[false]
Mark 12:35	[]
Mark 12:36	[false,false]
Mark 12:37	[]
Mark 12:38	[]
Mark 12:39	[]
Mark 12:40	[]
Mark 12:41	[]
Mark 12:42	[]
Mark 12:43	[true]
Mark 12:44	[]
Mark 13:1	[]
Mark 13:2	[false]
Mark 13:3	[]
Mark 13:4	[]
Mark 13:5	[true]
Mark 13:6	[]
Mark 13:7	[true]
Mark 13:8	[]
Mark 13:9	[true,true,true]
Mark 13:10	[]
Mark 13:11	[true,true,true,true]
Mark 13:12	[]
Mark 13:13	[true]
Mark 13:14	[true]
Mark 13:15	[]
Mark 13:16	[]
Mark 13:17	[]
Mark 13:18	[]
Mark 13:19	[]
Mark 13:20	[]
Mark 13:21	[true]
Mark 13:22	[]
Mark 13:23	[true,true]
Mark 13:24	[]
Mark 13:25	[]
Mark 13:26	[]
Mark 13:27	[]
Mark 13:28	[true]
Mark 13:29	[true]
Mark 13:30	[true]
Mark 13:31	[]
Mark 13:32	[]
Mark 13:33	[true,true]
Mark 13:34	[]
Mark 13:35	[true]
Mark 13:36	[true]
Mark 13:37	[true]
Mark 14:1	[]
Mark 14:2	[]
Mark 14:3	[]
Mark 14:4	[]
Mark 14:5	[]
Mark 14:6	[true]
Mark 14:7	[true,true,true,true,true]
Mark 14:8	[]
Mark 14:9	[true]
Mark 14:10	[]
Mark 14:11	[]
Mark 14:12	[false,false]
Mark 14:13	[true]
Mark 14:14	[]
Mark 14:15	[true]
Mark 14:16	[]
Mark 14:17	[]
Mark 14:18	[true,true]
Mark 14:19	[]
Mark 14:20	[]
Mark 14:21	[]
Mark 14:22	[]
Mark 14:23	[]
Mark 14:24	[]
Mark 14:25	[true]
Mark 14:26	[]
Mark 14:27	[true]
Mark 14:28	[true]
Mark 14:29	[]
Mark 14:30	[false,false]
Mark 14:31	[false,false]
Mark 14:32	[]
Mark 14:33	[]
Mark 14:34	[]
Mark 14:35	[]
Mark 14:36	[false,false]
Mark 14:37	[false,false]
Mark 14:38	[true]
Mark 14:39	[]
Mark 14:40	[]
Mark 14:41	[true]
Mark 14:42	[]
Mark 14:43	[]
Mark 14:44	[]
Mark 14:45	[]
Mark 14:46	[]
Mark 14:47	[]
Mark 14:48	[true,true]
Mark 14:49	[true,true]
Mark 14:50	[]
Mark 14:51	[]
Mark 14:52	[]
Mark 14:53	[]
Mark 14:54	[]
Mark 14:55	[]
Mark 14:56	[]
Mark 14:57	[]
Mark 14:58	[]
Mark 14:59	[]
Mark 14:60	[false,false]
Mark 14:61	[false]
Mark 14:62	[true]
Mark 14:63	[]
Mark 14:64	[true,true]
Mark 14:65	[]
Mark 14:66	[]
Mark 14:67	[false]
Mark 14:68	[false]
Mark 14:69	[]
Mark 14:70	[false,false]
Mark 14:71	[true]
Mark 14:72	[false]
Mark 15:1	[]
Mark 15:2	[false,false]
Mark 15:3	[]
Mark 15:4	[false,false]
Mark 15:5	[]
Mark 15:6	[]
Mark 15:7	[]
Mark 15:8	[]
Mark 15:9	[true,true]
Mark 15:10	[]
Mark 15:11	[]
Mark 15:12	[true,true]
Mark 15:13	[]
Mark 15:14	[]
Mark 15:15	[]
Mark 15:16	[]
Mark 15:17	[]
Mark 15:18	[]
Mark 15:19	[]
Mark 15:20	[]
Mark 15:21	[]
Mark 15:22	[]
Mark 15:23	[]
Mark 15:24	[]
Mark 15:25	[]
Mark 15:26	[]
Mark 15:27	[]
Mark 15:28	[]
Mark 15:29	[false]
Mark 15:30	[false]
Mark 15:31	[]
Mark 15:32	[]
Mark 15:33	[]
Mark 15:34	[false]
Mark 15:35	[]
Mark 15:36	[]
Mark 15:37	[]
Mark 15:38	[]
Mark 15:39	[]
Mark 15:40	[]
Mark 15:41	[]
Mark 15:42	[]
Mark 15:43	[]
Mark 15:44	[]
Mark 15:45	[]
Mark 15:46	[]
Mark 15:47	[]
Mark 16:1	[]
Mark 16:2	[]
Mark 16:3	[]
Mark 16:4	[]
Mark 16:5	[]
Mark 16:6	[true]
Mark 16:7	[true,true,true]
Mark 16:8	[]
Mark 16:9	[]
Mark 16:10	[]
Mark 16:11	[]
Mark 16:12	[]
Mark 16:13	[]
Mark 16:14	[]
Mark 16:15	[]
Mark 16:16	[]
Mark 16:17	[]
Mark 16:18	[]
Mark 16:19	[]
Mark 16:20	[]
Luke 1:1	[]
Luke 1:2	[]
Luke 1:3	[false]
Luke 1:4	[false,false]
Luke 1:5	[]
Luke 1:6	[]
Luke 1:7	[]
Luke 1:8	[]
Luke 1:9	[]
Luke 1:10	[]
Luke 1:11	[]
Luke 1:12	[]
Luke 1:13	[false,false,false,false]
Luke 1:14	[false]
Luke 1:15	[]
Luke 1:16	[]
Luke 1:17	[]
Luke 1:18	[]
Luke 1:19	[false,false]
Luke 1:20	[false,false]
Luke 1:21	[]
Luke 1:22	[]
Luke 1:23	[]
Luke 1:24	[]
Luke 1:25	[]
Luke 1:26	[]
Luke 1:27	[]
Luke 1:28	[false,false]
Luke 1:29	[]
Luke 1:30	[false]
Luke 1:31	[false,false]
Luke 1:32	[]
Luke 1:33	[]
Luke 1:34	[]
Luke 1:35	[false,false]
Luke 1:36	[false]
Luke 1:37	[]
Luke 1:38	[false]
Luke 1:39	[]
Luke 1:40	[]
Luke 1:41	[]
Luke 1:42	[false,false]
Luke 1:43	[]
Luke 1:44	[false]
Luke 1:45	[]
Luke 1:46	[]
Luke 1:47	[]
Luke 1:48	[]
Luke 1:49	[]
Luke 1:50	[]
Luke 1:51	[]
Luke 1:52	[]
Luke 1:53	[]
Luke 1:54	[]
Luke 1:55	[]
Luke 1:56	[]
Luke 1:57	[]
Luke 1:58	[]
Luke 1:59	[]
Luke 1:60	[]
Luke 1:61	[false]
Luke 1:62	[]
Luke 1:63	[]
Luke 1:64	[]
Luke 1:65	[]
Luke 1:66	[]
Luke 1:67	[]
Luke 1:68	[]
Luke 1:69	[]
Luke 1:70	[]
Luke 1:71	[]
Luke 1:72	[]
Luke 1:73	[]
Luke 1:74	[]
Luke 1:75	[]
Luke 1:76	[false,false]
Luke 1:77	[]
Luke 1:78	[]
Luke 1:79	[]
Luke 1:80	[]
Luke 2:1	[]
Luke 2:2	[]
Luke 2:3	[]
Luke 2:4	[]
Luke 2:5	[]
Luke 2:6	[]
Luke 2:7	[]
Luke 2:8	[]
Luke 2:9	[]
Luke 2:10	[false]
Luke 2:11	[true]
Luke 2:12	[true,true]
Luke 2:13	[]
Luke 2:14	[]
Luke 2:15	[]
Luke 2:16	[]
Luke 2:17	[]
Luke 2:18	[]
Luke 2:19	[]
Luke 2:20	[]
Luke 2:21	[]
Luke 2:22	[]
Luke 2:23	[]
Luke 2:24	[]
Luke 2:25	[]
Luke 2:26	[]
Luke 2:27	[]
Luke 2:28	[]
Luke 2:29	[false,false,false]
Luke 2:30	[false]
Luke 2:31	[false]
Luke 2:32	[false]
Luke 2:33	[]
Luke 2:34	[]
Luke 2:35	[false]
Luke 2:36	[]
Luke 2:37	[]
Luke 2:38	[]
Luke 2:39	[]
Luke 2:40	[]
Luke 2:41	[]
Luke 2:42	[]
Luke 2:43	[]
Luke 2:44	[]
Luke 2:45	[]
Luke 2:46	[]
Luke 2:47	[]
Luke 2:48	[false,false,false]
Luke 2:49	[true,true]
Luke 2:50	[]
Luke 2:51	[]
Luke 2:52	[]
Luke 3:1	[]
Luke 3:2	[]
Luke 3:3	[]
Luke 3:4	[]
Luke 3:5	[]
Luke 3:6	[]
Luke 3:7	[true,true]
Luke 3:8	[true,true]
Luke 3:9	[]
Luke 3:10	[]
Luke 3:11	[]
Luke 3:12	[]
Luke 3:13	[true]
Luke 3:14	[true]
Luke 3:15	[]
Luke 3:16	[true,true]
Luke 3:17	[]
Luke 3:18	[]
Luke 3:19	[]
Luke 3:20	[]
Luke 3:21	[]
Luke 3:22	[false,false]
Luke 3:23	[]
Luke 3:24	[]
Luke 3:25	[]
Luke 3:26	[]
Luke 3:27	[]
Luke 3:28	[]
Luke 3:29	[]
Luke 3:30	[]
Luke 3:31	[]
Luke 3:32	[]
Luke 3:33	[]
Luke 3:34	[]
Luke 3:35	[]
Luke 3:36	[]
Luke 3:37	[]
Luke 3:38	[]
Luke 4:1	[]
Luke 4:2	[]
Luke 4:3	[false]
Luke 4:4	[]
Luke 4:5	[]
Luke 4:6	[false]
Luke 4:7	[false,false]
Luke 4:8	[false]
Luke 4:9	[false,false]
Luke 4:10	[false,false]
Luke 4:11	[false,false,false]
Luke 4:12	[false]
Luke 4:13	[]
Luke 4:14	[]
Luke 4:15	[]
Luke 4:16	[]
Luke 4:17	[]
Luke 4:18	[]
Luke 4:19	[]
Luke 4:20	[]
Luke 4:21	[true]
Luke 4:22	[]
Luke 4:23	[true,false,false,true]
Luke 4:24	[true]
Luke 4:25	[true]
Luke 4:26	[]
Luke 4:27	[]
Luke 4:28	[]
Luke 4:29	[]
Luke 4:30	[]
Luke 4:31	[]
Luke 4:32	[]
Luke 4:33	[]
Luke 4:34	[false,false,false]
Luke 4:35	[]
Luke 4:36	[]
Luke 4:37	[]
Luke 4:38	[]
Luke 4:39	[]
Luke 4:40	[]
Luke 4:41	[false]
Luke 4:42	[]
Luke 4:43	[]
Luke 4:44	[]
Luke 5:1	[]
Luke 5:2	[]
Luke 5:3	[]
Luke 5:4	[true]
Luke 5:5	[false]
Luke 5:6	[]
Luke 5:7	[]
Luke 5:8	[]
Luke 5:9	[]
Luke 5:10	[false]
Luke 5:11	[]
Luke 5:12	[false,false]
Luke 5:13	[]
Luke 5:14	[false,false]
Luke 5:15	[]
Luke 5:16	[]
Luke 5:17	[]
Luke 5:18	[]
Luke 5:19	[]
Luke 5:20	[false]
Luke 5:21	[]
Luke 5:22	[true,true]
Luke 5:23	[false]
Luke 5:24	[true,false,false]
Luke 5:25	[]
Luke 5:26	[]
Luke 5:27	[]
Luke 5:28	[]
Luke 5:29	[]
Luke 5:30	[true]
Luke 5:31	[]
Luke 5:32	[]
Luke 5:33	[true]
Luke 5:34	[true]
Luke 5:35	[]
Luke 5:36	[]
Luke 5:37	[]
Luke 5:38	[]
Luke 5:39	[]
Luke 6:1	[]
Luke 6:2	[true]
Luke 6:3	[true]
Luke 6:4	[]
Luke 6:5	[]
Luke 6:6	[]
Luke 6:7	[]
Luke 6:8	[]
Luke 6:9	[true]
Luke 6:10	[false]
Luke 6:11	[]
Luke 6:12	[]
Luke 6:13	[]
Luke 6:14	[]
Luke 6:15	[]
Luke 6:16	[]
Luke 6:17	[]
Luke 6:18	[]
Luke 6:19	[]
Luke 6:20	[true,true]
Luke 6:21	[true,true,true,true]
Luke 6:22	[true,true,true,true,true]
Luke 6:23	[true]
Luke 6:24	[true,true,true]
Luke 6:25	[true,true,true,true]
Luke 6:26	[true,true]
Luke 6:27	[true,true,true]
Luke 6:28	[true,true]
Luke 6:29	[false,false,false]
Luke 6:30	[false,true]
Luke 6:31	[true,true]
Luke 6:32	[true,true,true]
Luke 6:33	[true,true,true]
Luke 6:34	[true,true,true]
Luke 6:35	[true,true,true]
Luke 6:36	[true]
Luke 6:37	[true,true,true]
Luke 6:38	[true,true,true,true]
Luke 6:39	[]
Luke 6:40	[]
Luke 6:41	[false,false,false]
Luke 6:42	[false,false,false,false,false,false,false,false,false]
Luke 6:43	[]
Luke 6:44	[]
Luke 6:45	[]
Luke 6:46	[true]
Luke 6:47	[true]
Luke 6:48	[]
Luke 6:49	[]
Luke 7:1	[]
Luke 7:2	[]
Luke 7:3	[]
Luke 7:4	[false]
Luke 7:5	[]
Luke 7:6	[false,false]
Luke 7:7	[false]
Luke 7:8	[]
Luke 7:9	[true]
Luke 7:10	[]
Luke 7:11	[]
Luke 7:12	[]
Luke 7:13	[]
Luke 7:14	[false]
Luke 7:15	[]
Luke 7:16	[]
Luke 7:17	[]
Luke 7:18	[]
Luke 7:19	[false]
Luke 7:20	[false]
Luke 7:21	[]
Luke 7:22	[true]
Luke 7:23	[]
Luke 7:24	[true]
Luke 7:25	[true]
Luke 7:26	[true,true]
Luke 7:27	[false,false,false]
Luke 7:28	[true]
Luke 7:29	[]
Luke 7:30	[]
Luke 7:31	[]
Luke 7:32	[true,true,true]
Luke 7:33	[true]
Luke 7:34	[true]
Luke 7:35	[]
Luke 7:36	[]
Luke 7:37	[]
Luke 7:38	[]
Luke 7:39	[]
Luke 7:40	[false]
Luke 7:41	[]
Luke 7:42	[]
Luke 7:43	[false]
Luke 7:44	[false,false,false]
Luke 7:45	[false]
Luke 7:46	[false]
Luke 7:47	[false]
Luke 7:48	[false]
Luke 7:49	[]
Luke 7:50	[false,false]
Luke 8:1	[]
Luke 8:2	[]
Luke 8:3	[]
Luke 8:4	[]
Luke 8:5	[]
Luke 8:6	[]
Luke 8:7	[]
Luke 8:8	[]
Luke 8:9	[]
Luke 8:10	[true]
Luke 8:11	[]
Luke 8:12	[]
Luke 8:13	[]
Luke 8:14	[]
Luke 8:15	[]
Luke 8:16	[]
Luke 8:17	[]
Luke 8:18	[true]
Luke 8:19	[]
Luke 8:20	[false,false]
Luke 8:21	[]
Luke 8:22	[]
Luke 8:23	[]
Luke 8:24	[]
Luke 8:25	[true]
Luke 8:26	[]
Luke 8:27	[]
Luke 8:28	[false,false]
Luke 8:29	[]
Luke 8:30	[false]
Luke 8:31	[]
Luke 8:32	[]
Luke 8:33	[]
Luke 8:34	[]
Luke 8:35	[]
Luke 8:36	[]
Luke 8:37	[]
Luke 8:38	[]
Luke 8:39	[false]
Luke 8:40	[]
Luke 8:41	[]
Luke 8:42	[]
Luke 8:43	[]
Luke 8:44	[]
Luke 8:45	[false]
Luke 8:46	[]
Luke 8:47	[]
Luke 8:48	[false,false]
Luke 8:49	[false]
Luke 8:50	[]
Luke 8:51	[]
Luke 8:52	[]
Luke 8:53	[]
Luke 8:54	[]
Luke 8:55	[]
Luke 8:56	[]
Luke 9:1	[]
Luke 9:2	[]
Luke 9:3	[]
Luke 9:4	[true,true]
Luke 9:5	[true,true,true]
Luke 9:6	[]
Luke 9:7	[]
Luke 9:8	[]
Luke 9:9	[]
Luke 9:10	[]
Luke 9:11	[]
Luke 9:12	[]
Luke 9:13	[true]
Luke 9:14	[]
Luke 9:15	[]
Luke 9:16	[]
Luke 9:17	[]
Luke 9:18	[]
Luke 9:19	[]
Luke 9:20	[true,true]
Luke 9:21	[]
Luke 9:22	[]
Luke 9:23	[]
Luke 9:24	[]
Luke 9:25	[]
Luke 9:26	[]
Luke 9:27	[true]
Luke 9:28	[]
Luke 9:29	[]
Luke 9:30	[]
Luke 9:31	[]
Luke 9:32	[]
Luke 9:33	[false]
Luke 9:34	[]
Luke 9:35	[]
Luke 9:36	[]
Luke 9:37	[]
Luke 9:38	[false]
Luke 9:39	[]
Luke 9:40	[false]
Luke 9:41	[true,true,false]
Luke 9:42	[]
Luke 9:43	[]
Luke 9:44	[true]
Luke 9:45	[]
Luke 9:46	[]
Luke 9:47	[]
Luke 9:48	[true]
Luke 9:49	[false]
Luke 9:50	[true,true]
Luke 9:51	[]
Luke 9:52	[]
Luke 9:53	[]
Luke 9:54	[false]
Luke 9:55	[]
Luke 9:56	[]
Luke 9:57	[false,false]
Luke 9:58	[]
Luke 9:59	[]
Luke 9:60	[false]
Luke 9:61	[false]
Luke 9:62	[]
Luke 10:1	[]
Luke 10:2	[]
Luke 10:3	[false]
Luke 10:4	[]
Luke 10:5	[true]
Luke 10:6	[true,true]
Luke 10:7	[false]
Luke 10:8	[true,true,true]
Luke 10:9	[true]
Luke 10:10	[true,true]
Luke 10:11	[true,true]
Luke 10:12	[true]
Luke 10:13	[false,false,true]
Luke 10:14	[true]
Luke 10:15	[false,false,false]
Luke 10:16	[true,true]
Luke 10:17	[false]
Luke 10:18	[]
Luke 10:19	[true,true]
Luke 10:20	[true,true]
Luke 10:21	[false,false,false]
Luke 10:22	[]
Luke 10:23	[true]
Luke 10:24	[true,true,true]
Luke 10:25	[]
Luke 10:26	[false]
Luke 10:27	[false,false,false,false,false,false,false]
Luke 10:28	[false,false]
Luke 10:29	[]
Luke 10:30	[]
Luke 10:31	[]
Luke 10:32	[]
Luke 10:33	[]
Luke 10:34	[]
Luke 10:35	[false]
Luke 10:36	[false]
Luke 10:37	[]
Luke 10:38	[]
Luke 10:39	[]
Luke 10:40	[false]
Luke 10:41	[false]
Luke 10:42	[]
Luke 11:1	[]
Luke 11:2	[true,false,false]
Luke 11:3	[]
Luke 11:4	[]
Luke 11:5	[true]
Luke 11:6	[]
Luke 11:7	[false]
Luke 11:8	[true]
Luke 11:9	[true,true,true,true]
Luke 11:10	[]
Luke 11:11	[true]
Luke 11:12	[]
Luke 11:13	[true,true,true]
Luke 11:14	[]
Luke 11:15	[]
Luke 11:16	[]
Luke 11:17	[]
Luke 11:18	[true]
Luke 11:19	[true,true]
Luke 11:20	[true]
Luke 11:21	[]
Luke 11:22	[]
Luke 11:23	[]
Luke 11:24	[]
Luke 11:25	[]
Luke 11:26	[]
Luke 11:27	[false,false]
Luke 11:28	[]
Luke 11:29	[]
Luke 11:30	[]
Luke 11:31	[]
Luke 11:32	[]
Luke 11:33	[]
Luke 11:34	[false,false,false,false,false]
Luke 11:35	[false]
Luke 11:36	[false,false,false]
Luke 11:37	[]
Luke 11:38	[]
Luke 11:39	[true,true]
Luke 11:40	[true]
Luke 11:41	[true,true]
Luke 11:42	[true,true,true,true]
Luke 11:43	[true,true]
Luke 11:44	[true,true]
Luke 11:45	[false,false]
Luke 11:46	[true,true,true,true]
Luke 11:47	[true,true,true]
Luke 11:48	[true,true,true]
Luke 11:49	[]
Luke 11:50	[]
Luke 11:51	[true]
Luke 11:52	[true,true,true,true,true]
Luke 11:53	[]
Luke 11:54	[]
Luke 12:1	[]
Luke 12:2	[]
Luke 12:3	[true,true]
Luke 12:4	[true]
Luke 12:5	[true,true,true,true,true]
Luke 12:6	[]
Luke 12:7	[true,true]
Luke 12:8	[true]
Luke 12:9	[]
Luke 12:10	[]
Luke 12:11	[true,true]
Luke 12:12	[true,true]
Luke 12:13	[]
Luke 12:14	[true]
Luke 12:15	[true]
Luke 12:16	[]
Luke 12:17	[]
Luke 12:18	[]
Luke 12:19	[false]
Luke 12:20	[false,false,false,false]
Luke 12:21	[]
Luke 12:22	[true,true,true,true,true]
Luke 12:23	[]
Luke 12:24	[true]
Luke 12:25	[true]
Luke 12:26	[true,true]
Luke 12:27	[true]
Luke 12:28	[true,true]
Luke 12:29	[true]
Luke 12:30	[true,true]
Luke 12:31	[true]
Luke 12:32	[true,true]
Luke 12:33	[true,true]
Luke 12:34	[true,true]
Luke 12:35	[false]
Luke 12:36	[true]
Luke 12:37	[true]
Luke 12:38	[]
Luke 12:39	[]
Luke 12:40	[true,true]
Luke 12:41	[false]
Luke 12:42	[]
Luke 12:43	[]
Luke 12:44	[true]
Luke 12:45	[]
Luke 12:46	[]
Luke 12:47	[]
Luke 12:48	[]
Luke 12:49	[]
Luke 12:50	[]
Luke 12:51	[true,true]
Luke 12:52	[]
Luke 12:53	[]
Luke 12:54	[true,true]
Luke 12:55	[true]
Luke 12:56	[true,true,true]
Luke 12:57	[true,true]
Luke 12:58	[false,false,false,false,false,false]
Luke 12:59	[false,false,false]
Luke 13:1	[]
Luke 13:2	[true]
Luke 13:3	[true,true,true]
Luke 13:4	[true]
Luke 13:5	[true,true,true]
Luke 13:6	[]
Luke 13:7	[]
Luke 13:8	[]
Luke 13:9	[false]
Luke 13:10	[]
Luke 13:11	[]
Luke 13:12	[false,false]
Luke 13:13	[]
Luke 13:14	[]
Luke 13:15	[true,true]
Luke 13:16	[]
Luke 13:17	[]
Luke 13:18	[]
Luke 13:19	[]
Luke 13:20	[]
Luke 13:21	[]
Luke 13:22	[]
Luke 13:23	[]
Luke 13:24	[true]
Luke 13:25	[true,true]
Luke 13:26	[true,false,false]
Luke 13:27	[true,true,true]
Luke 13:28	[true,true,true]
Luke 13:29	[]
Luke 13:30	[]
Luke 13:31	[false]
Luke 13:32	[]
Luke 13:33	[]
Luke 13:34	[false,true]
Luke 13:35	[true,true,true,true,true]
Luke 14:1	[]
Luke 14:2	[]
Luke 14:3	[]
Luke 14:4	[]
Luke 14:5	[true]
Luke 14:6	[]
Luke 14:7	[]
Luke 14:8	[false,false]
Luke 14:9	[false,false,false,false]
Luke 14:10	[false,false,false,false,false]
Luke 14:11	[]
Luke 14:12	[false,false,false,false]
Luke 14:13	[false]
Luke 14:14	[false,false,false]
Luke 14:15	[]
Luke 14:16	[]
Luke 14:17	[]
Luke 14:18	[]
Luke 14:19	[]
Luke 14:20	[]
Luke 14:21	[]
Luke 14:22	[false]
Luke 14:23	[]
Luke 14:24	[true]
Luke 14:25	[]
Luke 14:26	[]
Luke 14:27	[]
Luke 14:28	[true]
Luke 14:29	[]
Luke 14:30	[]
Luke 14:31	[]
Luke 14:32	[]
Luke 14:33	[true]
Luke 14:34	[]
Luke 14:35	[]
Luke 15:1	[]
Luke 15:2	[]
Luke 15:3	[]
Luke 15:4	[true]
Luke 15:5	[]
Luke 15:6	[]
Luke 15:7	[true]
Luke 15:8	[]
Luke 15:9	[]
Luke 15:10	[true]
Luke 15:11	[]
Luke 15:12	[]
Luke 15:13	[]
Luke 15:14	[]
Luke 15:15	[]
Luke 15:16	[]
Luke 15:17	[]
Luke 15:18	[false]
Luke 15:19	[false,false]
Luke 15:20	[]
Luke 15:21	[false,false]
Luke 15:22	[]
Luke 15:23	[]
Luke 15:24	[]
Luke 15:25	[]
Luke 15:26	[]
Luke 15:27	[false,false]
Luke 15:28	[]
Luke 15:29	[false,false,false]
Luke 15:30	[false,false,false]
Luke 15:31	[false,true]
Luke 15:32	[false]
Luke 16:1	[]
Luke 16:2	[false,false,false]
Luke 16:3	[]
Luke 16:4	[]
Luke 16:5	[false]
Luke 16:6	[false]
Luke 16:7	[false,false]
Luke 16:8	[]
Luke 16:9	[true,true,true]
Luke 16:10	[]
Luke 16:11	[true,true]
Luke 16:12	[true,true,true]
Luke 16:13	[true]
Luke 16:14	[]
Luke 16:15	[true,true,true]
Luke 16:16	[]
Luke 16:17	[]
Luke 16:18	[]
Luke 16:19	[]
Luke 16:20	[]
Luke 16:21	[]
Luke 16:22	[]
Luke 16:23	[]
Luke 16:24	[]
Luke 16:25	[false,false,false,false]
Luke 16:26	[true,true]
Luke 16:27	[false]
Luke 16:28	[]
Luke 16:29	[false]
Luke 16:30	[]
Luke 16:31	[]
Luke 17:1	[]
Luke 17:2	[]
Luke 17:3	[false,false]
Luke 17:4	[false,false]
Luke 17:5	[]
Luke 17:6	[true,true,true]
Luke 17:7	[true]
Luke 17:8	[false,false]
Luke 17:9	[]
Luke 17:10	[true,true,true]
Luke 17:11	[]
Luke 17:12	[]
Luke 17:13	[]
Luke 17:14	[false]
Luke 17:15	[]
Luke 17:16	[]
Luke 17:17	[]
Luke 17:18	[]
Luke 17:19	[false,false]
Luke 17:20	[]
Luke 17:21	[false,true]
Luke 17:22	[true,true]
Luke 17:23	[true]
Luke 17:24	[]
Luke 17:25	[]
Luke 17:26	[]
Luke 17:27	[]
Luke 17:28	[]
Luke 17:29	[]
Luke 17:30	[]
Luke 17:31	[]
Luke 17:32	[]
Luke 17:33	[]
Luke 17:34	[true]
Luke 17:35	[]
Luke 17:36	[]
Luke 17:37	[]
Luke 18:1	[]
Luke 18:2	[]
Luke 18:3	[]
Luke 18:4	[]
Luke 18:5	[]
Luke 18:6	[]
Luke 18:7	[]
Luke 18:8	[true]
Luke 18:9	[]
Luke 18:10	[]
Luke 18:11	[false]
Luke 18:12	[]
Luke 18:13	[]
Luke 18:14	[true]
Luke 18:15	[]
Luke 18:16	[]
Luke 18:17	[true]
Luke 18:18	[]
Luke 18:19	[false]
Luke 18:20	[false,false]
Luke 18:21	[]
Luke 18:22	[false,false,false]
Luke 18:23	[]
Luke 18:24	[]
Luke 18:25	[]
Luke 18:26	[]
Luke 18:27	[]
Luke 18:28	[false]
Luke 18:29	[true]
Luke 18:30	[]
Luke 18:31	[]
Luke 18:32	[]
Luke 18:33	[]
Luke 18:34	[]
Luke 18:35	[]
Luke 18:36	[]
Luke 18:37	[]
Luke 18:38	[]
Luke 18:39	[]
Luke 18:40	[]
Luke 18:41	[false,false]
Luke 18:42	[false,false,false]
Luke 18:43	[]
Luke 19:1	[]
Luke 19:2	[]
Luke 19:3	[]
Luke 19:4	[]
Luke 19:5	[false]
Luke 19:6	[]
Luke 19:7	[]
Luke 19:8	[]
Luke 19:9	[]
Luke 19:10	[]
Luke 19:11	[]
Luke 19:12	[]
Luke 19:13	[]
Luke 19:14	[]
Luke 19:15	[]
Luke 19:16	[false]
Luke 19:17	[false,false]
Luke 19:18	[false]
Luke 19:19	[false]
Luke 19:20	[false]
Luke 19:21	[false,false,false,false,false]
Luke 19:22	[false,false,false,false]
Luke 19:23	[false]
Luke 19:24	[]
Luke 19:25	[]
Luke 19:26	[true]
Luke 19:27	[]
Luke 19:28	[]
Luke 19:29	[]
Luke 19:30	[true,true,true]
Luke 19:31	[true]
Luke 19:32	[]
Luke 19:33	[true]
Luke 19:34	[]
Luke 19:35	[]
Luke 19:36	[]
Luke 19:37	[]
Luke 19:38	[]
Luke 19:39	[false]
Luke 19:40	[true]
Luke 19:41	[]
Luke 19:42	[false,false,false]
Luke 19:43	[false,false,false,false,false]
Luke 19:44	[false,false,false,false,false]
Luke 19:45	[]
Luke 19:46	[true]
Luke 19:47	[]
Luke 19:48	[]
Luke 20:1	[]
Luke 20:2	[false,false]
Luke 20:3	[true]
Luke 20:4	[]
Luke 20:5	[true]
Luke 20:6	[]
Luke 20:7	[]
Luke 20:8	[true]
Luke 20:9	[]
Luke 20:10	[]
Luke 20:11	[]
Luke 20:12	[]
Luke 20:13	[]
Luke 20:14	[]
Luke 20:15	[]
Luke 20:16	[]
Luke 20:17	[]
Luke 20:18	[]
Luke 20:19	[]
Luke 20:20	[]
Luke 20:21	[false,false]
Luke 20:22	[]
Luke 20:23	[]
Luke 20:24	[]
Luke 20:25	[]
Luke 20:26	[]
Luke 20:27	[]
Luke 20:28	[]
Luke 20:29	[]
Luke 20:30	[]
Luke 20:31	[]
Luke 20:32	[]
Luke 20:33	[]
Luke 20:34	[]
Luke 20:35	[]
Luke 20:36	[]
Luke 20:37	[]
Luke 20:38	[]
Luke 20:39	[false]
Luke 20:40	[]
Luke 20:41	[]
Luke 20:42	[]
Luke 20:43	[false,false]
Luke 20:44	[]
Luke 20:45	[]
Luke 20:46	[]
Luke 20:47	[]
Luke 21:1	[]
Luke 21:2	[]
Luke 21:3	[true]
Luke 21:4	[]
Luke 21:5	[]
Luke 21:6	[true]
Luke 21:7	[]
Luke 21:8	[true]
Luke 21:9	[true]
Luke 21:10	[]
Luke 21:11	[]
Luke 21:12	[true,true,true,true]
Luke 21:13	[false]
Luke 21:14	[true,true]
Luke 21:15	[true,true]
Luke 21:16	[true,true]
Luke 21:17	[true]
Luke 21:18	[true]
Luke 21:19	[true,true,true]
Luke 21:20	[true,true]
Luke 21:21	[]
Luke 21:22	[]
Luke 21:23	[]
Luke 21:24	[]
Luke 21:25	[]
Luke 21:26	[]
Luke 21:27	[]
Luke 21:28	[true,true]
Luke 21:29	[]
Luke 21:30	[true,true]
Luke 21:31	[true]
Luke 21:32	[true]
Luke 21:33	[]
Luke 21:34	[true,true,true]
Luke 21:35	[]
Luke 21:36	[true]
Luke 21:37	[]
Luke 21:38	[]
Luke 22:1	[]
Luke 22:2	[]
Luke 22:3	[]
Luke 22:4	[]
Luke 22:5	[]
Luke 22:6	[]
Luke 22:7	[]
Luke 22:8	[]
Luke 22:9	[false]
Luke 22:10	[true,true]
Luke 22:11	[]
Luke 22:12	[true]
Luke 22:13	[]
Luke 22:14	[]
Luke 22:15	[true]
Luke 22:16	[true]
Luke 22:17	[false]
Luke 22:18	[true]
Luke 22:19	[true]
Luke 22:20	[true]
Luke 22:21	[]
Luke 22:22	[]
Luke 22:23	[]
Luke 22:24	[]
Luke 22:25	[]
Luke 22:26	[true,true]
Luke 22:27	[false]
Luke 22:28	[true]
Luke 22:29	[true]
Luke 22:30	[true]
Luke 22:31	[true]
Luke 22:32	[false,false,false,false]
Luke 22:33	[false]
Luke 22:34	[false,false,false]
Luke 22:35	[true,true]
Luke 22:36	[]
Luke 22:37	[true]
Luke 22:38	[]
Luke 22:39	[]
Luke 22:40	[false]
Luke 22:41	[]
Luke 22:42	[false,false]
Luke 22:43	[]
Luke 22:44	[]
Luke 22:45	[]
Luke 22:46	[true,true]
Luke 22:47	[]
Luke 22:48	[false]
Luke 22:49	[]
Luke 22:50	[]
Luke 22:51	[]
Luke 22:52	[true,true]
Luke 22:53	[true,true,true]
Luke 22:54	[]
Luke 22:55	[]
Luke 22:56	[]
Luke 22:57	[]
Luke 22:58	[false]
Luke 22:59	[]
Luke 22:60	[false]
Luke 22:61	[false]
Luke 22:62	[]
Luke 22:63	[]
Luke 22:64	[false]
Luke 22:65	[]
Luke 22:66	[]
Luke 22:67	[false,true,true]
Luke 22:68	[true,true]
Luke 22:69	[]
Luke 22:70	[false,true]
Luke 22:71	[]
Luke 23:1	[]
Luke 23:2	[]
Luke 23:3	[false,false]
Luke 23:4	[]
Luke 23:5	[]
Luke 23:6	[]
Luke 23:7	[]
Luke 23:8	[]
Luke 23:9	[]
Luke 23:10	[]
Luke 23:11	[]
Luke 23:12	[]
Luke 23:13	[]
Luke 23:14	[true,true,true]
Luke 23:15	[false]
Luke 23:16	[]
Luke 23:17	[]
Luke 23:18	[]
Luke 23:19	[]
Luke 23:20	[]
Luke 23:21	[]
Luke 23:22	[]
Luke 23:23	[]
Luke 23:24	[]
Luke 23:25	[]
Luke 23:26	[]
Luke 23:27	[]
Luke 23:28	[true,true]
Luke 23:29	[]
Luke 23:30	[]
Luke 23:31	[]
Luke 23:32	[]
Luke 23:33	[]
Luke 23:34	[]
Luke 23:35	[]
Luke 23:36	[]
Luke 23:37	[false,false]
Luke 23:38	[]
Luke 23:39	[false,false]
Luke 23:40	[false,false]
Luke 23:41	[]
Luke 23:42	[false,false]
Luke 23:43	[false,false]
Luke 23:44	[]
Luke 23:45	[]
Luke 23:46	[false]
Luke 23:47	[]
Luke 23:48	[]
Luke 23:49	[]
Luke 23:50	[]
Luke 23:51	[]
Luke 23:52	[]
Luke 23:53	[]
Luke 23:54	[]
Luke 23:55	[]
Luke 23:56	[]
Luke 24:1	[]
Luke 24:2	[]
Luke 24:3	[]
Luke 24:4	[]
Luke 24:5	[true]
Luke 24:6	[true]
Luke 24:7	[]
Luke 24:8	[]
Luke 24:9	[]
Luke 24:10	[]
Luke 24:11	[]
Luke 24:12	[]
Luke 24:13	[]
Luke 24:14	[]
Luke 24:15	[]
Luke 24:16	[]
Luke 24:17	[true,true]
Luke 24:18	[false]
Luke 24:19	[]
Luke 24:20	[]
Luke 24:21	[]
Luke 24:22	[]
Luke 24:23	[]
Luke 24:24	[]
Luke 24:25	[]
Luke 24:26	[]
Luke 24:27	[]
Luke 24:28	[]
Luke 24:29	[]
Luke 24:30	[]
Luke 24:31	[]
Luke 24:32	[]
Luke 24:33	[]
Luke 24:34	[]
Luke 24:35	[]
Luke 24:36	[true]
Luke 24:37	[]
Luke 24:38	[true,true]
Luke 24:39	[true]
Luke 24:40	[]
Luke 24:41	[true]
Luke 24:42	[]
Luke 24:43	[]
Luke 24:44	[true,true]
Luke 24:45	[]
Luke 24:46	[]
Luke 24:47	[]
Luke 24:48	[true]
Luke 24:49	[true,true]
Luke 24:50	[]
Luke 24:51	[]
Luke 24:52	[]
Luke 24:53	[]
John 1:1	[]
John 1:2	[]
John 1:3	[]
John 1:4	[]
John 1:5	[]
John 1:6	[]
John 1:7	[]
John 1:8	[]
John 1:9	[]
John 1:10	[]
John 1:11	[]
John 1:12	[]
John 1:13	[]
John 1:14	[]
John 1:15	[]
John 1:16	[]
John 1:17	[]
John 1:18	[]
John 1:19	[false]
John 1:20	[]
John 1:21	[false,false,false]
John 1:22	[false,false,false]
John 1:23	[]
John 1:24	[]
John 1:25	[false,false]
John 1:26	[true,true]
John 1:27	[]
John 1:28	[]
John 1:29	[]
John 1:30	[]
John 1:31	[]
John 1:32	[]
John 1:33	[false]
John 1:34	[]
John 1:35	[]
John 1:36	[]
John 1:37	[]
John 1:38	[true,false]
John 1:39	[]
John 1:40	[]
John 1:41	[]
John 1:42	[false,false]
John 1:43	[]
John 1:44	[]
John 1:45	[]
John 1:46	[]
John 1:47	[]
John 1:48	[false,false,false]
John 1:49	[false,false]
John 1:50	[false,false,false,false]
John 1:51	[true,true]
John 2:1	[]
John 2:2	[]
John 2:3	[]
John 2:4	[false]
John 2:5	[true]
John 2:6	[]
John 2:7	[]
John 2:8	[]
John 2:9	[]
John 2:10	[false]
John 2:11	[]
John 2:12	[]
John 2:13	[]
John 2:14	[]
John 2:15	[]
John 2:16	[false]
John 2:17	[false]
John 2:18	[false,false]
John 2:19	[]
John 2:20	[false]
John 2:21	[]
John 2:22	[]
John 2:23	[]
John 2:24	[]
John 2:25	[]
John 3:1	[]
John 3:2	[false,false]
John 3:3	[false]
John 3:4	[]
John 3:5	[false]
John 3:6	[]
John 3:7	[true]
John 3:8	[false,false]
John 3:9	[]
John 3:10	[false,false]
John 3:11	[false,true]
John 3:12	[true,true,true,true]
John 3:13	[]
John 3:14	[]
John 3:15	[]
John 3:16	[]
John 3:17	[]
John 3:18	[]
John 3:19	[]
John 3:20	[]
John 3:21	[]
John 3:22	[]
John 3:23	[]
John 3:24	[]
John 3:25	[]
John 3:26	[false,false]
John 3:27	[]
John 3:28	[true,true]
John 3:29	[]
John 3:30	[]
John 3:31	[]
John 3:32	[]
John 3:33	[]
John 3:34	[]
John 3:35	[]
John 3:36	[]
John 4:1	[]
John 4:2	[]
John 4:3	[]
John 4:4	[]
John 4:5	[]
John 4:6	[]
John 4:7	[]
John 4:8	[]
John 4:9	[false,false]
John 4:10	[false,false,false,false]
John 4:11	[false,false]
John 4:12	[false]
John 4:13	[]
John 4:14	[]
John 4:15	[]
John 4:16	[false]
John 4:17	[false,false]
John 4:18	[false,false,false,false]
John 4:19	[false]
John 4:20	[true]
John 4:21	[true]
John 4:22	[true,true]
John 4:23	[]
John 4:24	[]
John 4:25	[]
John 4:26	[false]
John 4:27	[false,false]
John 4:28	[]
John 4:29	[]
John 4:30	[]
John 4:31	[]
John 4:32	[true]
John 4:33	[]
John 4:34	[]
John 4:35	[true,true,true]
John 4:36	[]
John 4:37	[]
John 4:38	[true,true,true]
John 4:39	[]
John 4:40	[]
John 4:41	[]
John 4:42	[false]
John 4:43	[]
John 4:44	[]
John 4:45	[]
John 4:46	[]
John 4:47	[]
John 4:48	[true,true]
John 4:49	[]
John 4:50	[false]
John 4:51	[]
John 4:52	[]
John 4:53	[false]
John 4:54	[]
John 5:1	[]
John 5:2	[]
John 5:3	[]
John 5:4	[]
John 5:5	[]
John 5:6	[false]
John 5:7	[]
John 5:8	[false]
John 5:9	[]
John 5:10	[false,false]
John 5:11	[false]
John 5:12	[false]
John 5:13	[]
John 5:14	[false,false]
John 5:15	[]
John 5:16	[]
John 5:17	[]
John 5:18	[]
John 5:19	[true]
John 5:20	[true]
John 5:21	[]
John 5:22	[]
John 5:23	[]
John 5:24	[true]
John 5:25	[true]
John 5:26	[]
John 5:27	[]
John 5:28	[]
John 5:29	[]
John 5:30	[]
John 5:31	[]
John 5:32	[]
John 5:33	[true]
John 5:34	[true]
John 5:35	[true]
John 5:36	[]
John 5:37	[true]
John 5:38	[true,true]
John 5:39	[true,true,true]
John 5:40	[true]
John 5:41	[]
John 5:42	[true,true,true]
John 5:43	[true,true]
John 5:44	[true,true]
John 5:45	[true,true,true,true]
John 5:46	[true,true]
John 5:47	[true,true]
John 6:1	[]
John 6:2	[]
John 6:3	[]
John 6:4	[]
John 6:5	[]
John 6:6	[]
John 6:7	[]
John 6:8	[]
John 6:9	[]
John 6:10	[]
John 6:11	[]
John 6:12	[]
John 6:13	[]
John 6:14	[]
John 6:15	[]
John 6:16	[]
John 6:17	[]
John 6:18	[]
John 6:19	[]
John 6:20	[]
John 6:21	[]
John 6:22	[]
John 6:23	[]
John 6:24	[]
John 6:25	[false]
John 6:26	[true,true,true,true,true]
John 6:27	[true]
John 6:28	[]
John 6:29	[]
John 6:30	[false,false,false]
John 6:31	[]
John 6:32	[true,true,true]
John 6:33	[]
John 6:34	[]
John 6:35	[]
John 6:36	[true,true]
John 6:37	[]
John 6:38	[]
John 6:39	[]
John 6:40	[]
John 6:41	[]
John 6:42	[]
John 6:43	[false]
John 6:44	[]
John 6:45	[]
John 6:46	[]
John 6:47	[true]
John 6:48	[]
John 6:49	[true]
John 6:50	[]
John 6:51	[]
John 6:52	[]
John 6:53	[true,true,true,true]
John 6:54	[]
John 6:55	[]
John 6:56	[]
John 6:57	[]
John 6:58	[false]
John 6:59	[]
John 6:60	[]
John 6:61	[true]
John 6:62	[true]
John 6:63	[true]
John 6:64	[true]
John 6:65	[true]
John 6:66	[]
John 6:67	[true]
John 6:68	[false]
John 6:69	[false]
John 6:70	[true,true]
John 6:71	[]
John 7:1	[]
John 7:2	[]
John 7:3	[false,false]
John 7:4	[false,false]
John 7:5	[]
John 7:6	[true]
John 7:7	[true]
John 7:8	[true]
John 7:9	[]
John 7:10	[]
John 7:11	[]
John 7:12	[]
John 7:13	[]
John 7:14	[]
John 7:15	[]
John 7:16	[]
John 7:17	[]
John 7:18	[]
John 7:19	[true,true,true]
John 7:20	[false,false]
John 7:21	[true]
John 7:22	[true,true]
John 7:23	[true]
John 7:24	[]
John 7:25	[]
John 7:26	[]
John 7:27	[]
John 7:28	[true,true,true]
John 7:29	[]
John 7:30	[]
John 7:31	[]
John 7:32	[]
John 7:33	[true]
John 7:34	[true,true,true]
John 7:35	[]
John 7:36	[true,true,true]
John 7:37	[]
John 7:38	[]
John 7:39	[]
John 7:40	[]
John 7:41	[]
John 7:42	[]
John 7:43	[]
John 7:44	[]
John 7:45	[true]
John 7:46	[]
John 7:47	[true]
John 7:48	[]
John 7:49	[]
John 7:50	[]
John 7:51	[]
John 7:52	[false,false]
John 7:53	[]
John 8:1	[]
John 8:2	[]
John 8:3	[]
John 8:4	[]
John 8:5	[false]
John 8:6	[]
John 8:7	[true]
John 8:8	[]
John 8:9	[]
John 8:10	[false,false]
John 8:11	[false]
John 8:12	[]
John 8:13	[false,false,false]
John 8:14	[true]
John 8:15	[true]
John 8:16	[]
John 8:17	[true]
John 8:18	[]
John 8:19	[false,true,true,true]
John 8:20	[]
John 8:21	[true,true,true,true]
John 8:22	[true]
John 8:23	[true,true]
John 8:24	[true,true,true,true,true,true]
John 8:25	[false,true]
John 8:26	[true]
John 8:27	[]
John 8:28	[true,true]
John 8:29	[]
John 8:30	[]
John 8:31	[true,true]
John 8:32	[true,true]
John 8:33	[false]
John 8:34	[true]
John 8:35	[]
John 8:36	[true,true]
John 8:37	[true,true,true]
John 8:38	[true,true,true]
John 8:39	[true,true]
John 8:40	[true,true]
John 8:41	[true,true]
John 8:42	[true,true]
John 8:43	[true,true]
John 8:44	[true,true,true]
John 8:45	[true]
John 8:46	[true,true]
John 8:47	[true,true]
John 8:48	[false,false]
John 8:49	[true]
John 8:50	[]
John 8:51	[true]
John 8:52	[false,false,false]
John 8:53	[false,false]
John 8:54	[true]
John 8:55	[true,true]
John 8:56	[true]
John 8:57	[false,false]
John 8:58	[true]
John 8:59	[]
John 9:1	[]
John 9:2	[]
John 9:3	[]
John 9:4	[]
John 9:5	[]
John 9:6	[]
John 9:7	[]
John 9:8	[]
John 9:9	[]
John 9:10	[false]
John 9:11	[]
John 9:12	[]
John 9:13	[]
John 9:14	[]
John 9:15	[]
John 9:16	[]
John 9:17	[false,false]
John 9:18	[]
John 9:19	[true,true]
John 9:20	[]
John 9:21	[]
John 9:22	[]
John 9:23	[]
John 9:24	[]
John 9:25	[]
John 9:26	[false,false]
John 9:27	[true,true,true,true]
John 9:28	[false]
John 9:29	[]
John 9:30	[true]
John 9:31	[]
John 9:32	[]
John 9:33	[]
John 9:34	[false,false]
John 9:35	[false]
John 9:36	[]
John 9:37	[false,false]
John 9:38	[]
John 9:39	[]
John 9:40	[]
John 9:41	[true,true,true,true,true]
John 10:1	[true]
John 10:2	[]
John 10:3	[]
John 10:4	[]
John 10:5	[]
John 10:6	[]
John 10:7	[true]
John 10:8	[]
John 10:9	[]
John 10:10	[]
John 10:11	[]
John 10:12	[]
John 10:13	[]
John 10:14	[]
John 10:15	[]
John 10:16	[]
John 10:17	[]
John 10:18	[]
John 10:19	[]
John 10:20	[true]
John 10:21	[]
John 10:22	[]
John 10:23	[]
John 10:24	[false,false]
John 10:25	[true,true]
John 10:26	[true,true]
John 10:27	[]
John 10:28	[]
John 10:29	[]
John 10:30	[]
John 10:31	[]
John 10:32	[true,true]
John 10:33	[false,false,false]
John 10:34	[true,true]
John 10:35	[]
John 10:36	[true]
John 10:37	[]
John 10:38	[true,true]
John 10:39	[]
John 10:40	[]
John 10:41	[]
John 10:42	[]
John 11:1	[]
John 11:2	[]
John 11:3	[false]
John 11:4	[]
John 11:5	[]
John 11:6	[]
John 11:7	[]
John 11:8	[false,false]
John 11:9	[]
John 11:10	[]
John 11:11	[]
John 11:12	[]
John 11:13	[]
John 11:14	[]
John 11:15	[true,true]
John 11:16	[]
John 11:17	[]
John 11:18	[]
John 11:19	[]
John 11:20	[]
John 11:21	[false]
John 11:22	[false,false]
John 11:23	[false]
John 11:24	[]
John 11:25	[]
John 11:26	[false]
John 11:27	[false]
John 11:28	[false]
John 11:29	[]
John 11:30	[]
John 11:31	[]
John 11:32	[false]
John 11:33	[]
John 11:34	[true]
John 11:35	[]
John 11:36	[]
John 11:37	[]
John 11:38	[]
John 11:39	[]
John 11:40	[false,false,false]
John 11:41	[false,false]
John 11:42	[false,false]
John 11:43	[]
John 11:44	[]
John 11:45	[]
John 11:46	[]
John 11:47	[]
John 11:48	[]
John 11:49	[true]
John 11:50	[true,true]
John 11:51	[]
John 11:52	[]
John 11:53	[]
John 11:54	[]
John 11:55	[]
John 11:56	[false]
John 11:57	[]
John 12:1	[]
John 12:2	[]
John 12:3	[]
John 12:4	[]
John 12:5	[]
John 12:6	[]
John 12:7	[]
John 12:8	[true,true,true]
John 12:9	[]
John 12:10	[]
John 12:11	[]
John 12:12	[]
John 12:13	[]
John 12:14	[]
John 12:15	[false]
John 12:16	[]
John 12:17	[]
John 12:18	[]
John 12:19	[true,true]
John 12:20	[]
John 12:21	[]
John 12:22	[]
John 12:23	[]
John 12:24	[true]
John 12:25	[]
John 12:26	[]
John 12:27	[]
John 12:28	[false]
John 12:29	[]
John 12:30	[true]
John 12:31	[]
John 12:32	[]
John 12:33	[]
John 12:34	[false]
John 12:35	[true,true,true]
John 12:36	[true,true]
John 12:37	[]
John 12:38	[]
John 12:39	[]
John 12:40	[]
John 12:41	[]
John 12:42	[]
John 12:43	[]
John 12:44	[]
John 12:45	[]
John 12:46	[]
John 12:47	[]
John 12:48	[]
John 12:49	[]
John 12:50	[]
John 13:1	[]
John 13:2	[]
John 13:3	[]
John 13:4	[]
John 13:5	[]
John 13:6	[false]
John 13:7	[false,false]
John 13:8	[false,false,false]
John 13:9	[]
John 13:10	[true,true]
John 13:11	[true]
John 13:12	[true,true]
John 13:13	[true]
John 13:14	[true,true,true]
John 13:15	[true,true,true]
John 13:16	[true]
John 13:17	[true,true,true]
John 13:18	[true]
John 13:19	[true,true]
John 13:20	[true]
John 13:21	[true,true]
John 13:22	[]
John 13:23	[]
John 13:24	[]
John 13:25	[]
John 13:26	[]
John 13:27	[false]
John 13:28	[]
John 13:29	[]
John 13:30	[]
John 13:31	[]
John 13:32	[]
John 13:33	[true,true,true,true]
John 13:34	[true,true,true]
John 13:35	[true,true]
John 13:36	[false,false,false]
John 13:37	[false,false]
John 13:38	[false,false,false,false]
John 14:1	[true,true]
John 14:2	[true,true]
John 14:3	[true,true,true]
John 14:4	[true]
John 14:5	[false]
John 14:6	[]
John 14:7	[true,true,true]
John 14:8	[]
John 14:9	[true,false,false]
John 14:10	[false,true]
John 14:11	[]
John 14:12	[true]
John 14:13	[true]
John 14:14	[true]
John 14:15	[true,true]
John 14:16	[true,true]
John 14:17	[true,true,true]
John 14:18	[true,true]
John 14:19	[true,true]
John 14:20	[true,true,true]
John 14:21	[]
John 14:22	[false,false]
John 14:23	[]
John 14:24	[true]
John 14:25	[true,true]
John 14:26	[true,true,true]
John 14:27	[true,true,true,true]
John 14:28	[true,true,true,true]
John 14:29	[true,true]
John 14:30	[true]
John 14:31	[]
John 15:1	[]
John 15:2	[]
John 15:3	[true,true]
John 15:4	[true,true,true]
John 15:5	[true,true]
John 15:6	[]
John 15:7	[true,true,true,true]
John 15:8	[true,true]
John 15:9	[true]
John 15:10	[true,true]
John 15:11	[true,true,true]
John 15:12	[true,true]
John 15:13	[]
John 15:14	[true,true,true]
John 15:15	[true,true,true]
John 15:16	[true,true,true,true,true]
John 15:17	[true]
John 15:18	[true]
John 15:19	[true,true,true,true,true]
John 15:20	[true,true,true]
John 15:21	[true]
John 15:22	[]
John 15:23	[]
John 15:24	[]
John 15:25	[]
John 15:26	[true]
John 15:27	[true,true]
John 16:1	[true,true]
John 16:2	[true,true]
John 16:3	[]
John 16:4	[true,true,true,true,true]
John 16:5	[true,false]
John 16:6	[true,true]
John 16:7	[true,true,true,true]
John 16:8	[]
John 16:9	[]
John 16:10	[true]
John 16:11	[]
John 16:12	[true,true]
John 16:13	[true,true]
John 16:14	[true]
John 16:15	[true]
John 16:16	[true,true]
John 16:17	[true,true]
John 16:18	[]
John 16:19	[true,true,true]
John 16:20	[true,true,true,true]
John 16:21	[]
John 16:22	[true,true,true,true]
John 16:23	[true,true,true,true]
John 16:24	[true,true,true]
John 16:25	[true,true,true]
John 16:26	[true,true]
John 16:27	[true,true]
John 16:28	[]
John 16:29	[false]
John 16:30	[false,false,false,false]
John 16:31	[true]
John 16:32	[true,true]
John 16:33	[true,true,true]
John 17:1	[false,false,false]
John 17:2	[false,false]
John 17:3	[false,false]
John 17:4	[false,false]
John 17:5	[false,false]
John 17:6	[false,false,false,false,false]
John 17:7	[false,false]
John 17:8	[false,false,false]
John 17:9	[false,false]
John 17:10	[true,true]
John 17:11	[false,false,false]
John 17:12	[false,false]
John 17:13	[false]
John 17:14	[false]
John 17:15	[false,false]
John 17:16	[]
John 17:17	[false]
John 17:18	[false]
John 17:19	[]
John 17:20	[]
John 17:21	[false,false,false]
John 17:22	[false]
John 17:23	[false,false,false]
John 17:24	[false,false,false]
John 17:25	[false,false,false]
John 17:26	[false,false]
John 18:1	[]
John 18:2	[]
John 18:3	[]
John 18:4	[true]
John 18:5	[]
John 18:6	[]
John 18:7	[true]
John 18:8	[true,true]
John 18:9	[false]
John 18:10	[]
John 18:11	[false]
John 18:12	[]
John 18:13	[]
John 18:14	[]
John 18:15	[]
John 18:16	[]
John 18:17	[false]
John 18:18	[]
John 18:19	[]
John 18:20	[]
John 18:21	[false]
John 18:22	[false]
John 18:23	[false]
John 18:24	[]
John 18:25	[false]
John 18:26	[false]
John 18:27	[]
John 18:28	[]
John 18:29	[true]
John 18:30	[false]
John 18:31	[true,true]
John 18:32	[]
John 18:33	[false]
John 18:34	[false,false,false]
John 18:35	[false,false,false]
John 18:36	[]
John 18:37	[false,false]
John 18:38	[]
John 18:39	[true,true,true,true]
John 18:40	[]
John 19:1	[]
John 19:2	[]
John 19:3	[]
John 19:4	[true,true]
John 19:5	[]
John 19:6	[true]
John 19:7	[]
John 19:8	[]
John 19:9	[false]
John 19:10	[false,false,false,false]
John 19:11	[false,false,false]
John 19:12	[false,false]
John 19:13	[]
John 19:14	[true]
John 19:15	[true]
John 19:16	[]
John 19:17	[]
John 19:18	[]
John 19:19	[]
John 19:20	[]
John 19:21	[]
John 19:22	[]
John 19:23	[]
John 19:24	[]
John 19:25	[]
John 19:26	[false]
John 19:27	[false]
John 19:28	[]
John 19:29	[]
John 19:30	[]
John 19:31	[]
John 19:32	[]
John 19:33	[]
John 19:34	[]
John 19:35	[true]
John 19:36	[]
John 19:37	[]
John 19:38	[]
John 19:39	[]
John 19:40	[]
John 19:41	[]
John 19:42	[]
John 20:1	[]
John 20:2	[]
John 20:3	[]
John 20:4	[]
John 20:5	[]
John 20:6	[]
John 20:7	[]
John 20:8	[]
John 20:9	[]
John 20:10	[]
John 20:11	[]
John 20:12	[]
John 20:13	[false]
John 20:14	[]
John 20:15	[false,false,false,false]
John 20:16	[]
John 20:17	[true,true]
John 20:18	[]
John 20:19	[true]
John 20:20	[]
John 20:21	[true,true]
John 20:22	[]
John 20:23	[true,true]
John 20:24	[]
John 20:25	[]
John 20:26	[true]
John 20:27	[false,false]
John 20:28	[]
John 20:29	[false,false]
John 20:30	[]
John 20:31	[true,true]
John 21:1	[]
John 21:2	[]
John 21:3	[false]
John 21:4	[]
John 21:5	[true]
John 21:6	[true]
John 21:7	[]
John 21:8	[]
John 21:9	[]
John 21:10	[true]
John 21:11	[]
John 21:12	[false]
John 21:13	[]
John 21:14	[]
John 21:15	[false,false,false]
John 21:16	[false,false,false]
John 21:17	[false,false,false,false,false]
John 21:18	[false,false,false,false,false,false,false,false,false,false,false]
John 21:19	[]
John 21:20	[false]
John 21:21	[]
John 21:22	[false,false]
John 21:23	[false]
John 21:24	[]
John 21:25	[]
Acts 1:1	[]
Acts 1:2	[]
Acts 1:3	[]
Acts 1:4	[true]
Acts 1:5	[true]
Acts 1:6	[false]
Acts 1:7	[true]
Acts 1:8	[true,true,true]
Acts 1:9	[]
Acts 1:10	[]
Acts 1:11	[true,true,true]
Acts 1:12	[]
Acts 1:13	[]
Acts 1:14	[]
Acts 1:15	[]
Acts 1:16	[]
Acts 1:17	[]
Acts 1:18	[]
Acts 1:19	[]
Acts 1:20	[]
Acts 1:21	[]
Acts 1:22	[]
Acts 1:23	[]
Acts 1:24	[false,false]
Acts 1:25	[]
Acts 1:26	[]
Acts 2:1	[]
Acts 2:2	[]
Acts 2:3	[]
Acts 2:4	[]
Acts 2:5	[]
Acts 2:6	[]
Acts 2:7	[]
Acts 2:8	[]
Acts 2:9	[]
Acts 2:10	[]
Acts 2:11	[]
Acts 2:12	[]
Acts 2:13	[]
Acts 2:14	[true]
Acts 2:15	[true]
Acts 2:16	[]
Acts 2:17	[true,true,true]
Acts 2:18	[]
Acts 2:19	[]
Acts 2:20	[]
Acts 2:21	[]
Acts 2:22	[true,true,true,true]
Acts 2:23	[false]
Acts 2:24	[]
Acts 2:25	[]
Acts 2:26	[]
Acts 2:27	[false,false,false]
Acts 2:28	[false,false,false]
Acts 2:29	[true]
Acts 2:30	[]
Acts 2:31	[]
Acts 2:32	[]
Acts 2:33	[true]
Acts 2:34	[]
Acts 2:35	[false,false]
Acts 2:36	[true]
Acts 2:37	[]
Acts 2:38	[true,true,true]
Acts 2:39	[true,true]
Acts 2:40	[]
Acts 2:41	[]
Acts 2:42	[]
Acts 2:43	[]
Acts 2:44	[]
Acts 2:45	[]
Acts 2:46	[]
Acts 2:47	[]
Acts 3:1	[]
Acts 3:2	[]
Acts 3:3	[]
Acts 3:4	[]
Acts 3:5	[]
Acts 3:6	[false]
Acts 3:7	[]
Acts 3:8	[]
Acts 3:9	[]
Acts 3:10	[]
Acts 3:11	[]
Acts 3:12	[true,true]
Acts 3:13	[true]
Acts 3:14	[true,true]
Acts 3:15	[true]
Acts 3:16	[true,true]
Acts 3:17	[true,true]
Acts 3:18	[]
Acts 3:19	[true]
Acts 3:20	[true]
Acts 3:21	[]
Acts 3:22	[true,true,true,true,true]
Acts 3:23	[]
Acts 3:24	[]
Acts 3:25	[true,true,false]
Acts 3:26	[true,true,true,true]
Acts 4:1	[]
Acts 4:2	[]
Acts 4:3	[]
Acts 4:4	[]
Acts 4:5	[]
Acts 4:6	[]
Acts 4:7	[true]
Acts 4:8	[]
Acts 4:9	[]
Acts 4:10	[true,true,true]
Acts 4:11	[true]
Acts 4:12	[]
Acts 4:13	[]
Acts 4:14	[]
Acts 4:15	[]
Acts 4:16	[]
Acts 4:17	[]
Acts 4:18	[]
Acts 4:19	[true,true]
Acts 4:20	[]
Acts 4:21	[]
Acts 4:22	[]
Acts 4:23	[]
Acts 4:24	[false]
Acts 4:25	[false,false]
Acts 4:26	[]
Acts 4:27	[false,false]
Acts 4:28	[false]
Acts 4:29	[false,false]
Acts 4:30	[false,false,false]
Acts 4:31	[]
Acts 4:32	[]
Acts 4:33	[]
Acts 4:34	[]
Acts 4:35	[]
Acts 4:36	[]
Acts 4:37	[]
Acts 5:1	[]
Acts 5:2	[]
Acts 5:3	[false]
Acts 5:4	[false,false,false,false,false]
Acts 5:5	[]
Acts 5:6	[]
Acts 5:7	[]
Acts 5:8	[true,true]
Acts 5:9	[true,false,false]
Acts 5:10	[]
Acts 5:11	[]
Acts 5:12	[]
Acts 5:13	[]
Acts 5:14	[]
Acts 5:15	[]
Acts 5:16	[]
Acts 5:17	[]
Acts 5:18	[]
Acts 5:19	[]
Acts 5:20	[]
Acts 5:21	[]
Acts 5:22	[]
Acts 5:23	[]
Acts 5:24	[]
Acts 5:25	[true]
Acts 5:26	[]
Acts 5:27	[]
Acts 5:28	[true,true,true]
Acts 5:29	[]
Acts 5:30	[true]
Acts 5:31	[]
Acts 5:32	[]
Acts 5:33	[]
Acts 5:34	[]
Acts 5:35	[true]
Acts 5:36	[]
Acts 5:37	[]
Acts 5:38	[true]
Acts 5:39	[true,true,true]
Acts 5:40	[]
Acts 5:41	[]
Acts 5:42	[]
Acts 6:1	[]
Acts 6:2	[]
Acts 6:3	[true]
Acts 6:4	[]
Acts 6:5	[]
Acts 6:6	[]
Acts 6:7	[]
Acts 6:8	[]
Acts 6:9	[]
Acts 6:10	[]
Acts 6:11	[]
Acts 6:12	[]
Acts 6:13	[]
Acts 6:14	[]
Acts 6:15	[]
Acts 7:1	[]
Acts 7:2	[]
Acts 7:3	[false,false,false]
Acts 7:4	[true]
Acts 7:5	[]
Acts 7:6	[]
Acts 7:7	[]
Acts 7:8	[]
Acts 7:9	[]
Acts 7:10	[]
Acts 7:11	[]
Acts 7:12	[]
Acts 7:13	[]
Acts 7:14	[]
Acts 7:15	[]
Acts 7:16	[]
Acts 7:17	[]
Acts 7:18	[]
Acts 7:19	[]
Acts 7:20	[]
Acts 7:21	[]
Acts 7:22	[]
Acts 7:23	[]
Acts 7:24	[]
Acts 7:25	[]
Acts 7:26	[true,true]
Acts 7:27	[false]
Acts 7:28	[false,false]
Acts 7:29	[]
Acts 7:30	[]
Acts 7:31	[]
Acts 7:32	[false]
Acts 7:33	[false,false]
Acts 7:34	[false]
Acts 7:35	[false]
Acts 7:36	[]
Acts 7:37	[true,true]
Acts 7:38	[]
Acts 7:39	[]
Acts 7:40	[]
Acts 7:41	[]
Acts 7:42	[true]
Acts 7:43	[true,true,true,true]
Acts 7:44	[]
Acts 7:45	[]
Acts 7:46	[]
Acts 7:47	[]
Acts 7:48	[]
Acts 7:49	[true]
Acts 7:50	[]
Acts 7:51	[true,true,true]
Acts 7:52	[true,true]
Acts 7:53	[false]
Acts 7:54	[]
Acts 7:55	[]
Acts 7:56	[]
Acts 7:57	[]
Acts 7:58	[]
Acts 7:59	[]
Acts 7:60	[]
Acts 8:1	[]
Acts 8:2	[]
Acts 8:3	[]
Acts 8:4	[]
Acts 8:5	[]
Acts 8:6	[]
Acts 8:7	[]
Acts 8:8	[]
Acts 8:9	[]
Acts 8:10	[]
Acts 8:11	[]
Acts 8:12	[]
Acts 8:13	[]
Acts 8:14	[]
Acts 8:15	[]
Acts 8:16	[]
Acts 8:17	[]
Acts 8:18	[]
Acts 8:19	[]
Acts 8:20	[false,false,false,false]
Acts 8:21	[false,false]
Acts 8:22	[false,false,false]
Acts 8:23	[false]
Acts 8:24	[true]
Acts 8:25	[]
Acts 8:26	[]
Acts 8:27	[]
Acts 8:28	[]
Acts 8:29	[]
Acts 8:30	[false,false]
Acts 8:31	[]
Acts 8:32	[]
Acts 8:33	[]
Acts 8:34	[]
Acts 8:35	[]
Acts 8:36	[]
Acts 8:37	[]
Acts 8:38	[]
Acts 8:39	[]
Acts 8:40	[]
Acts 9:1	[]
Acts 9:2	[]
Acts 9:3	[]
Acts 9:4	[false]
Acts 9:5	[false,false]
Acts 9:6	[false,false]
Acts 9:7	[]
Acts 9:8	[]
Acts 9:9	[]
Acts 9:10	[]
Acts 9:11	[]
Acts 9:12	[]
Acts 9:13	[false]
Acts 9:14	[false]
Acts 9:15	[]
Acts 9:16	[]
Acts 9:17	[false,false,false]
Acts 9:18	[]
Acts 9:19	[]
Acts 9:20	[]
Acts 9:21	[]
Acts 9:22	[]
Acts 9:23	[]
Acts 9:24	[]
Acts 9:25	[]
Acts 9:26	[]
Acts 9:27	[]
Acts 9:28	[]
Acts 9:29	[]
Acts 9:30	[]
Acts 9:31	[]
Acts 9:32	[]
Acts 9:33	[]
Acts 9:34	[false,false]
Acts 9:35	[]
Acts 9:36	[]
Acts 9:37	[]
Acts 9:38	[]
Acts 9:39	[]
Acts 9:40	[]
Acts 9:41	[]
Acts 9:42	[]
Acts 9:43	[]
Acts 10:1	[]
Acts 10:2	[]
Acts 10:3	[]
Acts 10:4	[false]
Acts 10:5	[]
Acts 10:6	[]
Acts 10:7	[]
Acts 10:8	[]
Acts 10:9	[]
Acts 10:10	[]
Acts 10:11	[]
Acts 10:12	[]
Acts 10:13	[]
Acts 10:14	[]
Acts 10:15	[]
Acts 10:16	[]
Acts 10:17	[]
Acts 10:18	[]
Acts 10:19	[false]
Acts 10:20	[]
Acts 10:21	[true,true]
Acts 10:22	[false,false]
Acts 10:23	[]
Acts 10:24	[]
Acts 10:25	[]
Acts 10:26	[]
Acts 10:27	[]
Acts 10:28	[true]
Acts 10:29	[true]
Acts 10:30	[]
Acts 10:31	[false,false]
Acts 10:32	[]
Acts 10:33	[false,false,false]
Acts 10:34	[]
Acts 10:35	[]
Acts 10:36	[]
Acts 10:37	[true,true]
Acts 10:38	[]
Acts 10:39	[]
Acts 10:40	[]
Acts 10:41	[]
Acts 10:42	[]
Acts 10:43	[]
Acts 10:44	[]
Acts 10:45	[]
Acts 10:46	[]
Acts 10:47	[]
Acts 10:48	[]
Acts 11:1	[]
Acts 11:2	[]
Acts 11:3	[false]
Acts 11:4	[]
Acts 11:5	[]
Acts 11:6	[]
Acts 11:7	[]
Acts 11:8	[]
Acts 11:9	[]
Acts 11:10	[]
Acts 11:11	[]
Acts 11:12	[]
Acts 11:13	[]
Acts 11:14	[false,false,false]
Acts 11:15	[]
Acts 11:16	[true]
Acts 11:17	[]
Acts 11:18	[]
Acts 11:19	[]
Acts 11:20	[]
Acts 11:21	[]
Acts 11:22	[]
Acts 11:23	[]
Acts 11:24	[]
Acts 11:25	[]
Acts 11:26	[]
Acts 11:27	[]
Acts 11:28	[]
Acts 11:29	[]
Acts 11:30	[]
Acts 12:1	[]
Acts 12:2	[]
Acts 12:3	[]
Acts 12:4	[]
Acts 12:5	[]
Acts 12:6	[]
Acts 12:7	[]
Acts 12:8	[false,false,false]
Acts 12:9	[]
Acts 12:10	[]
Acts 12:11	[]
Acts 12:12	[]
Acts 12:13	[]
Acts 12:14	[]
Acts 12:15	[false,false]
Acts 12:16	[]
Acts 12:17	[]
Acts 12:18	[]
Acts 12:19	[]
Acts 12:20	[]
Acts 12:21	[]
Acts 12:22	[]
Acts 12:23	[]
Acts 12:24	[]
Acts 12:25	[]
Acts 13:1	[]
Acts 13:2	[]
Acts 13:3	[]
Acts 13:4	[]
Acts 13:5	[]
Acts 13:6	[]
Acts 13:7	[]
Acts 13:8	[]
Acts 13:9	[]
Acts 13:10	[false,false]
Acts 13:11	[false,false]
Acts 13:12	[]
Acts 13:13	[]
Acts 13:14	[]
Acts 13:15	[false]
Acts 13:16	[false]
Acts 13:17	[]
Acts 13:18	[]
Acts 13:19	[]
Acts 13:20	[]
Acts 13:21	[]
Acts 13:22	[]
Acts 13:23	[]
Acts 13:24	[]
Acts 13:25	[true]
Acts 13:26	[true]
Acts 13:27	[]
Acts 13:28	[]
Acts 13:29	[]
Acts 13:30	[]
Acts 13:31	[]
Acts 13:32	[false]
Acts 13:33	[false,false]
Acts 13:34	[true]
Acts 13:35	[false,false]
Acts 13:36	[]
Acts 13:37	[]
Acts 13:38	[true,true]
Acts 13:39	[true]
Acts 13:40	[false]
Acts 13:41	[true,true,true,true]
Acts 13:42	[]
Acts 13:43	[]
Acts 13:44	[]
Acts 13:45	[]
Acts 13:46	[true,true,true]
Acts 13:47	[false]
Acts 13:48	[]
Acts 13:49	[]
Acts 13:50	[]
Acts 13:51	[]
Acts 13:52	[]
Acts 14:1	[]
Acts 14:2	[]
Acts 14:3	[]
Acts 14:4	[]
Acts 14:5	[]
Acts 14:6	[]
Acts 14:7	[]
Acts 14:8	[]
Acts 14:9	[]
Acts 14:10	[false]
Acts 14:11	[]
Acts 14:12	[]
Acts 14:13	[]
Acts 14:14	[]
Acts 14:15	[true,true,true,true]
Acts 14:16	[]
Acts 14:17	[true,true]
Acts 14:18	[]
Acts 14:19	[]
Acts 14:20	[]
Acts 14:21	[]
Acts 14:22	[]
Acts 14:23	[]
Acts 14:24	[]
Acts 14:25	[]
Acts 14:26	[]
Acts 14:27	[]
Acts 14:28	[]
Acts 15:1	[true,true]
Acts 15:2	[]
Acts 15:3	[]
Acts 15:4	[]
Acts 15:5	[]
Acts 15:6	[]
Acts 15:7	[true,true]
Acts 15:8	[]
Acts 15:9	[]
Acts 15:10	[true]
Acts 15:11	[]
Acts 15:12	[]
Acts 15:13	[]
Acts 15:14	[]
Acts 15:15	[]
Acts 15:16	[]
Acts 15:17	[]
Acts 15:18	[]
Acts 15:19	[]
Acts 15:20	[]
Acts 15:21	[]
Acts 15:22	[]
Acts 15:23	[true]
Acts 15:24	[true,true]
Acts 15:25	[true]
Acts 15:26	[]
Acts 15:27	[true]
Acts 15:28	[true]
Acts 15:29	[true,true]
Acts 15:30	[]
Acts 15:31	[]
Acts 15:32	[]
Acts 15:33	[]
Acts 15:34	[]
Acts 15:35	[]
Acts 15:36	[]
Acts 15:37	[]
Acts 15:38	[]
Acts 15:39	[]
Acts 15:40	[]
Acts 15:41	[]
Acts 16:1	[]
Acts 16:2	[]
Acts 16:3	[]
Acts 16:4	[]
Acts 16:5	[]
Acts 16:6	[]
Acts 16:7	[]
Acts 16:8	[]
Acts 16:9	[]
Acts 16:10	[]
Acts 16:11	[]
Acts 16:12	[]
Acts 16:13	[]
Acts 16:14	[]
Acts 16:15	[true]
Acts 16:16	[]
Acts 16:17	[true]
Acts 16:18	[false]
Acts 16:19	[]
Acts 16:20	[]
Acts 16:21	[]
Acts 16:22	[]
Acts 16:23	[]
Acts 16:24	[]
Acts 16:25	[]
Acts 16:26	[]
Acts 16:27	[]
Acts 16:28	[false]
Acts 16:29	[]
Acts 16:30	[]
Acts 16:31	[false,false,false]
Acts 16:32	[]
Acts 16:33	[]
Acts 16:34	[]
Acts 16:35	[]
Acts 16:36	[true,true,true]
Acts 16:37	[]
Acts 16:38	[]
Acts 16:39	[]
Acts 16:40	[]
Acts 17:1	[]
Acts 17:2	[]
Acts 17:3	[true]
Acts 17:4	[]
Acts 17:5	[]
Acts 17:6	[]
Acts 17:7	[]
Acts 17:8	[]
Acts 17:9	[]
Acts 17:10	[]
Acts 17:11	[]
Acts 17:12	[]
Acts 17:13	[]
Acts 17:14	[]
Acts 17:15	[]
Acts 17:16	[]
Acts 17:17	[]
Acts 17:18	[]
Acts 17:19	[false]
Acts 17:20	[false]
Acts 17:21	[]
Acts 17:22	[true]
Acts 17:23	[true,true,true]
Acts 17:24	[]
Acts 17:25	[]
Acts 17:26	[]
Acts 17:27	[]
Acts 17:28	[true]
Acts 17:29	[]
Acts 17:30	[]
Acts 17:31	[]
Acts 17:32	[false]
Acts 17:33	[]
Acts 17:34	[]
Acts 18:1	[]
Acts 18:2	[]
Acts 18:3	[]
Acts 18:4	[]
Acts 18:5	[]
Acts 18:6	[true,true]
Acts 18:7	[]
Acts 18:8	[]
Acts 18:9	[]
Acts 18:10	[false,false]
Acts 18:11	[]
Acts 18:12	[]
Acts 18:13	[]
Acts 18:14	[true]
Acts 18:15	[true,true]
Acts 18:16	[]
Acts 18:17	[]
Acts 18:18	[]
Acts 18:19	[]
Acts 18:20	[]
Acts 18:21	[true]
Acts 18:22	[]
Acts 18:23	[]
Acts 18:24	[]
Acts 18:25	[]
Acts 18:26	[]
Acts 18:27	[]
Acts 18:28	[]
Acts 19:1	[]
Acts 19:2	[true,true]
Acts 19:3	[true]
Acts 19:4	[]
Acts 19:5	[]
Acts 19:6	[]
Acts 19:7	[]
Acts 19:8	[]
Acts 19:9	[]
Acts 19:10	[]
Acts 19:11	[]
Acts 19:12	[]
Acts 19:13	[true]
Acts 19:14	[]
Acts 19:15	[true]
Acts 19:16	[]
Acts 19:17	[]
Acts 19:18	[]
Acts 19:19	[]
Acts 19:20	[]
Acts 19:21	[]
Acts 19:22	[]
Acts 19:23	[]
Acts 19:24	[]
Acts 19:25	[true]
Acts 19:26	[true]
Acts 19:27	[]
Acts 19:28	[]
Acts 19:29	[]
Acts 19:30	[]
Acts 19:31	[]
Acts 19:32	[]
Acts 19:33	[]
Acts 19:34	[]
Acts 19:35	[]
Acts 19:36	[true]
Acts 19:37	[true]
Acts 19:38	[]
Acts 19:39	[true]
Acts 19:40	[]
Acts 19:41	[]
Acts 20:1	[]
Acts 20:2	[]
Acts 20:3	[]
Acts 20:4	[]
Acts 20:5	[]
Acts 20:6	[]
Acts 20:7	[]
Acts 20:8	[]
Acts 20:9	[]
Acts 20:10	[]
Acts 20:11	[]
Acts 20:12	[]
Acts 20:13	[]
Acts 20:14	[]
Acts 20:15	[]
Acts 20:16	[]
Acts 20:17	[]
Acts 20:18	[true,true]
Acts 20:19	[]
Acts 20:20	[true,true]
Acts 20:21	[]
Acts 20:22	[]
Acts 20:23	[]
Acts 20:24	[]
Acts 20:25	[true]
Acts 20:26	[true]
Acts 20:27	[true]
Acts 20:28	[true,true]
Acts 20:29	[true]
Acts 20:30	[true]
Acts 20:31	[false]
Acts 20:32	[true,true,true]
Acts 20:33	[]
Acts 20:34	[false,false]
Acts 20:35	[true]
Acts 20:36	[]
Acts 20:37	[]
Acts 20:38	[]
Acts 21:1	[]
Acts 21:2	[]
Acts 21:3	[]
Acts 21:4	[]
Acts 21:5	[]
Acts 21:6	[]
Acts 21:7	[]
Acts 21:8	[]
Acts 21:9	[]
Acts 21:10	[]
Acts 21:11	[]
Acts 21:12	[]
Acts 21:13	[true]
Acts 21:14	[]
Acts 21:15	[]
Acts 21:16	[]
Acts 21:17	[]
Acts 21:18	[]
Acts 21:19	[]
Acts 21:20	[false]
Acts 21:21	[false]
Acts 21:22	[false]
Acts 21:23	[false]
Acts 21:24	[false,false,false]
Acts 21:25	[]
Acts 21:26	[]
Acts 21:27	[]
Acts 21:28	[]
Acts 21:29	[]
Acts 21:30	[]
Acts 21:31	[]
Acts 21:32	[]
Acts 21:33	[]
Acts 21:34	[]
Acts 21:35	[]
Acts 21:36	[]
Acts 21:37	[false,false]
Acts 21:38	[false]
Acts 21:39	[false]
Acts 21:40	[]
Acts 22:1	[true]
Acts 22:2	[]
Acts 22:3	[true]
Acts 22:4	[]
Acts 22:5	[]
Acts 22:6	[]
Acts 22:7	[false]
Acts 22:8	[false,false]
Acts 22:9	[]
Acts 22:10	[false,false]
Acts 22:11	[]
Acts 22:12	[]
Acts 22:13	[false]
Acts 22:14	[false]
Acts 22:15	[false,false]
Acts 22:16	[false,false]
Acts 22:17	[]
Acts 22:18	[false]
Acts 22:19	[false]
Acts 22:20	[false]
Acts 22:21	[false]
Acts 22:22	[]
Acts 22:23	[]
Acts 22:24	[]
Acts 22:25	[true]
Acts 22:26	[false]
Acts 22:27	[false]
Acts 22:28	[]
Acts 22:29	[]
Acts 22:30	[]
Acts 23:1	[]
Acts 23:2	[]
Acts 23:3	[false,false,false,false,false]
Acts 23:4	[false]
Acts 23:5	[false]
Acts 23:6	[]
Acts 23:7	[]
Acts 23:8	[]
Acts 23:9	[]
Acts 23:10	[]
Acts 23:11	[false,false]
Acts 23:12	[]
Acts 23:13	[]
Acts 23:14	[]
Acts 23:15	[true,true]
Acts 23:16	[]
Acts 23:17	[]
Acts 23:18	[false,false]
Acts 23:19	[false]
Acts 23:20	[false]
Acts 23:21	[false,false]
Acts 23:22	[false]
Acts 23:23	[]
Acts 23:24	[]
Acts 23:25	[]
Acts 23:26	[]
Acts 23:27	[]
Acts 23:28	[]
Acts 23:29	[]
Acts 23:30	[false,false]
Acts 23:31	[]
Acts 23:32	[]
Acts 23:33	[]
Acts 23:34	[]
Acts 23:35	[false,false]
Acts 24:1	[]
Acts 24:2	[false,false]
Acts 24:3	[]
Acts 24:4	[false,false]
Acts 24:5	[]
Acts 24:6	[]
Acts 24:7	[]
Acts 24:8	[false,false]
Acts 24:9	[]
Acts 24:10	[false]
Acts 24:11	[false,false]
Acts 24:12	[]
Acts 24:13	[false]
Acts 24:14	[false]
Acts 24:15	[]
Acts 24:16	[]
Acts 24:17	[]
Acts 24:18	[]
Acts 24:19	[false]
Acts 24:20	[]
Acts 24:21	[true]
Acts 24:22	[true]
Acts 24:23	[]
Acts 24:24	[]
Acts 24:25	[false,false]
Acts 24:26	[]
Acts 24:27	[]
Acts 25:1	[]
Acts 25:2	[]
Acts 25:3	[]
Acts 25:4	[]
Acts 25:5	[true]
Acts 25:6	[]
Acts 25:7	[]
Acts 25:8	[]
Acts 25:9	[false]
Acts 25:10	[false,false]
Acts 25:11	[]
Acts 25:12	[false,false]
Acts 25:13	[]
Acts 25:14	[]
Acts 25:15	[]
Acts 25:16	[]
Acts 25:17	[]
Acts 25:18	[]
Acts 25:19	[]
Acts 25:20	[]
Acts 25:21	[]
Acts 25:22	[false]
Acts 25:23	[]
Acts 25:24	[true]
Acts 25:25	[]
Acts 25:26	[true,false]
Acts 25:27	[]
Acts 26:1	[false,false]
Acts 26:2	[false]
Acts 26:3	[false,false]
Acts 26:4	[]
Acts 26:5	[]
Acts 26:6	[]
Acts 26:7	[]
Acts 26:8	[true]
Acts 26:9	[]
Acts 26:10	[]
Acts 26:11	[]
Acts 26:12	[]
Acts 26:13	[]
Acts 26:14	[false,false]
Acts 26:15	[false,false]
Acts 26:16	[false,false,false,false,false]
Acts 26:17	[false,false,false]
Acts 26:18	[]
Acts 26:19	[]
Acts 26:20	[]
Acts 26:21	[]
Acts 26:22	[]
Acts 26:23	[]
Acts 26:24	[false,false,false]
Acts 26:25	[]
Acts 26:26	[]
Acts 26:27	[false,false]
Acts 26:28	[false]
Acts 26:29	[false]
Acts 26:30	[]
Acts 26:31	[]
Acts 26:32	[]
Acts 27:1	[]
Acts 27:2	[]
Acts 27:3	[]
Acts 27:4	[]
Acts 27:5	[]
Acts 27:6	[]
Acts 27:7	[]
Acts 27:8	[]
Acts 27:9	[]
Acts 27:10	[]
Acts 27:11	[]
Acts 27:12	[]
Acts 27:13	[]
Acts 27:14	[]
Acts 27:15	[]
Acts 27:16	[]
Acts 27:17	[]
Acts 27:18	[]
Acts 27:19	[]
Acts 27:20	[]
Acts 27:21	[false,false]
Acts 27:22	[true,true,true]
Acts 27:23	[]
Acts 27:24	[false,false,false]
Acts 27:25	[]
Acts 27:26	[]
Acts 27:27	[]
Acts 27:28	[]
Acts 27:29	[]
Acts 27:30	[]
Acts 27:31	[true]
Acts 27:32	[]
Acts 27:33	[false]
Acts 27:34	[true,true,true]
Acts 27:35	[]
Acts 27:36	[]
Acts 27:37	[]
Acts 27:38	[]
Acts 27:39	[]
Acts 27:40	[]
Acts 27:41	[]
Acts 27:42	[]
Acts 27:43	[]
Acts 27:44	[]
Acts 28:1	[]
Acts 28:2	[]
Acts 28:3	[]
Acts 28:4	[]
Acts 28:5	[]
Acts 28:6	[]
Acts 28:7	[]
Acts 28:8	[]
Acts 28:9	[]
Acts 28:10	[]
Acts 28:11	[]
Acts 28:12	[]
Acts 28:13	[]
Acts 28:14	[]
Acts 28:15	[]
Acts 28:16	[]
Acts 28:17	[]
Acts 28:18	[]
Acts 28:19	[]
Acts 28:20	[true,true]
Acts 28:21	[false,false]
Acts 28:22	[false]
Acts 28:23	[]
Acts 28:24	[]
Acts 28:25	[true]
Acts 28:26	[false,true]
Acts 28:27	[]
Acts 28:28	[]
Acts 28:29	[]
Acts 28:30	[]
Acts 28:31	[]
Romans 1:1	[]
Romans 1:2	[]
Romans 1:3	[]
Romans 1:4	[]
Romans 1:5	[]
Romans 1:6	[true]
Romans 1:7	[true]
Romans 1:8	[true,true]
Romans 1:9	[true]
Romans 1:10	[true]
Romans 1:11	[true,true,true]
Romans 1:12	[true]
Romans 1:13	[true,true,true]
Romans 1:14	[]
Romans 1:15	[true]
Romans 1:16	[]
Romans 1:17	[]
Romans 1:18	[]
Romans 1:19	[]
Romans 1:20	[]
Romans 1:21	[]
Romans 1:22	[]
Romans 1:23	[]
Romans 1:24	[]
Romans 1:25	[]
Romans 1:26	[]
Romans 1:27	[]
Romans 1:28	[]
Romans 1:29	[]
Romans 1:30	[]
Romans 1:31	[]
Romans 1:32	[]
Romans 2:1	[false,false,false,false,false,false]
Romans 2:2	[]
Romans 2:3	[false,false,false]
Romans 2:4	[false,false]
Romans 2:5	[false,false,false]
Romans 2:6	[]
Romans 2:7	[]
Romans 2:8	[]
Romans 2:9	[]
Romans 2:10	[]
Romans 2:11	[]
Romans 2:12	[]
Romans 2:13	[]
Romans 2:14	[]
Romans 2:15	[]
Romans 2:16	[]
Romans 2:17	[false,false,false,false]
Romans 2:18	[false,false]
Romans 2:19	[false,false]
Romans 2:20	[false]
Romans 2:21	[false,false,false,false,false]
Romans 2:22	[false,false,false,false]
Romans 2:23	[false,false]
Romans 2:24	[true]
Romans 2:25	[false,false,false]
Romans 2:26	[]
Romans 2:27	[false,false]
Romans 2:28	[]
Romans 2:29	[]
Romans 3:1	[]
Romans 3:2	[]
Romans 3:3	[]
Romans 3:4	[false,false,false]
Romans 3:5	[]
Romans 3:6	[]
Romans 3:7	[]
Romans 3:8	[]
Romans 3:9	[]
Romans 3:10	[]
Romans 3:11	[]
Romans 3:12	[]
Romans 3:13	[]
Romans 3:14	[]
Romans 3:15	[]
Romans 3:16	[]
Romans 3:17	[]
Romans 3:18	[]
Romans 3:19	[]
Romans 3:20	[]
Romans 3:21	[]
Romans 3:22	[]
Romans 3:23	[]
Romans 3:24	[]
Romans 3:25	[]
Romans 3:26	[]
Romans 3:27	[]
Romans 3:28	[]
Romans 3:29	[]
Romans 3:30	[]
Romans 3:31	[]
Romans 4:1	[]
Romans 4:2	[]
Romans 4:3	[]
Romans 4:4	[]
Romans 4:5	[]
Romans 4:6	[]
Romans 4:7	[]
Romans 4:8	[]
Romans 4:9	[]
Romans 4:10	[]
Romans 4:11	[]
Romans 4:12	[]
Romans 4:13	[]
Romans 4:14	[]
Romans 4:15	[]
Romans 4:16	[]
Romans 4:17	[false]
Romans 4:18	[false]
Romans 4:19	[]
Romans 4:20	[]
Romans 4:21	[]
Romans 4:22	[]
Romans 4:23	[]
Romans 4:24	[]
Romans 4:25	[]
Romans 5:1	[]
Romans 5:2	[]
Romans 5:3	[]
Romans 5:4	[]
Romans 5:5	[]
Romans 5:6	[]
Romans 5:7	[]
Romans 5:8	[]
Romans 5:9	[]
Romans 5:10	[]
Romans 5:11	[]
Romans 5:12	[]
Romans 5:13	[]
Romans 5:14	[]
Romans 5:15	[]
Romans 5:16	[]
Romans 5:17	[]
Romans 5:18	[]
Romans 5:19	[]
Romans 5:20	[]
Romans 5:21	[]
Romans 6:1	[]
Romans 6:2	[]
Romans 6:3	[true]
Romans 6:4	[]
Romans 6:5	[]
Romans 6:6	[]
Romans 6:7	[]
Romans 6:8	[]
Romans 6:9	[]
Romans 6:10	[]
Romans 6:11	[true,true]
Romans 6:12	[true,true]
Romans 6:13	[true,true,true]
Romans 6:14	[true,true]
Romans 6:15	[]
Romans 6:16	[true,true,true,true,true,true]
Romans 6:17	[true,true,true]
Romans 6:18	[true]
Romans 6:19	[true,true,true]
Romans 6:20	[true,true]
Romans 6:21	[true,true]
Romans 6:22	[true,true]
Romans 6:23	[]
Romans 7:1	[true]
Romans 7:2	[]
Romans 7:3	[]
Romans 7:4	[true,true]
Romans 7:5	[]
Romans 7:6	[]
Romans 7:7	[]
Romans 7:8	[]
Romans 7:9	[]
Romans 7:10	[]
Romans 7:11	[]
Romans 7:12	[]
Romans 7:13	[]
Romans 7:14	[]
Romans 7:15	[]
Romans 7:16	[]
Romans 7:17	[]
Romans 7:18	[]
Romans 7:19	[]
Romans 7:20	[]
Romans 7:21	[]
Romans 7:22	[]
Romans 7:23	[]
Romans 7:24	[]
Romans 7:25	[]
Romans 8:1	[]
Romans 8:2	[false]
Romans 8:3	[]
Romans 8:4	[]
Romans 8:5	[]
Romans 8:6	[]
Romans 8:7	[]
Romans 8:8	[]
Romans 8:9	[true,true]
Romans 8:10	[true,true,true]
Romans 8:11	[true,true,true]
Romans 8:12	[]
Romans 8:13	[true,true,true,true]
Romans 8:14	[]
Romans 8:15	[true,true,true]
Romans 8:16	[]
Romans 8:17	[]
Romans 8:18	[]
Romans 8:19	[]
Romans 8:20	[]
Romans 8:21	[]
Romans 8:22	[]
Romans 8:23	[]
Romans 8:24	[]
Romans 8:25	[]
Romans 8:26	[]
Romans 8:27	[]
Romans 8:28	[]
Romans 8:29	[]
Romans 8:30	[]
Romans 8:31	[]
Romans 8:32	[]
Romans 8:33	[]
Romans 8:34	[]
Romans 8:35	[]
Romans 8:36	[false]
Romans 8:37	[]
Romans 8:38	[]
Romans 8:39	[]
Romans 9:1	[]
Romans 9:2	[]
Romans 9:3	[]
Romans 9:4	[]
Romans 9:5	[]
Romans 9:6	[]
Romans 9:7	[false]
Romans 9:8	[]
Romans 9:9	[]
Romans 9:10	[]
Romans 9:11	[]
Romans 9:12	[]
Romans 9:13	[]
Romans 9:14	[]
Romans 9:15	[]
Romans 9:16	[]
Romans 9:17	[false,false]
Romans 9:18	[]
Romans 9:19	[false]
Romans 9:20	[false,false]
Romans 9:21	[]
Romans 9:22	[]
Romans 9:23	[]
Romans 9:24	[]
Romans 9:25	[]
Romans 9:26	[true]
Romans 9:27	[]
Romans 9:28	[]
Romans 9:29	[]
Romans 9:30	[]
Romans 9:31	[]
Romans 9:32	[]
Romans 9:33	[]
Romans 10:1	[]
Romans 10:2	[]
Romans 10:3	[]
Romans 10:4	[]
Romans 10:5	[]
Romans 10:6	[false]
Romans 10:7	[]
Romans 10:8	[false,false,false]
Romans 10:9	[false,false,false,false]
Romans 10:10	[false,false,false,false]
Romans 10:11	[]
Romans 10:12	[]
Romans 10:13	[]
Romans 10:14	[]
Romans 10:15	[]
Romans 10:16	[]
Romans 10:17	[]
Romans 10:18	[]
Romans 10:19	[false,false]
Romans 10:20	[]
Romans 10:21	[]
Romans 11:1	[]
Romans 11:2	[true]
Romans 11:3	[false,false]
Romans 11:4	[]
Romans 11:5	[]
Romans 11:6	[]
Romans 11:7	[]
Romans 11:8	[]
Romans 11:9	[]
Romans 11:10	[]
Romans 11:11	[]
Romans 11:12	[]
Romans 11:13	[true]
Romans 11:14	[]
Romans 11:15	[]
Romans 11:16	[]
Romans 11:17	[false]
Romans 11:18	[false,false,false]
Romans 11:19	[false]
Romans 11:20	[false]
Romans 11:21	[false]
Romans 11:22	[false,false,false]
Romans 11:23	[]
Romans 11:24	[false]
Romans 11:25	[true,true]
Romans 11:26	[]
Romans 11:27	[]
Romans 11:28	[false]
Romans 11:29	[]
Romans 11:30	[true]
Romans 11:31	[true]
Romans 11:32	[]
Romans 11:33	[]
Romans 11:34	[]
Romans 11:35	[]
Romans 11:36	[]
Romans 12:1	[true,true,true]
Romans 12:2	[true,true]
Romans 12:3	[true,true,true,true,true]
Romans 12:4	[]
Romans 12:5	[]
Romans 12:6	[]
Romans 12:7	[]
Romans 12:8	[]
Romans 12:9	[]
Romans 12:10	[true]
Romans 12:11	[true,true]
Romans 12:12	[]
Romans 12:13	[]
Romans 12:14	[true]
Romans 12:15	[]
Romans 12:16	[]
Romans 12:17	[]
Romans 12:18	[true]
Romans 12:19	[false]
Romans 12:20	[false,false]
Romans 12:21	[]
Romans 13:1	[]
Romans 13:2	[]
Romans 13:3	[false,false]
Romans 13:4	[false,false]
Romans 13:5	[]
Romans 13:6	[true]
Romans 13:7	[true]
Romans 13:8	[]
Romans 13:9	[false,false]
Romans 13:10	[]
Romans 13:11	[true,true]
Romans 13:12	[]
Romans 13:13	[]
Romans 13:14	[true]
Romans 14:1	[]
Romans 14:2	[]
Romans 14:3	[]
Romans 14:4	[false]
Romans 14:5	[]
Romans 14:6	[]
Romans 14:7	[]
Romans 14:8	[]
Romans 14:9	[]
Romans 14:10	[false,false,false,false]
Romans 14:11	[]
Romans 14:12	[]
Romans 14:13	[true,true]
Romans 14:14	[]
Romans 14:15	[false,false,false,false,false]
Romans 14:16	[true]
Romans 14:17	[]
Romans 14:18	[]
Romans 14:19	[]
Romans 14:20	[]
Romans 14:21	[false]
Romans 14:22	[false,false]
Romans 14:23	[]
Romans 15:1	[]
Romans 15:2	[]
Romans 15:3	[false]
Romans 15:4	[]
Romans 15:5	[true]
Romans 15:6	[true]
Romans 15:7	[true]
Romans 15:8	[false]
Romans 15:9	[false,false]
Romans 15:10	[]
Romans 15:11	[false,false]
Romans 15:12	[]
Romans 15:13	[true,true,true]
Romans 15:14	[false,false]
Romans 15:15	[true]
Romans 15:16	[]
Romans 15:17	[]
Romans 15:18	[]
Romans 15:19	[]
Romans 15:20	[]
Romans 15:21	[]
Romans 15:22	[true]
Romans 15:23	[true]
Romans 15:24	[true,true,true]
Romans 15:25	[]
Romans 15:26	[]
Romans 15:27	[]
Romans 15:28	[true]
Romans 15:29	[true]
Romans 15:30	[true]
Romans 15:31	[]
Romans 15:32	[true,true]
Romans 15:33	[true]
Romans 16:1	[true]
Romans 16:2	[true]
Romans 16:3	[]
Romans 16:4	[]
Romans 16:5	[]
Romans 16:6	[true]
Romans 16:7	[]
Romans 16:8	[]
Romans 16:9	[]
Romans 16:10	[]
Romans 16:11	[]
Romans 16:12	[]
Romans 16:13	[]
Romans 16:14	[]
Romans 16:15	[]
Romans 16:16	[false]
Romans 16:17	[true,true]
Romans 16:18	[]
Romans 16:19	[true,true,true]
Romans 16:20	[true,true]
Romans 16:21	[false]
Romans 16:22	[true]
Romans 16:23	[false,false]
Romans 16:24	[]
Romans 16:25	[true]
Romans 16:26	[]
Romans 16:27	[]
1 Corinthians 1:1	[]
1 Corinthians 1:2	[]
1 Corinthians 1:3	[true]
1 Corinthians 1:4	[true,true]
1 Corinthians 1:5	[true]
1 Corinthians 1:6	[true]
1 Corinthians 1:7	[true,true]
1 Corinthians 1:8	[true,true]
1 Corinthians 1:9	[true]
1 Corinthians 1:10	[true,true,true,true]
1 Corinthians 1:11	[true]
1 Corinthians 1:12	[true]
1 Corinthians 1:13	[true,true]
1 Corinthians 1:14	[true]
1 Corinthians 1:15	[true]
1 Corinthians 1:16	[]
1 Corinthians 1:17	[]
1 Corinthians 1:18	[]
1 Corinthians 1:19	[]
1 Corinthians 1:20	[]
1 Corinthians 1:21	[]
1 Corinthians 1:22	[]
1 Corinthians 1:23	[]
1 Corinthians 1:24	[]
1 Corinthians 1:25	[]
1 Corinthians 1:26	[true,true]
1 Corinthians 1:27	[]
1 Corinthians 1:28	[]
1 Corinthians 1:29	[]
1 Corinthians 1:30	[true]
1 Corinthians 1:31	[]
1 Corinthians 2:1	[true,true]
1 Corinthians 2:2	[true]
1 Corinthians 2:3	[true]
1 Corinthians 2:4	[]
1 Corinthians 2:5	[true]
1 Corinthians 2:6	[]
1 Corinthians 2:7	[]
1 Corinthians 2:8	[]
1 Corinthians 2:9	[]
1 Corinthians 2:10	[]
1 Corinthians 2:11	[]
1 Corinthians 2:12	[]
1 Corinthians 2:13	[]
1 Corinthians 2:14	[]
1 Corinthians 2:15	[]
1 Corinthians 2:16	[]
1 Corinthians 3:1	[true]
1 Corinthians 3:2	[true,true,true]
1 Corinthians 3:3	[true,true,true,true]
1 Corinthians 3:4	[true,true]
1 Corinthians 3:5	[true]
1 Corinthians 3:6	[]
1 Corinthians 3:7	[]
1 Corinthians 3:8	[]
1 Corinthians 3:9	[true]
1 Corinthians 3:10	[]
1 Corinthians 3:11	[]
1 Corinthians 3:12	[]
1 Corinthians 3:13	[]
1 Corinthians 3:14	[]
1 Corinthians 3:15	[]
1 Corinthians 3:16	[true,true,true,true]
1 Corinthians 3:17	[true]
1 Corinthians 3:18	[true]
1 Corinthians 3:19	[]
1 Corinthians 3:20	[]
1 Corinthians 3:21	[true]
1 Corinthians 3:22	[true]
1 Corinthians 3:23	[true]
1 Corinthians 4:1	[]
1 Corinthians 4:2	[]
1 Corinthians 4:3	[true]
1 Corinthians 4:4	[]
1 Corinthians 4:5	[]
1 Corinthians 4:6	[true,true,true]
1 Corinthians 4:7	[false,false,false,false,false,false]
1 Corinthians 4:8	[true,true,true,true,true,true]
1 Corinthians 4:9	[]
1 Corinthians 4:10	[true,true,true]
1 Corinthians 4:11	[]
1 Corinthians 4:12	[]
1 Corinthians 4:13	[]
1 Corinthians 4:14	[true,true]
1 Corinthians 4:15	[true,true,true]
1 Corinthians 4:16	[true]
1 Corinthians 4:17	[true,true]
1 Corinthians 4:18	[true,true]
1 Corinthians 4:19	[true]
1 Corinthians 4:20	[]
1 Corinthians 4:21	[true,true]
1 Corinthians 5:1	[true]
1 Corinthians 5:2	[true,true,true]
1 Corinthians 5:3	[false,false]
1 Corinthians 5:4	[true,true]
1 Corinthians 5:5	[]
1 Corinthians 5:6	[true,true]
1 Corinthians 5:7	[true,true]
1 Corinthians 5:8	[]
1 Corinthians 5:9	[true]
1 Corinthians 5:10	[true]
1 Corinthians 5:11	[true]
1 Corinthians 5:12	[true]
1 Corinthians 5:13	[true]
1 Corinthians 6:1	[true]
1 Corinthians 6:2	[true,true,true]
1 Corinthians 6:3	[true]
1 Corinthians 6:4	[true,true]
1 Corinthians 6:5	[true,true]
1 Corinthians 6:6	[]
1 Corinthians 6:7	[true,true,true]
1 Corinthians 6:8	[true,true,true]
1 Corinthians 6:9	[true]
1 Corinthians 6:10	[]
1 Corinthians 6:11	[true,true,true,true]
1 Corinthians 6:12	[]
1 Corinthians 6:13	[]
1 Corinthians 6:14	[]
1 Corinthians 6:15	[true,true]
1 Corinthians 6:16	[true]
1 Corinthians 6:17	[]
1 Corinthians 6:18	[]
1 Corinthians 6:19	[true,true,true,true,true,true]
1 Corinthians 6:20	[true,true]
1 Corinthians 7:1	[true]
1 Corinthians 7:2	[]
1 Corinthians 7:3	[]
1 Corinthians 7:4	[]
1 Corinthians 7:5	[true,true,true,true]
1 Corinthians 7:6	[]
1 Corinthians 7:7	[]
1 Corinthians 7:8	[]
1 Corinthians 7:9	[]
1 Corinthians 7:10	[]
1 Corinthians 7:11	[]
1 Corinthians 7:12	[]
1 Corinthians 7:13	[]
1 Corinthians 7:14	[true]
1 Corinthians 7:15	[true]
1 Corinthians 7:16	[false,false,false,false,false,false]
1 Corinthians 7:17	[]
1 Corinthians 7:18	[]
1 Corinthians 7:19	[]
1 Corinthians 7:20	[]
1 Corinthians 7:21	[false,false,false,false,false]
1 Corinthians 7:22	[]
1 Corinthians 7:23	[true]
1 Corinthians 7:24	[]
1 Corinthians 7:25	[]
1 Corinthians 7:26	[]
1 Corinthians 7:27	[false,false]
1 Corinthians 7:28	[false,false,true]
1 Corinthians 7:29	[]
1 Corinthians 7:30	[]
1 Corinthians 7:31	[]
1 Corinthians 7:32	[true]
1 Corinthians 7:33	[]
1 Corinthians 7:34	[]
1 Corinthians 7:35	[true,true]
1 Corinthians 7:36	[]
1 Corinthians 7:37	[]
1 Corinthians 7:38	[]
1 Corinthians 7:39	[]
1 Corinthians 7:40	[]
1 Corinthians 8:1	[]
1 Corinthians 8:2	[]
1 Corinthians 8:3	[]
1 Corinthians 8:4	[]
1 Corinthians 8:5	[]
1 Corinthians 8:6	[]
1 Corinthians 8:7	[]
1 Corinthians 8:8	[]
1 Corinthians 8:9	[true]
1 Corinthians 8:10	[false]
1 Corinthians 8:11	[false]
1 Corinthians 8:12	[true,true]
1 Corinthians 8:13	[]
1 Corinthians 9:1	[true,true]
1 Corinthians 9:2	[true,true]
1 Corinthians 9:3	[]
1 Corinthians 9:4	[]
1 Corinthians 9:5	[]
1 Corinthians 9:6	[]
1 Corinthians 9:7	[]
1 Corinthians 9:8	[]
1 Corinthians 9:9	[]
1 Corinthians 9:10	[]
1 Corinthians 9:11	[true,true]
1 Corinthians 9:12	[true]
1 Corinthians 9:13	[true]
1 Corinthians 9:14	[]
1 Corinthians 9:15	[]
1 Corinthians 9:16	[]
1 Corinthians 9:17	[]
1 Corinthians 9:18	[]
1 Corinthians 9:19	[]
1 Corinthians 9:20	[]
1 Corinthians 9:21	[]
1 Corinthians 9:22	[]
1 Corinthians 9:23	[]
1 Corinthians 9:24	[true]
1 Corinthians 9:25	[]
1 Corinthians 9:26	[]
1 Corinthians 9:27	[]
1 Corinthians 10:1	[true]
1 Corinthians 10:2	[]
1 Corinthians 10:3	[]
1 Corinthians 10:4	[]
1 Corinthians 10:5	[]
1 Corinthians 10:6	[]
1 Corinthians 10:7	[]
1 Corinthians 10:8	[]
1 Corinthians 10:9	[]
1 Corinthians 10:10	[]
1 Corinthians 10:11	[]
1 Corinthians 10:12	[]
1 Corinthians 10:13	[true,true,true,true,true]
1 Corinthians 10:14	[]
1 Corinthians 10:15	[true]
1 Corinthians 10:16	[]
1 Corinthians 10:17	[]
1 Corinthians 10:18	[]
1 Corinthians 10:19	[]
1 Corinthians 10:20	[true]
1 Corinthians 10:21	[true,true]
1 Corinthians 10:22	[]
1 Corinthians 10:23	[]
1 Corinthians 10:24	[]
1 Corinthians 10:25	[]
1 Corinthians 10:26	[]
1 Corinthians 10:27	[true,true,true]
1 Corinthians 10:28	[true,true]
1 Corinthians 10:29	[false]
1 Corinthians 10:30	[]
1 Corinthians 10:31	[true,true]
1 Corinthians 10:32	[]
1 Corinthians 10:33	[]
1 Corinthians 11:1	[true]
1 Corinthians 11:2	[true,true]
1 Corinthians 11:3	[true]
1 Corinthians 11:4	[]
1 Corinthians 11:5	[]
1 Corinthians 11:6	[]
1 Corinthians 11:7	[]
1 Corinthians 11:8	[]
1 Corinthians 11:9	[]
1 Corinthians 11:10	[]
1 Corinthians 11:11	[]
1 Corinthians 11:12	[]
1 Corinthians 11:13	[false]
1 Corinthians 11:14	[true]
1 Corinthians 11:15	[]
1 Corinthians 11:16	[]
1 Corinthians 11:17	[true]
1 Corinthians 11:18	[true,true]
1 Corinthians 11:19	[true,true]
1 Corinthians 11:20	[true,true]
1 Corinthians 11:21	[false,false]
1 Corinthians 11:22	[true,true,true,true,true]
1 Corinthians 11:23	[true]
1 Corinthians 11:24	[true]
1 Corinthians 11:25	[true]
1 Corinthians 11:26	[true,true]
1 Corinthians 11:27	[]
1 Corinthians 11:28	[]
1 Corinthians 11:29	[]
1 Corinthians 11:30	[true,true]
1 Corinthians 11:31	[]
1 Corinthians 11:32	[]
1 Corinthians 11:33	[true]
1 Corinthians 11:34	[true]
1 Corinthians 12:1	[true]
1 Corinthians 12:2	[true,true,true]
1 Corinthians 12:3	[true]
1 Corinthians 12:4	[]
1 Corinthians 12:5	[]
1 Corinthians 12:6	[]
1 Corinthians 12:7	[]
1 Corinthians 12:8	[]
1 Corinthians 12:9	[]
1 Corinthians 12:10	[]
1 Corinthians 12:11	[]
1 Corinthians 12:12	[]
1 Corinthians 12:13	[]
1 Corinthians 12:14	[]
1 Corinthians 12:15	[]
1 Corinthians 12:16	[]
1 Corinthians 12:17	[]
1 Corinthians 12:18	[]
1 Corinthians 12:19	[]
1 Corinthians 12:20	[]
1 Corinthians 12:21	[false,true]
1 Corinthians 12:22	[]
1 Corinthians 12:23	[]
1 Corinthians 12:24	[]
1 Corinthians 12:25	[]
1 Corinthians 12:26	[]
1 Corinthians 12:27	[true,true]
1 Corinthians 12:28	[]
1 Corinthians 12:29	[]
1 Corinthians 12:30	[]
1 Corinthians 12:31	[true]
1 Corinthians 13:1	[]
1 Corinthians 13:2	[]
1 Corinthians 13:3	[]
1 Corinthians 13:4	[]
1 Corinthians 13:5	[]
1 Corinthians 13:6	[]
1 Corinthians 13:7	[]
1 Corinthians 13:8	[]
1 Corinthians 13:9	[]
1 Corinthians 13:10	[]
1 Corinthians 13:11	[]
1 Corinthians 13:12	[]
1 Corinthians 13:13	[]
1 Corinthians 14:1	[]
1 Corinthians 14:2	[]
1 Corinthians 14:3	[]
1 Corinthians 14:4	[]
1 Corinthians 14:5	[true,true]
1 Corinthians 14:6	[true,true,true]
1 Corinthians 14:7	[]
1 Corinthians 14:8	[]
1 Corinthians 14:9	[true,true,true,true,true]
1 Corinthians 14:10	[]
1 Corinthians 14:11	[]
1 Corinthians 14:12	[true,true]
1 Corinthians 14:13	[]
1 Corinthians 14:14	[]
1 Corinthians 14:15	[]
1 Corinthians 14:16	[false,false,false]
1 Corinthians 14:17	[false]
1 Corinthians 14:18	[true]
1 Corinthians 14:19	[]
1 Corinthians 14:20	[false]
1 Corinthians 14:21	[]
1 Corinthians 14:22	[]
1 Corinthians 14:23	[true,true]
1 Corinthians 14:24	[]
1 Corinthians 14:25	[true]
1 Corinthians 14:26	[true]
1 Corinthians 14:27	[]
1 Corinthians 14:28	[]
1 Corinthians 14:29	[]
1 Corinthians 14:30	[]
1 Corinthians 14:31	[true]
1 Corinthians 14:32	[]
1 Corinthians 14:33	[]
1 Corinthians 14:34	[]
1 Corinthians 14:35	[]
1 Corinthians 14:36	[true,true]
1 Corinthians 14:37	[true]
1 Corinthians 14:38	[]
1 Corinthians 14:39	[]
1 Corinthians 14:40	[]
1 Corinthians 15:1	[true,true,true,true]
1 Corinthians 15:2	[true,true,true,true]
1 Corinthians 15:3	[true]
1 Corinthians 15:4	[]
1 Corinthians 15:5	[]
1 Corinthians 15:6	[]
1 Corinthians 15:7	[]
1 Corinthians 15:8	[]
1 Corinthians 15:9	[]
1 Corinthians 15:10	[]
1 Corinthians 15:11	[true]
1 Corinthians 15:12	[true]
1 Corinthians 15:13	[]
1 Corinthians 15:14	[true]
1 Corinthians 15:15	[]
1 Corinthians 15:16	[]
1 Corinthians 15:17	[true,true,true]
1 Corinthians 15:18	[]
1 Corinthians 15:19	[]
1 Corinthians 15:20	[]
1 Corinthians 15:21	[]
1 Corinthians 15:22	[]
1 Corinthians 15:23	[]
1 Corinthians 15:24	[]
1 Corinthians 15:25	[]
1 Corinthians 15:26	[]
1 Corinthians 15:27	[]
1 Corinthians 15:28	[]
1 Corinthians 15:29	[]
1 Corinthians 15:30	[]
1 Corinthians 15:31	[true]
1 Corinthians 15:32	[]
1 Corinthians 15:33	[]
1 Corinthians 15:34	[true,true,true]
1 Corinthians 15:35	[]
1 Corinthians 15:36	[false,false]
1 Corinthians 15:37	[false]
1 Corinthians 15:38	[]
1 Corinthians 15:39	[]
1 Corinthians 15:40	[]
1 Corinthians 15:41	[]
1 Corinthians 15:42	[]
1 Corinthians 15:43	[]
1 Corinthians 15:44	[]
1 Corinthians 15:45	[]
1 Corinthians 15:46	[]
1 Corinthians 15:47	[]
1 Corinthians 15:48	[]
1 Corinthians 15:49	[]
1 Corinthians 15:50	[false]
1 Corinthians 15:51	[true]
1 Corinthians 15:52	[]
1 Corinthians 15:53	[]
1 Corinthians 15:54	[]
1 Corinthians 15:55	[false,false]
1 Corinthians 15:56	[]
1 Corinthians 15:57	[]
1 Corinthians 15:58	[true,true]
1 Corinthians 16:1	[true]
1 Corinthians 16:2	[true]
1 Corinthians 16:3	[true,true]
1 Corinthians 16:4	[]
1 Corinthians 16:5	[true]
1 Corinthians 16:6	[true,true]
1 Corinthians 16:7	[true,true]
1 Corinthians 16:8	[]
1 Corinthians 16:9	[]
1 Corinthians 16:10	[true]
1 Corinthians 16:11	[]
1 Corinthians 16:12	[true]
1 Corinthians 16:13	[]
1 Corinthians 16:14	[]
1 Corinthians 16:15	[true,true]
1 Corinthians 16:16	[]
1 Corinthians 16:17	[true]
1 Corinthians 16:18	[true,true]
1 Corinthians 16:19	[true,true]
1 Corinthians 16:20	[false]
1 Corinthians 16:21	[]
1 Corinthians 16:22	[]
1 Corinthians 16:23	[true]
1 Corinthians 16:24	[true]
2 Corinthians 1:1	[]
2 Corinthians 1:2	[true]
2 Corinthians 1:3	[]
2 Corinthians 1:4	[]
2 Corinthians 1:5	[]
2 Corinthians 1:6	[true,true,true]
2 Corinthians 1:7	[true,true,true]
2 Corinthians 1:8	[true]
2 Corinthians 1:9	[]
2 Corinthians 1:10	[]
2 Corinthians 1:11	[true,true]
2 Corinthians 1:12	[true]
2 Corinthians 1:13	[true,true,true]
2 Corinthians 1:14	[true,true,true]
2 Corinthians 1:15	[true,true]
2 Corinthians 1:16	[true,true,true]
2 Corinthians 1:17	[]
2 Corinthians 1:18	[true]
2 Corinthians 1:19	[true]
2 Corinthians 1:20	[]
2 Corinthians 1:21	[true]
2 Corinthians 1:22	[]
2 Corinthians 1:23	[true]
2 Corinthians 1:24	[true,true,true,true]
2 Corinthians 2:1	[true]
2 Corinthians 2:2	[true]
2 Corinthians 2:3	[true,true]
2 Corinthians 2:4	[true,true,true,true]
2 Corinthians 2:5	[true]
2 Corinthians 2:6	[]
2 Corinthians 2:7	[true]
2 Corinthians 2:8	[true,true]
2 Corinthians 2:9	[true,true]
2 Corinthians 2:10	[true,true]
2 Corinthians 2:11	[]
2 Corinthians 2:12	[]
2 Corinthians 2:13	[]
2 Corinthians 2:14	[]
2 Corinthians 2:15	[]
2 Corinthians 2:16	[]
2 Corinthians 2:17	[]
2 Corinthians 3:1	[true,true]
2 Corinthians 3:2	[true,true]
2 Corinthians 3:3	[true]
2 Corinthians 3:4	[]
2 Corinthians 3:5	[]
2 Corinthians 3:6	[]
2 Corinthians 3:7	[]
2 Corinthians 3:8	[]
2 Corinthians 3:9	[]
2 Corinthians 3:10	[]
2 Corinthians 3:11	[]
2 Corinthians 3:12	[]
2 Corinthians 3:13	[]
2 Corinthians 3:14	[]
2 Corinthians 3:15	[]
2 Corinthians 3:16	[]
2 Corinthians 3:17	[]
2 Corinthians 3:18	[]
2 Corinthians 4:1	[]
2 Corinthians 4:2	[]
2 Corinthians 4:3	[]
2 Corinthians 4:4	[]
2 Corinthians 4:5	[true]
2 Corinthians 4:6	[]
2 Corinthians 4:7	[]
2 Corinthians 4:8	[]
2 Corinthians 4:9	[]
2 Corinthians 4:10	[]
2 Corinthians 4:11	[]
2 Corinthians 4:12	[true]
2 Corinthians 4:13	[]
2 Corinthians 4:14	[true]
2 Corinthians 4:15	[false]
2 Corinthians 4:16	[]
2 Corinthians 4:17	[]
2 Corinthians 4:18	[]
2 Corinthians 5:1	[]
2 Corinthians 5:2	[]
2 Corinthians 5:3	[]
2 Corinthians 5:4	[]
2 Corinthians 5:5	[]
2 Corinthians 5:6	[]
2 Corinthians 5:7	[]
2 Corinthians 5:8	[]
2 Corinthians 5:9	[]
2 Corinthians 5:10	[]
2 Corinthians 5:11	[true]
2 Corinthians 5:12	[true,true,true]
2 Corinthians 5:13	[true]
2 Corinthians 5:14	[]
2 Corinthians 5:15	[]
2 Corinthians 5:16	[]
2 Corinthians 5:17	[]
2 Corinthians 5:18	[]
2 Corinthians 5:19	[]
2 Corinthians 5:20	[false]
2 Corinthians 5:21	[]
2 Corinthians 6:1	[true]
2 Corinthians 6:2	[false,false]
2 Corinthians 6:3	[]
2 Corinthians 6:4	[]
2 Corinthians 6:5	[]
2 Corinthians 6:6	[]
2 Corinthians 6:7	[]
2 Corinthians 6:8	[]
2 Corinthians 6:9	[]
2 Corinthians 6:10	[]
2 Corinthians 6:11	[true]
2 Corinthians 6:12	[true]
2 Corinthians 6:13	[true]
2 Corinthians 6:14	[]
2 Corinthians 6:15	[]
2 Corinthians 6:16	[]
2 Corinthians 6:17	[true]
2 Corinthians 6:18	[true,true]
2 Corinthians 7:1	[]
2 Corinthians 7:2	[true]
2 Corinthians 7:3	[true,true,true]
2 Corinthians 7:4	[true,true]
2 Corinthians 7:5	[]
2 Corinthians 7:6	[]
2 Corinthians 7:7	[true,true,true,true]
2 Corinthians 7:8	[true,true]
2 Corinthians 7:9	[true,true,true,true]
2 Corinthians 7:10	[]
2 Corinthians 7:11	[true,true,true,true]
2 Corinthians 7:12	[true,true,true]
2 Corinthians 7:13	[true]
2 Corinthians 7:14	[true,true]
2 Corinthians 7:15	[true,true,true]
2 Corinthians 7:16	[true]
2 Corinthians 8:1	[false]
2 Corinthians 8:2	[]
2 Corinthians 8:3	[]
2 Corinthians 8:4	[]
2 Corinthians 8:5	[]
2 Corinthians 8:6	[true]
2 Corinthians 8:7	[true,true,true]
2 Corinthians 8:8	[true]
2 Corinthians 8:9	[true,true,true]
2 Corinthians 8:10	[true,true]
2 Corinthians 8:11	[false,false]
2 Corinthians 8:12	[]
2 Corinthians 8:13	[true]
2 Corinthians 8:14	[true,true]
2 Corinthians 8:15	[]
2 Corinthians 8:16	[true]
2 Corinthians 8:17	[true]
2 Corinthians 8:18	[]
2 Corinthians 8:19	[]
2 Corinthians 8:20	[]
2 Corinthians 8:21	[]
2 Corinthians 8:22	[true]
2 Corinthians 8:23	[true]
2 Corinthians 8:24	[true,true]
2 Corinthians 9:1	[true]
2 Corinthians 9:2	[true,true,true]
2 Corinthians 9:3	[true,true]
2 Corinthians 9:4	[true,true]
2 Corinthians 9:5	[true,true,true]
2 Corinthians 9:6	[]
2 Corinthians 9:7	[]
2 Corinthians 9:8	[true,true,true]
2 Corinthians 9:9	[]
2 Corinthians 9:10	[true,true]
2 Corinthians 9:11	[true,true]
2 Corinthians 9:12	[]
2 Corinthians 9:13	[true,true]
2 Corinthians 9:14	[true,true,true]
2 Corinthians 9:15	[]
2 Corinthians 10:1	[true,true]
2 Corinthians 10:2	[false]
2 Corinthians 10:3	[]
2 Corinthians 10:4	[]
2 Corinthians 10:5	[]
2 Corinthians 10:6	[true]
2 Corinthians 10:7	[true]
2 Corinthians 10:8	[false,false]
2 Corinthians 10:9	[true]
2 Corinthians 10:10	[]
2 Corinthians 10:11	[]
2 Corinthians 10:12	[]
2 Corinthians 10:13	[true]
2 Corinthians 10:14	[true,true]
2 Corinthians 10:15	[true,true]
2 Corinthians 10:16	[true]
2 Corinthians 10:17	[]
2 Corinthians 10:18	[]
2 Corinthians 11:1	[true,true]
2 Corinthians 11:2	[true,true,true]
2 Corinthians 11:3	[true,true]
2 Corinthians 11:4	[true,true,true,true]
2 Corinthians 11:5	[]
2 Corinthians 11:6	[true]
2 Corinthians 11:7	[true,true]
2 Corinthians 11:8	[true]
2 Corinthians 11:9	[true,true]
2 Corinthians 11:10	[]
2 Corinthians 11:11	[true]
2 Corinthians 11:12	[]
2 Corinthians 11:13	[]
2 Corinthians 11:14	[]
2 Corinthians 11:15	[]
2 Corinthians 11:16	[false]
2 Corinthians 11:17	[]
2 Corinthians 11:18	[]
2 Corinthians 11:19	[true,true]
2 Corinthians 11:20	[true,true,true,true,true]
2 Corinthians 11:21	[]
2 Corinthians 11:22	[]
2 Corinthians 11:23	[]
2 Corinthians 11:24	[]
2 Corinthians 11:25	[]
2 Corinthians 11:26	[]
2 Corinthians 11:27	[]
2 Corinthians 11:28	[]
2 Corinthians 11:29	[]
2 Corinthians 11:30	[]
2 Corinthians 11:31	[]
2 Corinthians 11:32	[]
2 Corinthians 11:33	[]
2 Corinthians 12:1	[]
2 Corinthians 12:2	[]
2 Corinthians 12:3	[]
2 Corinthians 12:4	[]
2 Corinthians 12:5	[]
2 Corinthians 12:6	[]
2 Corinthians 12:7	[]
2 Corinthians 12:8	[]
2 Corinthians 12:9	[false]
2 Corinthians 12:10	[]
2 Corinthians 12:11	[true,true]
2 Corinthians 12:12	[true]
2 Corinthians 12:13	[true,true]
2 Corinthians 12:14	[true,true,true]
2 Corinthians 12:15	[true,true,true]
2 Corinthians 12:16	[true,true]
2 Corinthians 12:17	[true,true]
2 Corinthians 12:18	[true,true]
2 Corinthians 12:19	[true,true,true]
2 Corinthians 12:20	[true,true,true]
2 Corinthians 12:21	[true]
2 Corinthians 13:1	[true]
2 Corinthians 13:2	[false,false]
2 Corinthians 13:3	[true,true,true]
2 Corinthians 13:4	[true]
2 Corinthians 13:5	[true,true,true,true,true,true]
2 Corinthians 13:6	[true]
2 Corinthians 13:7	[true,true]
2 Corinthians 13:8	[]
2 Corinthians 13:9	[true,true]
2 Corinthians 13:10	[false,false]
2 Corinthians 13:11	[true]
2 Corinthians 13:12	[]
2 Corinthians 13:13	[false]
2 Corinthians 13:14	[true]
Galatians 1:1	[]
Galatians 1:2	[]
Galatians 1:3	[true]
Galatians 1:4	[]
Galatians 1:5	[]
Galatians 1:6	[true,true]
Galatians 1:7	[true]
Galatians 1:8	[true]
Galatians 1:9	[true,true]
Galatians 1:10	[]
Galatians 1:11	[false]
Galatians 1:12	[]
Galatians 1:13	[true]
Galatians 1:14	[]
Galatians 1:15	[]
Galatians 1:16	[]
Galatians 1:17	[]
Galatians 1:18	[]
Galatians 1:19	[]
Galatians 1:20	[false,true]
Galatians 1:21	[]
Galatians 1:22	[]
Galatians 1:23	[]
Galatians 1:24	[]
Galatians 2:1	[]
Galatians 2:2	[]
Galatians 2:3	[]
Galatians 2:4	[]
Galatians 2:5	[true]
Galatians 2:6	[]
Galatians 2:7	[]
Galatians 2:8	[]
Galatians 2:9	[]
Galatians 2:10	[]
Galatians 2:11	[]
Galatians 2:12	[]
Galatians 2:13	[]
Galatians 2:14	[false,false]
Galatians 2:15	[]
Galatians 2:16	[]
Galatians 2:17	[]
Galatians 2:18	[]
Galatians 2:19	[]
Galatians 2:20	[]
Galatians 2:21	[]
Galatians 3:1	[true,true]
Galatians 3:2	[true,true]
Galatians 3:3	[true,true]
Galatians 3:4	[true]
Galatians 3:5	[true,true,true,true]
Galatians 3:6	[]
Galatians 3:7	[]
Galatians 3:8	[false]
Galatians 3:9	[]
Galatians 3:10	[]
Galatians 3:11	[]
Galatians 3:12	[]
Galatians 3:13	[]
Galatians 3:14	[]
Galatians 3:15	[]
Galatians 3:16	[false]
Galatians 3:17	[]
Galatians 3:18	[]
Galatians 3:19	[]
Galatians 3:20	[]
Galatians 3:21	[]
Galatians 3:22	[]
Galatians 3:23	[]
Galatians 3:24	[]
Galatians 3:25	[]
Galatians 3:26	[true]
Galatians 3:27	[true,true]
Galatians 3:28	[true]
Galatians 3:29	[true,true]
Galatians 4:1	[]
Galatians 4:2	[]
Galatians 4:3	[]
Galatians 4:4	[]
Galatians 4:5	[]
Galatians 4:6	[true]
Galatians 4:7	[false,false,false]
Galatians 4:8	[true,true]
Galatians 4:9	[true,true,true]
Galatians 4:10	[true]
Galatians 4:11	[true,true]
Galatians 4:12	[true,true,true]
Galatians 4:13	[true,true]
Galatians 4:14	[true,true,true]
Galatians 4:15	[true,true,true]
Galatians 4:16	[true,true]
Galatians 4:17	[true,true,true]
Galatians 4:18	[true]
Galatians 4:19	[true]
Galatians 4:20	[true,true]
Galatians 4:21	[true,true]
Galatians 4:22	[]
Galatians 4:23	[]
Galatians 4:24	[]
Galatians 4:25	[]
Galatians 4:26	[]
Galatians 4:27	[false]
Galatians 4:28	[true]
Galatians 4:29	[]
Galatians 4:30	[]
Galatians 4:31	[]
Galatians 5:1	[]
Galatians 5:2	[true,true,true,true]
Galatians 5:3	[]
Galatians 5:4	[true,true]
Galatians 5:5	[]
Galatians 5:6	[]
Galatians 5:7	[true,true]
Galatians 5:8	[true]
Galatians 5:9	[]
Galatians 5:10	[true,true]
Galatians 5:11	[]
Galatians 5:12	[true]
Galatians 5:13	[true,true]
Galatians 5:14	[false,false]
Galatians 5:15	[true,true]
Galatians 5:16	[true]
Galatians 5:17	[true,true]
Galatians 5:18	[true,true]
Galatians 5:19	[]
Galatians 5:20	[]
Galatians 5:21	[true]
Galatians 5:22	[]
Galatians 5:23	[]
Galatians 5:24	[]
Galatians 5:25	[]
Galatians 5:26	[]
Galatians 6:1	[true,false,false]
Galatians 6:2	[true]
Galatians 6:3	[]
Galatians 6:4	[]
Galatians 6:5	[]
Galatians 6:6	[]
Galatians 6:7	[]
Galatians 6:8	[]
Galatians 6:9	[]
Galatians 6:10	[]
Galatians 6:11	[true]
Galatians 6:12	[true]
Galatians 6:13	[true,true]
Galatians 6:14	[]
Galatians 6:15	[]
Galatians 6:16	[]
Galatians 6:17	[]
Galatians 6:18	[true]
Ephesians 1:1	[]
Ephesians 1:2	[true]
Ephesians 1:3	[]
Ephesians 1:4	[]
Ephesians 1:5	[]
Ephesians 1:6	[]
Ephesians 1:7	[]
Ephesians 1:8	[]
Ephesians 1:9	[]
Ephesians 1:10	[]
Ephesians 1:11	[]
Ephesians 1:12	[]
Ephesians 1:13	[true,true]
Ephesians 1:14	[]
Ephesians 1:15	[true,true]
Ephesians 1:16	[true,true]
Ephesians 1:17	[true,true]
Ephesians 1:18	[true,true]
Ephesians 1:19	[]
Ephesians 1:20	[]
Ephesians 1:21	[]
Ephesians 1:22	[]
Ephesians 1:23	[]
Ephesians 2:1	[true,true]
Ephesians 2:2	[true,true]
Ephesians 2:3	[]
Ephesians 2:4	[]
Ephesians 2:5	[true]
Ephesians 2:6	[]
Ephesians 2:7	[]
Ephesians 2:8	[true,true]
Ephesians 2:9	[]
Ephesians 2:10	[]
Ephesians 2:11	[true]
Ephesians 2:12	[true]
Ephesians 2:13	[true]
Ephesians 2:14	[]
Ephesians 2:15	[]
Ephesians 2:16	[]
Ephesians 2:17	[true]
Ephesians 2:18	[]
Ephesians 2:19	[true]
Ephesians 2:20	[]
Ephesians 2:21	[]
Ephesians 2:22	[true]
Ephesians 3:1	[true]
Ephesians 3:2	[true,true]
Ephesians 3:3	[]
Ephesians 3:4	[true]
Ephesians 3:5	[]
Ephesians 3:6	[]
Ephesians 3:7	[]
Ephesians 3:8	[]
Ephesians 3:9	[]
Ephesians 3:10	[]
Ephesians 3:11	[]
Ephesians 3:12	[]
Ephesians 3:13	[true,true,true]
Ephesians 3:14	[]
Ephesians 3:15	[]
Ephesians 3:16	[true,true]
Ephesians 3:17	[true,true]
Ephesians 3:18	[]
Ephesians 3:19	[true]
Ephesians 3:20	[]
Ephesians 3:21	[]
Ephesians 4:1	[true,true]
Ephesians 4:2	[]
Ephesians 4:3	[]
Ephesians 4:4	[true,true]
Ephesians 4:5	[]
Ephesians 4:6	[]
Ephesians 4:7	[]
Ephesians 4:8	[]
Ephesians 4:9	[]
Ephesians 4:10	[]
Ephesians 4:11	[]
Ephesians 4:12	[]
Ephesians 4:13	[]
Ephesians 4:14	[]
Ephesians 4:15	[]
Ephesians 4:16	[]
Ephesians 4:17	[true,true]
Ephesians 4:18	[]
Ephesians 4:19	[]
Ephesians 4:20	[true]
Ephesians 4:21	[true]
Ephesians 4:22	[true,true]
Ephesians 4:23	[true]
Ephesians 4:24	[]
Ephesians 4:25	[false]
Ephesians 4:26	[true]
Ephesians 4:27	[]
Ephesians 4:28	[]
Ephesians 4:29	[true]
Ephesians 4:30	[true]
Ephesians 4:31	[]
Ephesians 4:32	[true]
Ephesians 5:1	[]
Ephesians 5:2	[]
Ephesians 5:3	[true]
Ephesians 5:4	[]
Ephesians 5:5	[true]
Ephesians 5:6	[true]
Ephesians 5:7	[]
Ephesians 5:8	[true,true]
Ephesians 5:9	[]
Ephesians 5:10	[]
Ephesians 5:11	[]
Ephesians 5:12	[]
Ephesians 5:13	[]
Ephesians 5:14	[false]
Ephesians 5:15	[true]
Ephesians 5:16	[]
Ephesians 5:17	[]
Ephesians 5:18	[]
Ephesians 5:19	[true]
Ephesians 5:20	[]
Ephesians 5:21	[]
Ephesians 5:22	[true]
Ephesians 5:23	[]
Ephesians 5:24	[]
Ephesians 5:25	[false]
Ephesians 5:26	[]
Ephesians 5:27	[]
Ephesians 5:28	[]
Ephesians 5:29	[]
Ephesians 5:30	[]
Ephesians 5:31	[]
Ephesians 5:32	[]
Ephesians 5:33	[true]
Ephesians 6:1	[true]
Ephesians 6:2	[false]
Ephesians 6:3	[false,false]
Ephesians 6:4	[true]
Ephesians 6:5	[false,false]
Ephesians 6:6	[false]
Ephesians 6:7	[]
Ephesians 6:8	[true]
Ephesians 6:9	[true,true,true,true]
Ephesians 6:10	[]
Ephesians 6:11	[true,true]
Ephesians 6:12	[]
Ephesians 6:13	[true,true]
Ephesians 6:14	[true]
Ephesians 6:15	[false]
Ephesians 6:16	[true]
Ephesians 6:17	[]
Ephesians 6:18	[false]
Ephesians 6:19	[]
Ephesians 6:20	[]
Ephesians 6:21	[true,true]
Ephesians 6:22	[true,true,true]
Ephesians 6:23	[]
Ephesians 6:24	[]
Philippians 1:1	[]
Philippians 1:2	[true]
Philippians 1:3	[true]
Philippians 1:4	[true]
Philippians 1:5	[true]
Philippians 1:6	[true]
Philippians 1:7	[true,true,true]
Philippians 1:8	[true]
Philippians 1:9	[true]
Philippians 1:10	[true]
Philippians 1:11	[]
Philippians 1:12	[true]
Philippians 1:13	[]
Philippians 1:14	[]
Philippians 1:15	[]
Philippians 1:16	[]
Philippians 1:17	[]
Philippians 1:18	[]
Philippians 1:19	[true]
Philippians 1:20	[]
Philippians 1:21	[]
Philippians 1:22	[]
Philippians 1:23	[]
Philippians 1:24	[true]
Philippians 1:25	[true,true]
Philippians 1:26	[true,true]
Philippians 1:27	[true,true,true,true]
Philippians 1:28	[true,true]
Philippians 1:29	[true]
Philippians 1:30	[true,true]
Philippians 2:1	[false]
Philippians 2:2	[]
Philippians 2:3	[false]
Philippians 2:4	[true,true]
Philippians 2:5	[true]
Philippians 2:6	[]
Philippians 2:7	[]
Philippians 2:8	[]
Philippians 2:9	[]
Philippians 2:10	[]
Philippians 2:11	[]
Philippians 2:12	[true,true]
Philippians 2:13	[true]
Philippians 2:14	[]
Philippians 2:15	[true,true]
Philippians 2:16	[true]
Philippians 2:17	[true,true]
Philippians 2:18	[true]
Philippians 2:19	[true,true]
Philippians 2:20	[true]
Philippians 2:21	[]
Philippians 2:22	[true]
Philippians 2:23	[]
Philippians 2:24	[]
Philippians 2:25	[true,true]
Philippians 2:26	[true,true]
Philippians 2:27	[]
Philippians 2:28	[true,true]
Philippians 2:29	[]
Philippians 2:30	[true]
Philippians 3:1	[true,true]
Philippians 3:2	[]
Philippians 3:3	[]
Philippians 3:4	[]
Philippians 3:5	[]
Philippians 3:6	[]
Philippians 3:7	[]
Philippians 3:8	[]
Philippians 3:9	[]
Philippians 3:10	[]
Philippians 3:11	[]
Philippians 3:12	[]
Philippians 3:13	[]
Philippians 3:14	[]
Philippians 3:15	[true,true]
Philippians 3:16	[]
Philippians 3:17	[true]
Philippians 3:18	[true]
Philippians 3:19	[]
Philippians 3:20	[]
Philippians 3:21	[]
Philippians 4:1	[true]
Philippians 4:2	[]
Philippians 4:3	[false]
Philippians 4:4	[]
Philippians 4:5	[true]
Philippians 4:6	[true]
Philippians 4:7	[true,true]
Philippians 4:8	[]
Philippians 4:9	[true,true]
Philippians 4:10	[true,true,true,true]
Philippians 4:11	[]
Philippians 4:12	[]
Philippians 4:13	[]
Philippians 4:14	[true]
Philippians 4:15	[true,true]
Philippians 4:16	[true]
Philippians 4:17	[true]
Philippians 4:18	[true]
Philippians 4:19	[true]
Philippians 4:20	[]
Philippians 4:21	[false]
Philippians 4:22	[false]
Philippians 4:23	[true]
Colossians 1:1	[]
Colossians 1:2	[true]
Colossians 1:3	[true]
Colossians 1:4	[true,true]
Colossians 1:5	[true,true]
Colossians 1:6	[true,true,true]
Colossians 1:7	[true]
Colossians 1:8	[true]
Colossians 1:9	[true,true,true]
Colossians 1:10	[false]
Colossians 1:11	[false]
Colossians 1:12	[true]
Colossians 1:13	[]
Colossians 1:14	[]
Colossians 1:15	[]
Colossians 1:16	[]
Colossians 1:17	[]
Colossians 1:18	[]
Colossians 1:19	[]
Colossians 1:20	[]
Colossians 1:21	[true,true]
Colossians 1:22	[true,true]
Colossians 1:23	[true,true,true]
Colossians 1:24	[false]
Colossians 1:25	[true]
Colossians 1:26	[]
Colossians 1:27	[true]
Colossians 1:28	[]
Colossians 1:29	[]
Colossians 2:1	[true,true]
Colossians 2:2	[]
Colossians 2:3	[]
Colossians 2:4	[true]
Colossians 2:5	[true,true,true]
Colossians 2:6	[true]
Colossians 2:7	[true]
Colossians 2:8	[false]
Colossians 2:9	[]
Colossians 2:10	[true]
Colossians 2:11	[true,true]
Colossians 2:12	[true,true]
Colossians 2:13	[true,true,true,true]
Colossians 2:14	[]
Colossians 2:15	[]
Colossians 2:16	[true,true]
Colossians 2:17	[]
Colossians 2:18	[true]
Colossians 2:19	[]
Colossians 2:20	[true,true,true]
Colossians 2:21	[]
Colossians 2:22	[]
Colossians 2:23	[]
Colossians 3:1	[true]
Colossians 3:2	[true]
Colossians 3:3	[true,true]
Colossians 3:4	[true,true]
Colossians 3:5	[false]
Colossians 3:6	[]
Colossians 3:7	[true,true]
Colossians 3:8	[true,true]
Colossians 3:9	[true]
Colossians 3:10	[]
Colossians 3:11	[]
Colossians 3:12	[true]
Colossians 3:13	[true,true]
Colossians 3:14	[]
Colossians 3:15	[true,true]
Colossians 3:16	[true,true,true,true]
Colossians 3:17	[true]
Colossians 3:18	[false]
Colossians 3:19	[false]
Colossians 3:20	[false]
Colossians 3:21	[true]
Colossians 3:22	[false]
Colossians 3:23	[true,true]
Colossians 3:24	[true,true,true,true]
Colossians 3:25	[]
Colossians 4:1	[true,true,true]
Colossians 4:2	[true]
Colossians 4:3	[true]
Colossians 4:4	[]
Colossians 4:5	[]
Colossians 4:6	[true,true]
Colossians 4:7	[true]
Colossians 4:8	[true,true,true]
Colossians 4:9	[true,true]
Colossians 4:10	[true,true,true]
Colossians 4:11	[]
Colossians 4:12	[true,true,true,true]
Colossians 4:13	[true]
Colossians 4:14	[false]
Colossians 4:15	[]
Colossians 4:16	[true,true]
Colossians 4:17	[false,false]
Colossians 4:18	[true]
1 Thessalonians 1:1	[true]
1 Thessalonians 1:2	[true,true]
1 Thessalonians 1:3	[true,true,true]
1 Thessalonians 1:4	[true]
1 Thessalonians 1:5	[true,true,true,true]
1 Thessalonians 1:6	[true,true,true]
1 Thessalonians 1:7	[true]
1 Thessalonians 1:8	[true,true]
1 Thessalonians 1:9	[true,true]
1 Thessalonians 1:10	[]
1 Thessalonians 2:1	[true,true,true]
1 Thessalonians 2:2	[true,true]
1 Thessalonians 2:3	[]
1 Thessalonians 2:4	[]
1 Thessalonians 2:5	[true]
1 Thessalonians 2:6	[true]
1 Thessalonians 2:7	[true]
1 Thessalonians 2:8	[true,true]
1 Thessalonians 2:9	[true,true]
1 Thessalonians 2:10	[true,true]
1 Thessalonians 2:11	[true,true]
1 Thessalonians 2:12	[true,true,true,true]
1 Thessalonians 2:13	[true,true,true,true]
1 Thessalonians 2:14	[true,true,true]
1 Thessalonians 2:15	[]
1 Thessalonians 2:16	[]
1 Thessalonians 2:17	[true,true]
1 Thessalonians 2:18	[true]
1 Thessalonians 2:19	[true,true]
1 Thessalonians 2:20	[true]
1 Thessalonians 3:1	[]
1 Thessalonians 3:2	[true,true]
1 Thessalonians 3:3	[false,false]
1 Thessalonians 3:4	[true,true,true]
1 Thessalonians 3:5	[true,true]
1 Thessalonians 3:6	[true,true,true,true]
1 Thessalonians 3:7	[true,true]
1 Thessalonians 3:8	[true]
1 Thessalonians 3:9	[true,true]
1 Thessalonians 3:10	[true,true]
1 Thessalonians 3:11	[true]
1 Thessalonians 3:12	[true,true]
1 Thessalonians 3:13	[true]
1 Thessalonians 4:1	[true,true,true,true]
1 Thessalonians 4:2	[true,true]
1 Thessalonians 4:3	[true,true]
1 Thessalonians 4:4	[true]
1 Thessalonians 4:5	[]
1 Thessalonians 4:6	[true,true]
1 Thessalonians 4:7	[]
1 Thessalonians 4:8	[true]
1 Thessalonians 4:9	[true,true,true,true]
1 Thessalonians 4:10	[true,true]
1 Thessalonians 4:11	[true,true,true]
1 Thessalonians 4:12	[true]
1 Thessalonians 4:13	[true,true]
1 Thessalonians 4:14	[]
1 Thessalonians 4:15	[true]
1 Thessalonians 4:16	[]
1 Thessalonians 4:17	[]
1 Thessalonians 4:18	[]
1 Thessalonians 5:1	[true]
1 Thessalonians 5:2	[false]
1 Thessalonians 5:3	[]
1 Thessalonians 5:4	[true,true]
1 Thessalonians 5:5	[true]
1 Thessalonians 5:6	[]
1 Thessalonians 5:7	[]
1 Thessalonians 5:8	[]
1 Thessalonians 5:9	[]
1 Thessalonians 5:10	[]
1 Thessalonians 5:11	[true]
1 Thessalonians 5:12	[true,true,true,true]
1 Thessalonians 5:13	[]
1 Thessalonians 5:14	[true]
1 Thessalonians 5:15	[]
1 Thessalonians 5:16	[]
1 Thessalonians 5:17	[]
1 Thessalonians 5:18	[true]
1 Thessalonians 5:19	[]
1 Thessalonians 5:20	[]
1 Thessalonians 5:21	[]
1 Thessalonians 5:22	[]
1 Thessalonians 5:23	[true,true]
1 Thessalonians 5:24	[true]
1 Thessalonians 5:25	[]
1 Thessalonians 5:26	[]
1 Thessalonians 5:27	[true]
1 Thessalonians 5:28	[true]
2 Thessalonians 1:1	[]
2 Thessalonians 1:2	[true]
2 Thessalonians 1:3	[true,true,true]
2 Thessalonians 1:4	[true,true]
2 Thessalonians 1:5	[true,true]
2 Thessalonians 1:6	[true]
2 Thessalonians 1:7	[true]
2 Thessalonians 1:8	[]
2 Thessalonians 1:9	[]
2 Thessalonians 1:10	[true]
2 Thessalonians 1:11	[true,true,true]
2 Thessalonians 1:12	[true,true]
2 Thessalonians 2:1	[true]
2 Thessalonians 2:2	[]
2 Thessalonians 2:3	[true]
2 Thessalonians 2:4	[]
2 Thessalonians 2:5	[true,true,true]
2 Thessalonians 2:6	[true]
2 Thessalonians 2:7	[]
2 Thessalonians 2:8	[]
2 Thessalonians 2:9	[]
2 Thessalonians 2:10	[]
2 Thessalonians 2:11	[]
2 Thessalonians 2:12	[]
2 Thessalonians 2:13	[true,true]
2 Thessalonians 2:14	[true,true]
2 Thessalonians 2:15	[true]
2 Thessalonians 2:16	[]
2 Thessalonians 2:17	[true,true]
2 Thessalonians 3:1	[true]
2 Thessalonians 3:2	[]
2 Thessalonians 3:3	[true,true]
2 Thessalonians 3:4	[true]
2 Thessalonians 3:5	[true]
2 Thessalonians 3:6	[true,true]
2 Thessalonians 3:7	[true,true,true,true]
2 Thessalonians 3:8	[true]
2 Thessalonians 3:9	[true]
2 Thessalonians 3:10	[true,true]
2 Thessalonians 3:11	[true]
2 Thessalonians 3:12	[]
2 Thessalonians 3:13	[true]
2 Thessalonians 3:14	[]
2 Thessalonians 3:15	[]
2 Thessalonians 3:16	[true,true]
2 Thessalonians 3:17	[]
2 Thessalonians 3:18	[true]
1 Timothy 1:1	[]
1 Timothy 1:2	[]
1 Timothy 1:3	[false,false]
1 Timothy 1:4	[]
1 Timothy 1:5	[]
1 Timothy 1:6	[]
1 Timothy 1:7	[]
1 Timothy 1:8	[]
1 Timothy 1:9	[]
1 Timothy 1:10	[]
1 Timothy 1:11	[]
1 Timothy 1:12	[]
1 Timothy 1:13	[]
1 Timothy 1:14	[]
1 Timothy 1:15	[]
1 Timothy 1:16	[]
1 Timothy 1:17	[]
1 Timothy 1:18	[false,false,false]
1 Timothy 1:19	[]
1 Timothy 1:20	[]
1 Timothy 2:1	[]
1 Timothy 2:2	[]
1 Timothy 2:3	[]
1 Timothy 2:4	[]
1 Timothy 2:5	[]
1 Timothy 2:6	[]
1 Timothy 2:7	[]
1 Timothy 2:8	[]
1 Timothy 2:9	[]
1 Timothy 2:10	[]
1 Timothy 2:11	[]
1 Timothy 2:12	[]
1 Timothy 2:13	[]
1 Timothy 2:14	[]
1 Timothy 2:15	[]
1 Timothy 3:1	[]
1 Timothy 3:2	[]
1 Timothy 3:3	[]
1 Timothy 3:4	[]
1 Timothy 3:5	[]
1 Timothy 3:6	[]
1 Timothy 3:7	[]
1 Timothy 3:8	[]
1 Timothy 3:9	[]
1 Timothy 3:10	[]
1 Timothy 3:11	[]
1 Timothy 3:12	[]
1 Timothy 3:13	[]
1 Timothy 3:14	[false,false]
1 Timothy 3:15	[false]
1 Timothy 3:16	[]
1 Timothy 4:1	[]
1 Timothy 4:2	[]
1 Timothy 4:3	[]
1 Timothy 4:4	[]
1 Timothy 4:5	[]
1 Timothy 4:6	[false,false]
1 Timothy 4:7	[false]
1 Timothy 4:8	[]
1 Timothy 4:9	[]
1 Timothy 4:10	[]
1 Timothy 4:11	[]
1 Timothy 4:12	[false]
1 Timothy 4:13	[false]
1 Timothy 4:14	[false,false,false]
1 Timothy 4:15	[false]
1 Timothy 4:16	[false,false,false,false,false]
1 Timothy 5:1	[]
1 Timothy 5:2	[]
1 Timothy 5:3	[]
1 Timothy 5:4	[]
1 Timothy 5:5	[]
1 Timothy 5:6	[]
1 Timothy 5:7	[]
1 Timothy 5:8	[]
1 Timothy 5:9	[]
1 Timothy 5:10	[]
1 Timothy 5:11	[]
1 Timothy 5:12	[]
1 Timothy 5:13	[]
1 Timothy 5:14	[]
1 Timothy 5:15	[]
1 Timothy 5:16	[]
1 Timothy 5:17	[]
1 Timothy 5:18	[]
1 Timothy 5:19	[]
1 Timothy 5:20	[]
1 Timothy 5:21	[false]
1 Timothy 5:22	[false]
1 Timothy 5:23	[false,false]
1 Timothy 5:24	[]
1 Timothy 5:25	[]
1 Timothy 6:1	[]
1 Timothy 6:2	[]
1 Timothy 6:3	[]
1 Timothy 6:4	[]
1 Timothy 6:5	[]
1 Timothy 6:6	[]
1 Timothy 6:7	[]
1 Timothy 6:8	[]
1 Timothy 6:9	[]
1 Timothy 6:10	[]
1 Timothy 6:11	[false]
1 Timothy 6:12	[false,false]
1 Timothy 6:13	[false]
1 Timothy 6:14	[]
1 Timothy 6:15	[]
1 Timothy 6:16	[]
1 Timothy 6:17	[]
1 Timothy 6:18	[]
1 Timothy 6:19	[]
1 Timothy 6:20	[false]
1 Timothy 6:21	[true]
2 Timothy 1:1	[]
2 Timothy 1:2	[]
2 Timothy 1:3	[false]
2 Timothy 1:4	[false,false]
2 Timothy 1:5	[false,false,false,false]
2 Timothy 1:6	[false,false]
2 Timothy 1:7	[]
2 Timothy 1:8	[]
2 Timothy 1:9	[]
2 Timothy 1:10	[]
2 Timothy 1:11	[]
2 Timothy 1:12	[]
2 Timothy 1:13	[false]
2 Timothy 1:14	[false]
2 Timothy 1:15	[false]
2 Timothy 1:16	[]
2 Timothy 1:17	[]
2 Timothy 1:18	[false]
2 Timothy 2:1	[false]
2 Timothy 2:2	[false]
2 Timothy 2:3	[]
2 Timothy 2:4	[]
2 Timothy 2:5	[]
2 Timothy 2:6	[]
2 Timothy 2:7	[false]
2 Timothy 2:8	[]
2 Timothy 2:9	[]
2 Timothy 2:10	[]
2 Timothy 2:11	[]
2 Timothy 2:12	[]
2 Timothy 2:13	[]
2 Timothy 2:14	[]
2 Timothy 2:15	[false]
2 Timothy 2:16	[]
2 Timothy 2:17	[]
2 Timothy 2:18	[]
2 Timothy 2:19	[]
2 Timothy 2:20	[]
2 Timothy 2:21	[]
2 Timothy 2:22	[]
2 Timothy 2:23	[false]
2 Timothy 2:24	[]
2 Timothy 2:25	[]
2 Timothy 2:26	[]
2 Timothy 3:1	[]
2 Timothy 3:2	[]
2 Timothy 3:3	[]
2 Timothy 3:4	[]
2 Timothy 3:5	[]
2 Timothy 3:6	[]
2 Timothy 3:7	[]
2 Timothy 3:8	[]
2 Timothy 3:9	[]
2 Timothy 3:10	[false]
2 Timothy 3:11	[]
2 Timothy 3:12	[]
2 Timothy 3:13	[]
2 Timothy 3:14	[false,false,false,false]
2 Timothy 3:15	[false,false]
2 Timothy 3:16	[]
2 Timothy 3:17	[]
2 Timothy 4:1	[false]
2 Timothy 4:2	[]
2 Timothy 4:3	[]
2 Timothy 4:4	[]
2 Timothy 4:5	[false,false]
2 Timothy 4:6	[]
2 Timothy 4:7	[]
2 Timothy 4:8	[]
2 Timothy 4:9	[]
2 Timothy 4:10	[]
2 Timothy 4:11	[false]
2 Timothy 4:12	[]
2 Timothy 4:13	[false]
2 Timothy 4:14	[]
2 Timothy 4:15	[false]
2 Timothy 4:16	[]
2 Timothy 4:17	[]
2 Timothy 4:18	[]
2 Timothy 4:19	[]
2 Timothy 4:20	[]
2 Timothy 4:21	[false]
2 Timothy 4:22	[false,true]
Titus 1:1	[]
Titus 1:2	[]
Titus 1:3	[]
Titus 1:4	[]
Titus 1:5	[false,false,false]
Titus 1:6	[]
Titus 1:7	[]
Titus 1:8	[]
Titus 1:9	[]
Titus 1:10	[]
Titus 1:11	[]
Titus 1:12	[]
Titus 1:13	[]
Titus 1:14	[]
Titus 1:15	[]
Titus 1:16	[]
Titus 2:1	[false]
Titus 2:2	[]
Titus 2:3	[]
Titus 2:4	[]
Titus 2:5	[]
Titus 2:6	[]
Titus 2:7	[false,false]
Titus 2:8	[]
Titus 2:9	[]
Titus 2:10	[]
Titus 2:11	[]
Titus 2:12	[]
Titus 2:13	[]
Titus 2:14	[]
Titus 2:15	[false,false]
Titus 3:1	[]
Titus 3:2	[]
Titus 3:3	[]
Titus 3:4	[]
Titus 3:5	[]
Titus 3:6	[]
Titus 3:7	[]
Titus 3:8	[false]
Titus 3:9	[]
Titus 3:10	[]
Titus 3:11	[]
Titus 3:12	[false]
Titus 3:13	[false]
Titus 3:14	[]
Titus 3:15	[true,true]
Philemon 1:1	[]
Philemon 1:2	[false]
Philemon 1:3	[true]
Philemon 1:4	[false]
Philemon 1:5	[false,false]
Philemon 1:6	[false,false]
Philemon 1:7	[false,false]
Philemon 1:8	[false]
Philemon 1:9	[]
Philemon 1:10	[false]
Philemon 1:11	[false,false]
Philemon 1:12	[false]
Philemon 1:13	[false]
Philemon 1:14	[false,false,false]
Philemon 1:15	[false,false]
Philemon 1:16	[false]
Philemon 1:17	[false,false]
Philemon 1:18	[false,false]
Philemon 1:19	[false,false]
Philemon 1:20	[false]
Philemon 1:21	[false,false,false]
Philemon 1:22	[true,true]
Philemon 1:23	[false]
Philemon 1:24	[]
Philemon 1:25	[true]
Hebrews 1:1	[]
Hebrews 1:2	[]
Hebrews 1:3	[]
Hebrews 1:4	[]
Hebrews 1:5	[false,false]
Hebrews 1:6	[]
Hebrews 1:7	[]
Hebrews 1:8	[false,false]
Hebrews 1:9	[false,false,false,false]
Hebrews 1:10	[false,false]
Hebrews 1:11	[false]
Hebrews 1:12	[false,false,false]
Hebrews 1:13	[false,false]
Hebrews 1:14	[]
Hebrews 2:1	[]
Hebrews 2:2	[]
Hebrews 2:3	[]
Hebrews 2:4	[]
Hebrews 2:5	[]
Hebrews 2:6	[false,false]
Hebrews 2:7	[false,false]
Hebrews 2:8	[]
Hebrews 2:9	[]
Hebrews 2:10	[]
Hebrews 2:11	[]
Hebrews 2:12	[false,false]
Hebrews 2:13	[]
Hebrews 2:14	[]
Hebrews 2:15	[]
Hebrews 2:16	[]
Hebrews 2:17	[]
Hebrews 2:18	[]
Hebrews 3:1	[true]
Hebrews 3:2	[]
Hebrews 3:3	[]
Hebrews 3:4	[]
Hebrews 3:5	[]
Hebrews 3:6	[]
Hebrews 3:7	[true]
Hebrews 3:8	[true,true]
Hebrews 3:9	[true]
Hebrews 3:10	[]
Hebrews 3:11	[]
Hebrews 3:12	[true]
Hebrews 3:13	[true]
Hebrews 3:14	[]
Hebrews 3:15	[true,true,true]
Hebrews 3:16	[]
Hebrews 3:17	[]
Hebrews 3:18	[]
Hebrews 3:19	[]
Hebrews 4:1	[true]
Hebrews 4:2	[]
Hebrews 4:3	[]
Hebrews 4:4	[]
Hebrews 4:5	[]
Hebrews 4:6	[]
Hebrews 4:7	[true,true]
Hebrews 4:8	[]
Hebrews 4:9	[]
Hebrews 4:10	[]
Hebrews 4:11	[]
Hebrews 4:12	[]
Hebrews 4:13	[]
Hebrews 4:14	[]
Hebrews 4:15	[]
Hebrews 4:16	[]
Hebrews 5:1	[]
Hebrews 5:2	[]
Hebrews 5:3	[]
Hebrews 5:4	[]
Hebrews 5:5	[false,false]
Hebrews 5:6	[false]
Hebrews 5:7	[]
Hebrews 5:8	[]
Hebrews 5:9	[]
Hebrews 5:10	[]
Hebrews 5:11	[true]
Hebrews 5:12	[true,true,true,true]
Hebrews 5:13	[]
Hebrews 5:14	[]
Hebrews 6:1	[]
Hebrews 6:2	[]
Hebrews 6:3	[]
Hebrews 6:4	[]
Hebrews 6:5	[]
Hebrews 6:6	[]
Hebrews 6:7	[]
Hebrews 6:8	[]
Hebrews 6:9	[true]
Hebrews 6:10	[true,true,true]
Hebrews 6:11	[true,true]
Hebrews 6:12	[true]
Hebrews 6:13	[]
Hebrews 6:14	[false,false]
Hebrews 6:15	[]
Hebrews 6:16	[]
Hebrews 6:17	[]
Hebrews 6:18	[]
Hebrews 6:19	[]
Hebrews 6:20	[]
Hebrews 7:1	[]
Hebrews 7:2	[]
Hebrews 7:3	[]
Hebrews 7:4	[]
Hebrews 7:5	[]
Hebrews 7:6	[]
Hebrews 7:7	[]
Hebrews 7:8	[]
Hebrews 7:9	[]
Hebrews 7:10	[]
Hebrews 7:11	[]
Hebrews 7:12	[]
Hebrews 7:13	[]
Hebrews 7:14	[]
Hebrews 7:15	[]
Hebrews 7:16	[]
Hebrews 7:17	[false]
Hebrews 7:18	[]
Hebrews 7:19	[]
Hebrews 7:20	[]
Hebrews 7:21	[false]
Hebrews 7:22	[]
Hebrews 7:23	[]
Hebrews 7:24	[]
Hebrews 7:25	[]
Hebrews 7:26	[]
Hebrews 7:27	[]
Hebrews 7:28	[]
Hebrews 8:1	[]
Hebrews 8:2	[]
Hebrews 8:3	[]
Hebrews 8:4	[]
Hebrews 8:5	[false,false]
Hebrews 8:6	[]
Hebrews 8:7	[]
Hebrews 8:8	[]
Hebrews 8:9	[]
Hebrews 8:10	[]
Hebrews 8:11	[]
Hebrews 8:12	[]
Hebrews 8:13	[]
Hebrews 9:1	[]
Hebrews 9:2	[]
Hebrews 9:3	[]
Hebrews 9:4	[]
Hebrews 9:5	[]
Hebrews 9:6	[]
Hebrews 9:7	[]
Hebrews 9:8	[]
Hebrews 9:9	[]
Hebrews 9:10	[]
Hebrews 9:11	[]
Hebrews 9:12	[]
Hebrews 9:13	[]
Hebrews 9:14	[]
Hebrews 9:15	[]
Hebrews 9:16	[]
Hebrews 9:17	[]
Hebrews 9:18	[]
Hebrews 9:19	[]
Hebrews 9:20	[true]
Hebrews 9:21	[]
Hebrews 9:22	[]
Hebrews 9:23	[]
Hebrews 9:24	[]
Hebrews 9:25	[]
Hebrews 9:26	[]
Hebrews 9:27	[]
Hebrews 9:28	[]
Hebrews 10:1	[]
Hebrews 10:2	[]
Hebrews 10:3	[]
Hebrews 10:4	[]
Hebrews 10:5	[false,false]
Hebrews 10:6	[false]
Hebrews 10:7	[false]
Hebrews 10:8	[false,false]
Hebrews 10:9	[false]
Hebrews 10:10	[]
Hebrews 10:11	[]
Hebrews 10:12	[]
Hebrews 10:13	[]
Hebrews 10:14	[]
Hebrews 10:15	[]
Hebrews 10:16	[]
Hebrews 10:17	[]
Hebrews 10:18	[]
Hebrews 10:19	[]
Hebrews 10:20	[]
Hebrews 10:21	[]
Hebrews 10:22	[]
Hebrews 10:23	[]
Hebrews 10:24	[]
Hebrews 10:25	[true]
Hebrews 10:26	[]
Hebrews 10:27	[]
Hebrews 10:28	[]
Hebrews 10:29	[true]
Hebrews 10:30	[]
Hebrews 10:31	[]
Hebrews 10:32	[true,true]
Hebrews 10:33	[true,true]
Hebrews 10:34	[true,true,true,true]
Hebrews 10:35	[true]
Hebrews 10:36	[true,true,true]
Hebrews 10:37	[]
Hebrews 10:38	[]
Hebrews 10:39	[]
Hebrews 11:1	[]
Hebrews 11:2	[]
Hebrews 11:3	[]
Hebrews 11:4	[]
Hebrews 11:5	[]
Hebrews 11:6	[]
Hebrews 11:7	[]
Hebrews 11:8	[]
Hebrews 11:9	[]
Hebrews 11:10	[]
Hebrews 11:11	[]
Hebrews 11:12	[]
Hebrews 11:13	[]
Hebrews 11:14	[]
Hebrews 11:15	[]
Hebrews 11:16	[]
Hebrews 11:17	[]
Hebrews 11:18	[false]
Hebrews 11:19	[]
Hebrews 11:20	[]
Hebrews 11:21	[]
Hebrews 11:22	[]
Hebrews 11:23	[]
Hebrews 11:24	[]
Hebrews 11:25	[]
Hebrews 11:26	[]
Hebrews 11:27	[]
Hebrews 11:28	[]
Hebrews 11:29	[]
Hebrews 11:30	[]
Hebrews 11:31	[]
Hebrews 11:32	[]
Hebrews 11:33	[]
Hebrews 11:34	[]
Hebrews 11:35	[]
Hebrews 11:36	[]
Hebrews 11:37	[]
Hebrews 11:38	[]
Hebrews 11:39	[]
Hebrews 11:40	[]
Hebrews 12:1	[]
Hebrews 12:2	[]
Hebrews 12:3	[true]
Hebrews 12:4	[true,true,true]
Hebrews 12:5	[true,true,true]
Hebrews 12:6	[]
Hebrews 12:7	[true]
Hebrews 12:8	[true,true]
Hebrews 12:9	[]
Hebrews 12:10	[]
Hebrews 12:11	[]
Hebrews 12:12	[false]
Hebrews 12:13	[true]
Hebrews 12:14	[]
Hebrews 12:15	[]
Hebrews 12:16	[]
Hebrews 12:17	[true]
Hebrews 12:18	[true]
Hebrews 12:19	[]
Hebrews 12:20	[]
Hebrews 12:21	[]
Hebrews 12:22	[true,true]
Hebrews 12:23	[false]
Hebrews 12:24	[]
Hebrews 12:25	[true]
Hebrews 12:26	[]
Hebrews 12:27	[]
Hebrews 12:28	[]
Hebrews 12:29	[]
Hebrews 13:1	[]
Hebrews 13:2	[]
Hebrews 13:3	[true,true]
Hebrews 13:4	[]
Hebrews 13:5	[false,false,false,false]
Hebrews 13:6	[]
Hebrews 13:7	[true,true]
Hebrews 13:8	[]
Hebrews 13:9	[]
Hebrews 13:10	[]
Hebrews 13:11	[]
Hebrews 13:12	[]
Hebrews 13:13	[]
Hebrews 13:14	[]
Hebrews 13:15	[]
Hebrews 13:16	[]
Hebrews 13:17	[true,true,true]
Hebrews 13:18	[]
Hebrews 13:19	[true,true]
Hebrews 13:20	[]
Hebrews 13:21	[true]
Hebrews 13:22	[true,true]
Hebrews 13:23	[true]
Hebrews 13:24	[true,true]
Hebrews 13:25	[true]
James 1:1	[]
James 1:2	[true]
James 1:3	[true,true]
James 1:4	[true]
James 1:5	[true]
James 1:6	[]
James 1:7	[]
James 1:8	[]
James 1:9	[]
James 1:10	[]
James 1:11	[]
James 1:12	[]
James 1:13	[]
James 1:14	[]
James 1:15	[]
James 1:16	[]
James 1:17	[]
James 1:18	[]
James 1:19	[]
James 1:20	[]
James 1:21	[true,true]
James 1:22	[true,true]
James 1:23	[]
James 1:24	[]
James 1:25	[]
James 1:26	[]
James 1:27	[]
James 2:1	[true,true]
James 2:2	[true]
James 2:3	[true,false]
James 2:4	[true,true]
James 2:5	[]
James 2:6	[true,true,true]
James 2:7	[true]
James 2:8	[true,false,false,true]
James 2:9	[true,true]
James 2:10	[]
James 2:11	[false,false]
James 2:12	[]
James 2:13	[]
James 2:14	[]
James 2:15	[]
James 2:16	[true]
James 2:17	[]
James 2:18	[false,false,false]
James 2:19	[false,false]
James 2:20	[false]
James 2:21	[]
James 2:22	[false]
James 2:23	[]
James 2:24	[true]
James 2:25	[]
James 2:26	[]
James 3:1	[true,true]
James 3:2	[]
James 3:3	[]
James 3:4	[]
James 3:5	[]
James 3:6	[]
James 3:7	[]
James 3:8	[]
James 3:9	[]
James 3:10	[]
James 3:11	[]
James 3:12	[]
James 3:13	[true]
James 3:14	[true,true]
James 3:15	[]
James 3:16	[]
James 3:17	[]
James 3:18	[]
James 4:1	[true,true]
James 4:2	[true,true,true,true,true,true]
James 4:3	[true,true,true,true,true]
James 4:4	[true,true]
James 4:5	[true]
James 4:6	[]
James 4:7	[true,true]
James 4:8	[true,true,true,true,true]
James 4:9	[true,true]
James 4:10	[true,true]
James 4:11	[false,false]
James 4:12	[false,false]
James 4:13	[false]
James 4:14	[true,true,true]
James 4:15	[true]
James 4:16	[true,true]
James 4:17	[]
James 5:1	[true,true]
James 5:2	[true,true]
James 5:3	[true,true,true,true]
James 5:4	[true,true,true]
James 5:5	[true,true,true]
James 5:6	[true,true]
James 5:7	[]
James 5:8	[true,true]
James 5:9	[true]
James 5:10	[]
James 5:11	[true]
James 5:12	[true,true,true]
James 5:13	[true]
James 5:14	[true]
James 5:15	[]
James 5:16	[true,true]
James 5:17	[]
James 5:18	[]
James 5:19	[true]
James 5:20	[]
1 Peter 1:1	[]
1 Peter 1:2	[true]
1 Peter 1:3	[]
1 Peter 1:4	[true]
1 Peter 1:5	[]
1 Peter 1:6	[true,true]
1 Peter 1:7	[true]
1 Peter 1:8	[true,true,true,true]
1 Peter 1:9	[true,true,true]
1 Peter 1:10	[true]
1 Peter 1:11	[]
1 Peter 1:12	[true,true]
1 Peter 1:13	[true,true,true]
1 Peter 1:14	[true]
1 Peter 1:15	[true,true]
1 Peter 1:16	[]
1 Peter 1:17	[true,true,true]
1 Peter 1:18	[true,true,true,true]
1 Peter 1:19	[]
1 Peter 1:20	[false]
1 Peter 1:21	[true,true]
1 Peter 1:22	[true,true,true,true]
1 Peter 1:23	[true]
1 Peter 1:24	[]
1 Peter 1:25	[true]
1 Peter 2:1	[true]
1 Peter 2:2	[true,true]
1 Peter 2:3	[true]
1 Peter 2:4	[true]
1 Peter 2:5	[false]
1 Peter 2:6	[]
1 Peter 2:7	[true]
1 Peter 2:8	[]
1 Peter 2:9	[true,true]
1 Peter 2:10	[true,true,true,true]
1 Peter 2:11	[false,false]
1 Peter 2:12	[true,true,true]
1 Peter 2:13	[true]
1 Peter 2:14	[]
1 Peter 2:15	[false]
1 Peter 2:16	[false]
1 Peter 2:17	[]
1 Peter 2:18	[true,true]
1 Peter 2:19	[]
1 Peter 2:20	[true,true,true,true,true]
1 Peter 2:21	[true,true,true,true]
1 Peter 2:22	[]
1 Peter 2:23	[]
1 Peter 2:24	[true]
1 Peter 2:25	[true,true,true]
1 Peter 3:1	[true,true]
1 Peter 3:2	[true]
1 Peter 3:3	[false]
1 Peter 3:4	[false]
1 Peter 3:5	[]
1 Peter 3:6	[true,true]
1 Peter 3:7	[true,true]
1 Peter 3:8	[true]
1 Peter 3:9	[true,true]
1 Peter 3:10	[]
1 Peter 3:11	[]
1 Peter 3:12	[]
1 Peter 3:13	[true,true]
1 Peter 3:14	[true,true]
1 Peter 3:15	[true,true,true]
1 Peter 3:16	[true,true]
1 Peter 3:17	[]
1 Peter 3:18	[true]
1 Peter 3:19	[]
1 Peter 3:20	[]
1 Peter 3:21	[true]
1 Peter 3:22	[]
1 Peter 4:1	[true]
1 Peter 4:2	[]
1 Peter 4:3	[false]
1 Peter 4:4	[true,true]
1 Peter 4:5	[]
1 Peter 4:6	[]
1 Peter 4:7	[true]
1 Peter 4:8	[]
1 Peter 4:9	[]
1 Peter 4:10	[false]
1 Peter 4:11	[]
1 Peter 4:12	[true,true]
1 Peter 4:13	[true,true]
1 Peter 4:14	[true,true,true]
1 Peter 4:15	[true]
1 Peter 4:16	[false,false]
1 Peter 4:17	[]
1 Peter 4:18	[]
1 Peter 4:19	[]
1 Peter 5:1	[true]
1 Peter 5:2	[true,true]
1 Peter 5:3	[true]
1 Peter 5:4	[true]
1 Peter 5:5	[true,true,true,true]
1 Peter 5:6	[true,true]
1 Peter 5:7	[true,true]
1 Peter 5:8	[true]
1 Peter 5:9	[true,true]
1 Peter 5:10	[true,true,true,true,true,true]
1 Peter 5:11	[]
1 Peter 5:12	[true,true]
1 Peter 5:13	[false,false]
1 Peter 5:14	[true]
2 Peter 1:1	[]
2 Peter 1:2	[true]
2 Peter 1:3	[]
2 Peter 1:4	[true,true]
2 Peter 1:5	[true]
2 Peter 1:6	[]
2 Peter 1:7	[]
2 Peter 1:8	[true,true,true]
2 Peter 1:9	[]
2 Peter 1:10	[true,true,true]
2 Peter 1:11	[true]
2 Peter 1:12	[true,true,true]
2 Peter 1:13	[true]
2 Peter 1:14	[]
2 Peter 1:15	[true]
2 Peter 1:16	[true]
2 Peter 1:17	[]
2 Peter 1:18	[]
2 Peter 1:19	[true,true]
2 Peter 1:20	[true]
2 Peter 1:21	[]
2 Peter 2:1	[true]
2 Peter 2:2	[]
2 Peter 2:3	[true]
2 Peter 2:4	[]
2 Peter 2:5	[]
2 Peter 2:6	[]
2 Peter 2:7	[]
2 Peter 2:8	[]
2 Peter 2:9	[]
2 Peter 2:10	[]
2 Peter 2:11	[]
2 Peter 2:12	[]
2 Peter 2:13	[true]
2 Peter 2:14	[]
2 Peter 2:15	[]
2 Peter 2:16	[]
2 Peter 2:17	[]
2 Peter 2:18	[]
2 Peter 2:19	[]
2 Peter 2:20	[]
2 Peter 2:21	[]
2 Peter 2:22	[]
2 Peter 3:1	[true,true]
2 Peter 3:2	[true]
2 Peter 3:3	[true]
2 Peter 3:4	[]
2 Peter 3:5	[]
2 Peter 3:6	[]
2 Peter 3:7	[]
2 Peter 3:8	[false]
2 Peter 3:9	[true]
2 Peter 3:10	[]
2 Peter 3:11	[true,true,true]
2 Peter 3:12	[true]
2 Peter 3:13	[]
2 Peter 3:14	[true]
2 Peter 3:15	[true]
2 Peter 3:16	[]
2 Peter 3:17	[true,true,true,true]
2 Peter 3:18	[]
1 John 1:1	[]
1 John 1:2	[true]
1 John 1:3	[true,true]
1 John 1:4	[]
1 John 1:5	[true]
1 John 1:6	[]
1 John 1:7	[]
1 John 1:8	[]
1 John 1:9	[]
1 John 1:10	[]
1 John 2:1	[true,true]
1 John 2:2	[]
1 John 2:3	[]
1 John 2:4	[]
1 John 2:5	[]
1 John 2:6	[]
1 John 2:7	[true,true,true]
1 John 2:8	[true,true]
1 John 2:9	[]
1 John 2:10	[]
1 John 2:11	[]
1 John 2:12	[true,true]
1 John 2:13	[true,true,true,true,true,true]
1 John 2:14	[true,true,true,true,true,true]
1 John 2:15	[]
1 John 2:16	[]
1 John 2:17	[]
1 John 2:18	[true]
1 John 2:19	[]
1 John 2:20	[true,true]
1 John 2:21	[true,true,true]
1 John 2:22	[]
1 John 2:23	[]
1 John 2:24	[true,true,true,true]
1 John 2:25	[]
1 John 2:26	[true,true]
1 John 2:27	[true,true,true,true,true,true,true]
1 John 2:28	[]
1 John 2:29	[true,true]
1 John 3:1	[]
1 John 3:2	[]
1 John 3:3	[]
1 John 3:4	[]
1 John 3:5	[true]
1 John 3:6	[]
1 John 3:7	[true]
1 John 3:8	[]
1 John 3:9	[]
1 John 3:10	[]
1 John 3:11	[true]
1 John 3:12	[]
1 John 3:13	[true]
1 John 3:14	[]
1 John 3:15	[true]
1 John 3:16	[]
1 John 3:17	[]
1 John 3:18	[]
1 John 3:19	[]
1 John 3:20	[]
1 John 3:21	[]
1 John 3:22	[]
1 John 3:23	[]
1 John 3:24	[]
1 John 4:1	[]
1 John 4:2	[true]
1 John 4:3	[true]
1 John 4:4	[true,true]
1 John 4:5	[]
1 John 4:6	[]
1 John 4:7	[]
1 John 4:8	[]
1 John 4:9	[]
1 John 4:10	[]
1 John 4:11	[]
1 John 4:12	[]
1 John 4:13	[]
1 John 4:14	[]
1 John 4:15	[]
1 John 4:16	[]
1 John 4:17	[]
1 John 4:18	[]
1 John 4:19	[]
1 John 4:20	[]
1 John 4:21	[]
1 John 5:1	[]
1 John 5:2	[]
1 John 5:3	[]
1 John 5:4	[]
1 John 5:5	[]
1 John 5:6	[]
1 John 5:7	[]
1 John 5:8	[]
1 John 5:9	[]
1 John 5:10	[]
1 John 5:11	[]
1 John 5:12	[]
1 John 5:13	[true,true,true]
1 John 5:14	[]
1 John 5:15	[]
1 John 5:16	[]
1 John 5:17	[]
1 John 5:18	[]
1 John 5:19	[]
1 John 5:20	[]
1 John 5:21	[false]
2 John 1:1	[]
2 John 1:2	[]
2 John 1:3	[]
2 John 1:4	[false]
2 John 1:5	[false,false]
2 John 1:6	[true,true]
2 John 1:7	[]
2 John 1:8	[true,true,true]
2 John 1:9	[]
2 John 1:10	[true,true]
2 John 1:11	[]
2 John 1:12	[true,true]
2 John 1:13	[false,false]
3 John 1:1	[]
3 John 1:2	[false,false]
3 John 1:3	[false,false]
3 John 1:4	[]
3 John 1:5	[false,false,false]
3 John 1:6	[false,false]
3 John 1:7	[]
3 John 1:8	[]
3 John 1:9	[]
3 John 1:10	[]
3 John 1:11	[]
3 John 1:12	[false]
3 John 1:13	[false]
3 John 1:14	[false,false,false,false]
Jude 1:1	[]
Jude 1:2	[true]
Jude 1:3	[true,true]
Jude 1:4	[false]
Jude 1:5	[true,true]
Jude 1:6	[]
Jude 1:7	[]
Jude 1:8	[]
Jude 1:9	[false]
Jude 1:10	[]
Jude 1:11	[]
Jude 1:12	[true,true]
Jude 1:13	[]
Jude 1:14	[]
Jude 1:15	[]
Jude 1:16	[]
Jude 1:17	[true]
Jude 1:18	[true]
Jude 1:19	[]
Jude 1:20	[true,true,true]
Jude 1:21	[true,true,true]
Jude 1:22	[]
Jude 1:23	[]
Jude 1:24	[true,true]
Jude 1:25	[]
Revelation 1:1	[]
Revelation 1:2	[]
Revelation 1:3	[]
Revelation 1:4	[true]
Revelation 1:5	[]
Revelation 1:6	[]
Revelation 1:7	[]
Revelation 1:8	[]
Revelation 1:9	[true]
Revelation 1:10	[]
Revelation 1:11	[false]
Revelation 1:12	[]
Revelation 1:13	[]
Revelation 1:14	[]
Revelation 1:15	[]
Revelation 1:16	[]
Revelation 1:17	[]
Revelation 1:18	[]
Revelation 1:19	[false]
Revelation 1:20	[false]
Revelation 2:1	[]
Revelation 2:2	[false,false,false,false,false]
Revelation 2:3	[false]
Revelation 2:4	[false,false,false]
Revelation 2:5	[false,false,false,false,false]
Revelation 2:6	[false,false,false]
Revelation 2:7	[]
Revelation 2:8	[]
Revelation 2:9	[false,false,false]
Revelation 2:10	[false,true,true,true,false]
Revelation 2:11	[]
Revelation 2:12	[]
Revelation 2:13	[false,false,false,true,true]
Revelation 2:14	[false,false]
Revelation 2:15	[false]
Revelation 2:16	[false]
Revelation 2:17	[]
Revelation 2:18	[]
Revelation 2:19	[false,false,false,false,false,false,false]
Revelation 2:20	[false,false]
Revelation 2:21	[]
Revelation 2:22	[]
Revelation 2:23	[true,true]
Revelation 2:24	[true,true]
Revelation 2:25	[true]
Revelation 2:26	[]
Revelation 2:27	[]
Revelation 2:28	[]
Revelation 2:29	[]
Revelation 3:1	[false,false,false]
Revelation 3:2	[false]
Revelation 3:3	[false,false,false,false]
Revelation 3:4	[false]
Revelation 3:5	[]
Revelation 3:6	[]
Revelation 3:7	[]
Revelation 3:8	[false,false,false,false]
Revelation 3:9	[false,false]
Revelation 3:10	[false,false]
Revelation 3:11	[false,false]
Revelation 3:12	[]
Revelation 3:13	[]
Revelation 3:14	[]
Revelation 3:15	[false,false,false]
Revelation 3:16	[false,false]
Revelation 3:17	[false,false,false]
Revelation 3:18	[false,false,false,false,false,false]
Revelation 3:19	[]
Revelation 3:20	[]
Revelation 3:21	[]
Revelation 3:22	[]
Revelation 4:1	[false]
Revelation 4:2	[]
Revelation 4:3	[]
Revelation 4:4	[]
Revelation 4:5	[]
Revelation 4:6	[]
Revelation 4:7	[]
Revelation 4:8	[]
Revelation 4:9	[]
Revelation 4:10	[]
Revelation 4:11	[false,false,false]
Revelation 5:1	[]
Revelation 5:2	[]
Revelation 5:3	[]
Revelation 5:4	[]
Revelation 5:5	[]
Revelation 5:6	[]
Revelation 5:7	[]
Revelation 5:8	[]
Revelation 5:9	[false,false,false,false]
Revelation 5:10	[false]
Revelation 5:11	[]
Revelation 5:12	[]
Revelation 5:13	[]
Revelation 5:14	[]
Revelation 6:1	[]
Revelation 6:2	[]
Revelation 6:3	[]
Revelation 6:4	[]
Revelation 6:5	[]
Revelation 6:6	[]
Revelation 6:7	[]
Revelation 6:8	[]
Revelation 6:9	[]
Revelation 6:10	[false]
Revelation 6:11	[]
Revelation 6:12	[]
Revelation 6:13	[]
Revelation 6:14	[]
Revelation 6:15	[]
Revelation 6:16	[]
Revelation 6:17	[]
Revelation 7:1	[]
Revelation 7:2	[]
Revelation 7:3	[]
Revelation 7:4	[]
Revelation 7:5	[]
Revelation 7:6	[]
Revelation 7:7	[]
Revelation 7:8	[]
Revelation 7:9	[]
Revelation 7:10	[]
Revelation 7:11	[]
Revelation 7:12	[]
Revelation 7:13	[]
Revelation 7:14	[false]
Revelation 7:15	[]
Revelation 7:16	[]
Revelation 7:17	[]
Revelation 8:1	[]
Revelation 8:2	[]
Revelation 8:3	[]
Revelation 8:4	[]
Revelation 8:5	[]
Revelation 8:6	[]
Revelation 8:7	[]
Revelation 8:8	[]
Revelation 8:9	[]
Revelation 8:10	[]
Revelation 8:11	[]
Revelation 8:12	[]
Revelation 8:13	[]
Revelation 9:1	[]
Revelation 9:2	[]
Revelation 9:3	[]
Revelation 9:4	[]
Revelation 9:5	[]
Revelation 9:6	[]
Revelation 9:7	[]
Revelation 9:8	[]
Revelation 9:9	[]
Revelation 9:10	[]
Revelation 9:11	[]
Revelation 9:12	[]
Revelation 9:13	[]
Revelation 9:14	[]
Revelation 9:15	[]
Revelation 9:16	[]
Revelation 9:17	[]
Revelation 9:18	[]
Revelation 9:19	[]
Revelation 9:20	[]
Revelation 9:21	[]
Revelation 10:1	[]
Revelation 10:2	[]
Revelation 10:3	[]
Revelation 10:4	[]
Revelation 10:5	[]
Revelation 10:6	[]
Revelation 10:7	[]
Revelation 10:8	[]
Revelation 10:9	[false,false]
Revelation 10:10	[]
Revelation 10:11	[false]
Revelation 11:1	[]
Revelation 11:2	[]
Revelation 11:3	[]
Revelation 11:4	[]
Revelation 11:5	[]
Revelation 11:6	[]
Revelation 11:7	[]
Revelation 11:8	[]
Revelation 11:9	[]
Revelation 11:10	[]
Revelation 11:11	[]
Revelation 11:12	[]
Revelation 11:13	[]
Revelation 11:14	[]
Revelation 11:15	[]
Revelation 11:16	[]
Revelation 11:17	[false,false,false]
Revelation 11:18	[false,false,false]
Revelation 11:19	[]
Revelation 12:1	[]
Revelation 12:2	[]
Revelation 12:3	[]
Revelation 12:4	[]
Revelation 12:5	[]
Revelation 12:6	[]
Revelation 12:7	[]
Revelation 12:8	[]
Revelation 12:9	[]
Revelation 12:10	[]
Revelation 12:11	[]
Revelation 12:12	[true,true]
Revelation 12:13	[]
Revelation 12:14	[]
Revelation 12:15	[]
Revelation 12:16	[]
Revelation 12:17	[]
Revelation 13:1	[]
Revelation 13:2	[]
Revelation 13:3	[]
Revelation 13:4	[]
Revelation 13:5	[]
Revelation 13:6	[]
Revelation 13:7	[]
Revelation 13:8	[]
Revelation 13:9	[]
Revelation 13:10	[]
Revelation 13:11	[]
Revelation 13:12	[]
Revelation 13:13	[]
Revelation 13:14	[]
Revelation 13:15	[]
Revelation 13:16	[]
Revelation 13:17	[]
Revelation 13:18	[]
Revelation 14:1	[]
Revelation 14:2	[]
Revelation 14:3	[]
Revelation 14:4	[]
Revelation 14:5	[]
Revelation 14:6	[]
Revelation 14:7	[]
Revelation 14:8	[]
Revelation 14:9	[]
Revelation 14:10	[]
Revelation 14:11	[]
Revelation 14:12	[]
Revelation 14:13	[]
Revelation 14:14	[]
Revelation 14:15	[false]
Revelation 14:16	[]
Revelation 14:17	[]
Revelation 14:18	[false]
Revelation 14:19	[]
Revelation 14:20	[]
Revelation 15:1	[]
Revelation 15:2	[]
Revelation 15:3	[false,false]
Revelation 15:4	[false,false,false,false,false]
Revelation 15:5	[]
Revelation 15:6	[]
Revelation 15:7	[]
Revelation 15:8	[]
Revelation 16:1	[]
Revelation 16:2	[]
Revelation 16:3	[]
Revelation 16:4	[]
Revelation 16:5	[false,false]
Revelation 16:6	[false]
Revelation 16:7	[false]
Revelation 16:8	[]
Revelation 16:9	[]
Revelation 16:10	[]
Revelation 16:11	[]
Revelation 16:12	[]
Revelation 16:13	[]
Revelation 16:14	[]
Revelation 16:15	[]
Revelation 16:16	[]
Revelation 16:17	[]
Revelation 16:18	[]
Revelation 16:19	[]
Revelation 16:20	[]
Revelation 16:21	[]
Revelation 17:1	[false]
Revelation 17:2	[]
Revelation 17:3	[]
Revelation 17:4	[]
Revelation 17:5	[]
Revelation 17:6	[]
Revelation 17:7	[false,false]
Revelation 17:8	[false]
Revelation 17:9	[]
Revelation 17:10	[]
Revelation 17:11	[]
Revelation 17:12	[false]
Revelation 17:13	[]
Revelation 17:14	[]
Revelation 17:15	[false]
Revelation 17:16	[false]
Revelation 17:17	[]
Revelation 17:18	[false]
Revelation 18:1	[]
Revelation 18:2	[]
Revelation 18:3	[]
Revelation 18:4	[true]
Revelation 18:5	[]
Revelation 18:6	[]
Revelation 18:7	[]
Revelation 18:8	[]
Revelation 18:9	[]
Revelation 18:10	[false]
Revelation 18:11	[]
Revelation 18:12	[]
Revelation 18:13	[]
Revelation 18:14	[false,false,false]
Revelation 18:15	[]
Revelation 18:16	[]
Revelation 18:17	[]
Revelation 18:18	[]
Revelation 18:19	[]
Revelation 18:20	[true,true]
Revelation 18:21	[]
Revelation 18:22	[false,false,false]
Revelation 18:23	[false,false,false,false]
Revelation 18:24	[]
Revelation 19:1	[]
Revelation 19:2	[]
Revelation 19:3	[]
Revelation 19:4	[]
Revelation 19:5	[true]
Revelation 19:6	[]
Revelation 19:7	[]
Revelation 19:8	[]
Revelation 19:9	[]
Revelation 19:10	[false,false]
Revelation 19:11	[]
Revelation 19:12	[]
Revelation 19:13	[]
Revelation 19:14	[]
Revelation 19:15	[]
Revelation 19:16	[]
Revelation 19:17	[]
Revelation 19:18	[true]
Revelation 19:19	[]
Revelation 19:20	[]
Revelation 19:21	[]
Revelation 20:1	[]
Revelation 20:2	[]
Revelation 20:3	[]
Revelation 20:4	[]
Revelation 20:5	[]
Revelation 20:6	[]
Revelation 20:7	[]
Revelation 20:8	[]
Revelation 20:9	[]
Revelation 20:10	[]
Revelation 20:11	[]
Revelation 20:12	[]
Revelation 20:13	[]
Revelation 20:14	[]
Revelation 20:15	[]
Revelation 21:1	[]
Revelation 21:2	[]
Revelation 21:3	[]
Revelation 21:4	[]
Revelation 21:5	[]
Revelation 21:6	[]
Revelation 21:7	[]
Revelation 21:8	[]
Revelation 21:9	[false]
Revelation 21:10	[]
Revelation 21:11	[]
Revelation 21:12	[]
Revelation 21:13	[]
Revelation 21:14	[]
Revelation 21:15	[]
Revelation 21:16	[]
Revelation 21:17	[]
Revelation 21:18	[]
Revelation 21:19	[]
Revelation 21:20	[]
Revelation 21:21	[]
Revelation 21:22	[]
Revelation 21:23	[]
Revelation 21:24	[]
Revelation 21:25	[]
Revelation 21:26	[]
Revelation 21:27	[]
Revelation 22:1	[]
Revelation 22:2	[]
Revelation 22:3	[]
Revelation 22:4	[]
Revelation 22:5	[]
Revelation 22:6	[]
Revelation 22:7	[]
Revelation 22:8	[]
Revelation 22:9	[false,false]
Revelation 22:10	[]
Revelation 22:11	[]
Revelation 22:12	[]
Revelation 22:13	[]
Revelation 22:14	[]
Revelation 22:15	[]
Revelation 22:16	[false]
Revelation 22:17	[]
Revelation 22:18	[]
Revelation 22:19	[]
Revelation 22:20	[]
Revelation 22:21	[]
